policy,request_id,arrival_ms,first_start_ms,completion_ms,latency_ms,canvas
arrival_dense,0,0.0,0.0,3291.245305998018,3291.245305998018,32
arrival_dense,1,34736.47349034643,34736.47349034643,38027.718796344445,3291.245305998018,32
arrival_dense,2,60823.09102439992,60823.09102439992,64114.336330397935,3291.245305998018,32
arrival_dense,3,79707.7156812573,79707.7156812573,83135.42740928625,3427.711728028953,32
arrival_dense,4,81526.6654864098,81539.36524285619,84967.07697088514,3440.4114844753494,32
arrival_dense,5,88175.00606283615,88175.00606283615,93961.03549885051,5786.02943601436,32
arrival_dense,6,90579.77642216215,90607.66563683469,106410.3386826046,15830.562260442457,256
arrival_dense,7,95705.38591705072,95771.32756376127,108995.42424043652,13290.038323385801,32
arrival_dense,8,96309.63345966798,96330.2225407639,109151.90092341986,12842.26746375188,32
arrival_dense,9,101073.44257280664,101192.60884068685,109981.86713101936,8908.424558212719,32
arrival_dense,10,143278.53841191067,143278.53841191067,146588.5144032855,3309.975991374813,32
arrival_dense,11,146360.14928751826,146369.4470471088,149679.42303848363,3319.273750965367,32
arrival_dense,12,161688.18714353463,161688.18714353463,164979.43244953264,3291.245305998018,32
arrival_dense,13,167758.03551706072,167758.03551706072,171049.28082305874,3291.245305998018,32
arrival_dense,14,173257.2953825069,173257.2953825069,176548.54068850493,3291.245305998018,32
arrival_dense,15,204796.9911724894,204796.9911724894,208088.2364784874,3291.245305998018,32
arrival_dense,16,258663.42796072765,258663.42796072765,261954.67326672567,3291.245305998018,32
arrival_dense,17,266777.51854578406,266777.51854578406,270068.7638517821,3291.245305998018,32
arrival_dense,18,279450.4889641416,279450.4889641416,294713.62778991973,15263.138825778151,256
arrival_dense,19,281132.2713347837,281188.3693464559,297396.3236795324,16264.052344748692,32
arrival_dense,20,284652.09996031364,284653.51820387226,299641.0858400217,14988.985879708081,256
arrival_dense,21,319296.4642252935,319296.4642252935,322587.7095312915,3291.245305998018,32
arrival_dense,22,327951.97203770984,327951.97203770984,331243.21734370786,3291.245305998018,32
arrival_dense,23,335765.09593363584,335765.09593363584,339056.34123963385,3291.245305998018,32
arrival_dense,24,349547.3880691405,349547.3880691405,363612.57266057166,14065.18459143117,256
arrival_dense,25,350136.03081515414,350199.09321250836,363894.2306899417,13758.199874787533,32
arrival_dense,26,358911.00101145345,358917.8548537495,366145.2842785171,7234.283267063671,32
arrival_dense,27,365899.6435893103,365926.21692234045,369236.19291371526,3336.549324404972,32
arrival_dense,28,385053.8336801934,385053.8336801934,396963.60264395573,11909.768963762326,256
arrival_dense,29,386766.8513981961,386791.71406250773,397650.4712295553,10883.619831359247,32
arrival_dense,30,419152.25634998974,419152.25634998974,437219.55359110475,18067.29724111501,256
arrival_dense,31,419987.2840914844,420021.1965411469,439231.57550831424,19244.29141682986,32
arrival_dense,32,422043.0830959467,422144.9974537569,441355.37642092427,19312.293324977567,32
arrival_dense,33,431082.6320782008,431199.09608119965,447998.639147668,16916.00706946716,256
arrival_dense,34,442328.47529520537,442369.1399772743,460573.7761302273,18245.300835021946,32
arrival_dense,35,445009.935396144,445051.83586688695,463256.47201984,18246.53662369598,32
arrival_dense,36,446286.98071637086,446393.1838116933,463835.7654806114,17548.784764240554,256
arrival_dense,37,468385.8834854212,468385.8834854212,473007.6803274279,4621.796842006734,32
arrival_dense,38,471212.36907456507,471219.2164010195,480176.4369044745,8964.067829909443,256
arrival_dense,39,480239.1854835989,480239.1854835989,483530.4307895969,3291.245305998018,32
arrival_dense,40,489898.7629334494,489898.7629334494,493190.00823944743,3291.245305998018,32
arrival_dense,41,495332.68008042214,495332.68008042214,498623.92538642016,3291.245305998018,32
arrival_dense,42,504095.505707611,504095.505707611,507386.751013609,3291.245305998018,32
arrival_dense,43,511493.339395802,511493.339395802,514784.5847018,3291.245305998018,32
arrival_dense,44,538781.9301744516,538781.9301744516,542166.8289073335,3384.898732881993,32
arrival_dense,45,541066.7479102754,541071.4921264502,544456.3908593322,3389.6429490568116,32
arrival_dense,46,553661.3141489562,553661.3141489562,557003.3998866912,3342.085737735033,32
arrival_dense,47,556388.4074389797,556408.7884913546,559750.8742290896,3362.466790109873,32
arrival_dense,48,561426.6732949361,561426.6732949361,564717.9186009341,3291.245305998018,32
arrival_dense,49,572564.6500360131,572564.6500360131,575855.8953420111,3291.245305998018,32
arrival_dense,50,576131.3577583269,576131.3577583269,579422.6030643249,3291.245305998018,32
arrival_dense,51,579931.9222963081,579931.9222963081,583223.1676023061,3291.245305998018,32
arrival_dense,52,593869.725101161,593869.725101161,606323.3572793157,12453.632178154658,32
arrival_dense,53,594622.8148032584,594642.4522599606,609341.39015513,14718.57535187155,256
arrival_dense,54,600752.9769117254,600790.2970069896,610915.463997129,10162.487085403642,32
arrival_dense,55,665476.6721876753,665476.6721876753,668767.9174936733,3291.245305998018,32
arrival_dense,56,720935.3555276047,720935.3555276047,724634.840715914,3699.485188309336,32
arrival_dense,57,721696.1855827032,721708.0826864042,725479.8148040241,3783.629221320851,32
arrival_dense,58,724093.4168463878,724117.8236043476,727729.0069901664,3635.590143778594,32
arrival_dense,59,727174.9917471996,727196.986268023,730533.7203813647,3358.7286341651343,32
arrival_dense,60,754244.4066057976,754244.4066057976,762571.750104387,8327.343498589471,256
arrival_dense,61,775519.3169975642,775519.3169975642,778810.5623035622,3291.245305998018,32
arrival_dense,62,796661.323398825,796661.323398825,799952.568704823,3291.245305998018,32
arrival_dense,63,801274.1742828253,801274.1742828253,809139.1904938533,7865.016211027978,32
arrival_dense,64,802990.9206405571,802991.3457468243,813483.8914496391,10492.970809082035,256
arrival_dense,65,820933.2431593114,820933.2431593114,829260.5866579008,8327.343498589471,256
arrival_dense,66,833091.6704013709,833091.6704013709,836382.9157073689,3291.245305998018,32
arrival_dense,67,842550.8682346452,842550.8682346452,845842.1135406432,3291.245305998018,32
arrival_dense,68,886159.8336968167,886159.8336968167,889451.0790028147,3291.245305998018,32
arrival_dense,69,896772.3143002565,896772.3143002565,900363.2505722833,3590.936272026738,32
arrival_dense,70,896850.8529821687,896858.1728734565,900449.1091454832,3598.256163314567,32
arrival_dense,71,913839.2363067155,913839.2363067155,924725.4551375713,10886.218830855796,256
arrival_dense,72,917397.1147134559,917459.820436537,928346.0392673928,10948.92455393693,256
arrival_dense,73,928285.3794259137,928346.0392673928,931637.2845733908,3351.9051474771695,32
arrival_dense,74,956242.7253864342,956242.7253864342,963708.793215752,7466.0678293177625,32
arrival_dense,75,957684.7912538508,957702.3211308334,973454.0879034302,15769.296649579424,32
arrival_dense,76,958911.3125006087,958922.8392581034,981431.3874285691,22520.074927960406,256
arrival_dense,77,960043.4023756649,960096.5187098089,981870.0686141406,21826.666238475707,32
arrival_dense,78,968100.3736231301,968235.8425294734,983985.1386160031,15884.764992872952,32
arrival_dense,79,971279.7002114616,971446.7532014227,984485.8640015498,13206.163790088147,32
arrival_dense,80,980564.0881035745,980678.6369153163,985745.123075149,5181.034971574554,32
arrival_dense,81,993208.8274024237,993208.8274024237,996593.7261353057,3384.898732881993,32
arrival_dense,82,995485.3307226298,995498.3893544223,998883.2880873043,3397.957364674541,32
arrival_dense,83,1005543.0539017819,1005543.0539017819,1017375.5178946696,11832.463992887642,256
arrival_dense,84,1008608.0867788589,1008656.7562534284,1018721.2173683263,10113.130589467357,32
arrival_dense,85,1015312.7864545712,1015363.49597746,1020438.3888323252,5125.602377754054,32
arrival_dense,86,1038887.0533197422,1038887.0533197422,1047214.3968183317,8327.343498589471,256
arrival_dense,87,1057601.8169837438,1057601.8169837438,1061109.8030776733,3507.986093929503,32
arrival_dense,88,1058570.2136172657,1058574.8808133432,1062082.8669072727,3512.6532900070306,32
arrival_dense,89,1064079.3274513448,1064079.3274513448,1067373.2485695395,3293.921118194703,32
arrival_dense,90,1067318.3660924465,1067341.9532329428,1070940.9169415596,3622.5508491131477,32
arrival_dense,91,1067353.885991863,1067373.2485695395,1070969.5364659596,3615.6504740966484,32
arrival_dense,92,1082099.4263472606,1082099.4263472606,1090426.76984585,8327.343498589471,256
arrival_dense,93,1092236.074623934,1092236.074623934,1095548.7264275055,3312.651803571498,32
arrival_dense,94,1095273.5829860473,1095298.3637347321,1098611.0155383036,3337.4325522563886,32
arrival_dense,95,1108791.774515666,1108791.774515666,1112083.019821664,3291.245305998018,32
arrival_dense,96,1116814.2640674384,1116814.2640674384,1129633.6361977668,12819.372130328324,256
arrival_dense,97,1122394.9549964515,1122462.37530996,1142711.7786596376,20316.82366318605,32
arrival_dense,98,1122492.1225438376,1122574.1543053605,1142823.557655038,20331.435111200437,256
arrival_dense,99,1123274.3746312282,1123412.4967708648,1143185.6160680202,19911.241436792072,256
arrival_dense,100,1144739.2856545735,1144739.2856545735,1148030.5309605715,3291.245305998018,32
arrival_dense,101,1168165.9188338572,1168165.9188338572,1171457.1641398552,3291.245305998018,32
arrival_dense,102,1176053.4792460282,1176053.4792460282,1179344.7245520263,3291.245305998018,32
arrival_dense,103,1194047.0631193244,1194047.0631193244,1197338.3084253224,3291.245305998018,32
arrival_dense,104,1202781.999606342,1202781.999606342,1206464.035304752,3682.0356984098908,32
arrival_dense,105,1204384.7879580308,1204413.312497141,1208247.869490762,3863.0815327311866,32
arrival_dense,106,1205748.0898057455,1205759.0119707978,1209481.184852158,3733.0950464124326,32
arrival_dense,107,1209433.5171169634,1209449.8895155613,1212743.810633756,3310.29351679259,32
arrival_dense,108,1232358.0321085458,1232358.0321085458,1235649.2774145438,3291.245305998018,32
arrival_dense,109,1248260.3820954964,1248260.3820954964,1256587.7255940859,8327.343498589471,256
arrival_dense,110,1267971.821434591,1267971.821434591,1276299.1649331804,8327.343498589471,256
arrival_dense,111,1290890.7101084343,1290890.7101084343,1294267.5814047263,3376.871296291938,32
arrival_dense,112,1293248.9023303243,1293266.130633633,1296691.1665494652,3442.2642191408668,32
arrival_dense,113,1296119.4548760615,1296127.8504907251,1306036.8586253065,9917.403749244986,32
arrival_dense,114,1297204.1485481882,1297206.3179886648,1308643.679198778,11439.530650589848,256
arrival_dense,115,1312350.7109922927,1312350.7109922927,1320678.0544908822,8327.343498589471,256
arrival_dense,116,1333903.9808124795,1333903.9808124795,1337195.2261184775,3291.245305998018,32
arrival_dense,117,1339119.0957919685,1339119.0957919685,1342410.3410979665,3291.245305998018,32
arrival_dense,118,1348812.3593862592,1348812.3593862592,1352253.4501752716,3441.090789012378,32
arrival_dense,119,1350491.2613621762,1350500.9113258582,1353942.0021148706,3450.74075269443,32
arrival_dense,120,1377066.878403297,1377066.878403297,1385394.2219018864,8327.343498589471,256
arrival_dense,121,1397062.5182928997,1397062.5182928997,1400353.7635988977,3291.245305998018,32
arrival_dense,122,1434445.7504422155,1434445.7504422155,1442773.093940805,8327.343498589471,256
arrival_dense,123,1451093.762059819,1451093.762059819,1454385.007365817,3291.245305998018,32
arrival_dense,124,1472415.1164064722,1472415.1164064722,1475989.9978053188,3574.881398846628,32
arrival_dense,125,1472666.1035663206,1472672.692126072,1476247.5735249186,3581.469958598027,32
arrival_dense,126,1486005.5697216284,1486005.5697216284,1489296.8150276265,3291.245305998018,32
arrival_dense,127,1490043.017627857,1490043.017627857,1498370.3611264464,8327.343498589471,256
arrival_dense,128,1516752.857726711,1516752.857726711,1525080.2012253006,8327.343498589471,256
arrival_dense,129,1532959.622970688,1532959.622970688,1541286.9664692774,8327.343498589471,256
arrival_dense,130,1552915.3359805157,1552915.3359805157,1556206.5812865137,3291.245305998018,32
arrival_dense,131,1569562.1637349091,1569562.1637349091,1573352.3658669104,3790.2021320012864,32
arrival_dense,132,1572665.6092376432,1572681.6918945073,1581245.2392699213,8579.630032278132,256
arrival_dense,133,1588147.8384344038,1588147.8384344038,1600372.5459005989,12224.707466195105,256
arrival_dense,134,1589291.8020007694,1589306.4253559466,1600830.4582909986,11538.656290229177,32
arrival_dense,135,1609862.0905622477,1609862.0905622477,1613153.3358682457,3291.245305998018,32
arrival_dense,136,1629423.2385542777,1629423.2385542777,1634959.7895772904,5536.551023012726,32
arrival_dense,137,1631939.1024324503,1631941.7567014762,1641332.0176457763,9392.915213325992,256
arrival_dense,138,1648899.22931249,1648899.22931249,1658368.2248823983,9468.995569908293,256
arrival_dense,139,1655066.707741004,1655126.634015783,1661027.5140833515,5960.806342347525,32
arrival_dense,140,1658707.8887449943,1658711.659175198,1662200.9145837508,3493.025838756468,32
arrival_dense,141,1674572.2095788424,1674572.2095788424,1680378.0717337164,5805.862154874019,32
arrival_dense,142,1677154.6784402947,1677176.5862992408,1698012.871126406,20858.1926861112,32
arrival_dense,143,1677394.1677878576,1677395.6536554175,1699186.5505781122,21792.38279025466,256
arrival_dense,144,1679540.0923059538,1679575.344065729,1699593.389953869,20053.297647915082,32
arrival_dense,145,1683518.960533793,1683563.7731026337,1700251.6390150685,16732.67848127545,32
arrival_dense,146,1703495.9498188305,1703495.9498188305,1706787.1951248285,3291.245305998018,32
arrival_dense,147,1737574.87849822,1737574.87849822,1740866.123804218,3291.245305998018,32
arrival_dense,148,1740847.7736677232,1740866.123804218,1744157.369110216,3309.5954424927477,32
arrival_dense,149,1751105.5304867912,1751105.5304867912,1754396.7757927892,3291.245305998018,32
arrival_dense,150,1756208.427899892,1756208.427899892,1764535.7713984814,8327.343498589471,256
arrival_dense,151,1795920.6856095823,1795920.6856095823,1799211.9309155804,3291.245305998018,32
arrival_dense,152,1803604.0433651945,1803604.0433651945,1806895.2886711925,3291.245305998018,32
arrival_dense,153,1831611.808737847,1831611.808737847,1835095.7125220064,3483.903784159338,32
arrival_dense,154,1832837.347426221,1832842.4482870463,1836326.3520712056,3489.0046449846122,32
arrival_dense,155,1868037.3630313012,1868037.3630313012,1871451.6956983467,3414.332667045528,32
arrival_dense,156,1870004.4219968275,1870012.1102149,1873426.4428819455,3422.0208851180505,32
arrival_dense,157,1902847.7205161103,1902847.7205161103,1906157.6965074851,3309.975991374813,32
arrival_dense,158,1905932.9153959895,1905938.6291513084,1909449.2910574346,3516.375661445083,32
arrival_dense,159,1907080.3207397645,1907102.1408126845,1910594.072033434,3513.7512936694548,32
arrival_dense,160,1912781.898109996,1912781.898109996,1916073.143415994,3291.245305998018,32
arrival_dense,161,1925821.4893363707,1925821.4893363707,1929112.7346423687,3291.245305998018,32
arrival_dense,162,1929585.5630801998,1929585.5630801998,1932876.8083861978,3291.245305998018,32
arrival_dense,163,1938904.9090278202,1938904.9090278202,1947862.1295312752,8957.220503455028,256
arrival_dense,164,1946067.492194482,1946073.6656048668,1957235.4556253513,11167.963430869393,256
arrival_dense,165,1950932.0005892217,1950975.8318829217,1958924.0075649503,7992.006975728553,32
arrival_dense,166,1959526.0974034057,1959526.0974034057,1962849.452455764,3323.355052358238,32
arrival_dense,167,1962466.0839531296,1962473.908416604,1965797.2634689622,3331.1795158325695,32
arrival_dense,168,1974803.0282296573,1974803.0282296573,1978399.3161260774,3596.287896420108,32
arrival_dense,169,1974819.9553301001,1974831.6477540573,1978427.9356504774,3607.9803203772753,32
arrival_dense,170,2000799.6112879561,2000799.6112879561,2009441.8932889784,8642.28200102225,256
arrival_dense,171,2008531.3034427715,2008547.6613257742,2012504.1823997765,3972.878957004985,32
arrival_dense,172,2021240.6237201493,2021240.6237201493,2024531.8690261473,3291.245305998018,32
arrival_dense,173,2034786.645880473,2034786.645880473,2043113.9893790626,8327.343498589471,256
arrival_dense,174,2045892.335874352,2045892.335874352,2058781.8070352715,12889.471160919638,256
arrival_dense,175,2050421.3858979316,2050454.271877927,2060753.4132408616,10332.02734292997,32
arrival_dense,176,2051146.8112294525,2051236.7248457307,2060953.7499116615,9806.938682209002,32
arrival_dense,177,2062060.3288785575,2062060.3288785575,2065351.5741845556,3291.245305998018,32
arrival_dense,178,2066068.0906028878,2066068.0906028878,2069359.3359088858,3291.245305998018,32
arrival_dense,179,2069835.6375271755,2069835.6375271755,2073126.8828331735,3291.245305998018,32
arrival_dense,180,2088675.3903897419,2088675.3903897419,2091966.6356957399,3291.245305998018,32
arrival_dense,181,2101396.274675879,2101396.274675879,2104687.519981851,3291.245305971708,32
arrival_dense,182,2104967.6290069446,2104967.6290069446,2116669.3451753873,11701.716168442741,256
arrival_dense,183,2108667.903976731,2108733.036501959,2118296.702678414,9628.79870168306,32
arrival_dense,184,2113917.029591075,2113986.649285773,2119695.3365691407,5778.3069780655205,32
arrival_dense,185,2119065.372519582,2119069.4298372073,2122414.191387117,3348.8188675348647,32
arrival_dense,186,2122570.245255408,2122570.245255408,2137303.657175097,14733.411919689272,256
arrival_dense,187,2123931.7396976976,2123946.06722474,2137898.268570434,13966.528872736264,32
arrival_dense,188,2129386.7098244787,2129423.2379993545,2139300.625266022,9913.91544154333,32
arrival_dense,189,2157581.6132155275,2157581.6132155275,2160872.8585214987,3291.2453059712425,32
arrival_dense,190,2168892.491127931,2168892.491127931,2172183.7364339028,3291.245305971708,32
arrival_dense,191,2192202.907367985,2192202.907367985,2195494.152673957,3291.245305971708,32
arrival_dense,192,2201761.4102069894,2201761.4102069894,2205052.6555129606,3291.2453059712425,32
arrival_dense,193,2205341.738498117,2205341.738498117,2214145.3660492287,8803.627551111858,256
arrival_dense,194,2213281.0804961673,2213307.023583724,2233555.50251724,20274.422021072824,32
arrival_dense,195,2213285.1407172983,2213307.023583724,2233555.50251724,20270.361799941864,256
arrival_dense,196,2216666.669234102,2216716.282943436,2238250.2203240655,21583.55108996341,32
arrival_dense,197,2222285.8963272595,2222417.011708867,2242274.264158478,19988.367831218522,32
arrival_dense,198,2230960.5396583877,2231046.334139731,2247080.7609606907,16120.22130230302,256
arrival_dense,199,2241594.119269841,2241603.5901860744,2252004.755377248,10410.636107407045,256
exact_bucket,0,0.0,0.0,3291.245305998018,3291.245305998018,32
exact_bucket,1,34736.47349034643,34736.47349034643,38027.718796344445,3291.245305998018,32
exact_bucket,2,60823.09102439992,60823.09102439992,64114.336330397935,3291.245305998018,32
exact_bucket,3,79707.7156812573,79707.7156812573,83135.42740928625,3427.711728028953,32
exact_bucket,4,81526.6654864098,81539.36524285619,84967.07697088514,3440.4114844753494,32
exact_bucket,5,88175.00606283615,88175.00606283615,91466.25136883417,3291.245305998018,32
exact_bucket,6,90579.77642216215,91466.25136883417,99793.59486742364,9213.818445261495,256
exact_bucket,7,95705.38591705072,99793.59486742364,104554.81878206087,8849.432865010152,32
exact_bucket,8,96309.63345966798,99793.59486742364,104554.81878206087,8245.185322392892,32
exact_bucket,9,101073.44257280664,101076.70366788702,105728.21928246017,4654.776709653524,32
exact_bucket,10,143278.53841191067,143278.53841191067,146588.5144032855,3309.975991374813,32
exact_bucket,11,146360.14928751826,146369.4470471088,149679.42303848363,3319.273750965367,32
exact_bucket,12,161688.18714353463,161688.18714353463,164979.43244953264,3291.245305998018,32
exact_bucket,13,167758.03551706072,167758.03551706072,171049.28082305874,3291.245305998018,32
exact_bucket,14,173257.2953825069,173257.2953825069,176548.54068850493,3291.245305998018,32
exact_bucket,15,204796.9911724894,204796.9911724894,208088.2364784874,3291.245305998018,32
exact_bucket,16,258663.42796072765,258663.42796072765,261954.67326672567,3291.245305998018,32
exact_bucket,17,266777.51854578406,266777.51854578406,270068.7638517821,3291.245305998018,32
exact_bucket,18,279450.4889641416,279450.4889641416,289470.62691330723,10020.137949165655,256
exact_bucket,19,281132.2713347837,289470.62691330723,292761.87221930525,11629.600884521555,32
exact_bucket,20,284652.09996031364,284664.13011108455,297975.5133662482,13323.413405934582,256
exact_bucket,21,319296.4642252935,319296.4642252935,322587.7095312915,3291.245305998018,32
exact_bucket,22,327951.97203770984,327951.97203770984,331243.21734370786,3291.245305998018,32
exact_bucket,23,335765.09593363584,335765.09593363584,339056.34123963385,3291.245305998018,32
exact_bucket,24,349547.3880691405,349547.3880691405,357874.73156772996,8327.343498589471,256
exact_bucket,25,350136.03081515414,357874.73156772996,361374.6902250694,11238.659409915272,32
exact_bucket,26,358911.00101145345,358933.6539705293,362433.6126278688,3522.611616415321,32
exact_bucket,27,365899.6435893103,365899.6435893103,369190.8888953083,3291.245305998018,32
exact_bucket,28,385053.8336801934,385053.8336801934,393381.1771787829,8327.343498589471,256
exact_bucket,29,386766.8513981961,393381.1771787829,396672.4224847809,9905.571086584823,32
exact_bucket,30,419152.25634998974,419152.25634998974,427479.5998485792,8327.343498589471,256
exact_bucket,31,419987.2840914844,427479.5998485792,431078.563557196,11091.279465711617,32
exact_bucket,32,422043.0830959467,427479.5998485792,431078.563557196,9035.480461249303,32
exact_bucket,33,431082.6320782008,431082.6320782008,439409.9755767903,8327.343498589471,256
exact_bucket,34,442328.47529520537,442328.47529520537,445675.91265733377,3347.437362128403,32
exact_bucket,35,445009.935396144,445018.71058880375,448366.14795093215,3356.2125547881587,32
exact_bucket,36,446286.98071637086,448366.14795093215,456693.4914495216,10406.51073315076,256
exact_bucket,37,468385.8834854212,468385.8834854212,471677.1287914192,3291.245305998018,32
exact_bucket,38,471212.36907456507,471677.1287914192,480004.4722900087,8792.10321544361,256
exact_bucket,39,480239.1854835989,480239.1854835989,483530.4307895969,3291.245305998018,32
exact_bucket,40,489898.7629334494,489898.7629334494,493190.00823944743,3291.245305998018,32
exact_bucket,41,495332.68008042214,495332.68008042214,498623.92538642016,3291.245305998018,32
exact_bucket,42,504095.505707611,504095.505707611,507386.751013609,3291.245305998018,32
exact_bucket,43,511493.339395802,511493.339395802,514784.5847018,3291.245305998018,32
exact_bucket,44,538781.9301744516,538781.9301744516,542166.8289073335,3384.898732881993,32
exact_bucket,45,541066.7479102754,541071.4921264502,544456.3908593322,3389.6429490568116,32
exact_bucket,46,553661.3141489562,553661.3141489562,557003.3998866912,3342.085737735033,32
exact_bucket,47,556388.4074389797,556408.7884913546,559750.8742290896,3362.466790109873,32
exact_bucket,48,561426.6732949361,561426.6732949361,564717.9186009341,3291.245305998018,32
exact_bucket,49,572564.6500360131,572564.6500360131,575855.8953420111,3291.245305998018,32
exact_bucket,50,576131.3577583269,576131.3577583269,579422.6030643249,3291.245305998018,32
exact_bucket,51,579931.9222963081,579931.9222963081,583223.1676023061,3291.245305998018,32
exact_bucket,52,593869.725101161,593869.725101161,597160.9704071591,3291.245305998018,32
exact_bucket,53,594622.8148032584,597160.9704071591,605488.3139057485,10865.49910249014,256
exact_bucket,54,600752.9769117254,605488.3139057485,608779.5592117466,8026.582300021197,32
exact_bucket,55,665476.6721876753,665476.6721876753,668767.9174936733,3291.245305998018,32
exact_bucket,56,720935.3555276047,720935.3555276047,724634.840715914,3699.485188309336,32
exact_bucket,57,721696.1855827032,721708.0826864042,725479.8148040241,3783.629221320851,32
exact_bucket,58,724093.4168463878,724117.8236043476,727729.0069901664,3635.590143778594,32
exact_bucket,59,727174.9917471996,727196.986268023,730533.7203813647,3358.7286341651343,32
exact_bucket,60,754244.4066057976,754244.4066057976,762571.750104387,8327.343498589471,256
exact_bucket,61,775519.3169975642,775519.3169975642,778810.5623035622,3291.245305998018,32
exact_bucket,62,796661.323398825,796661.323398825,799952.568704823,3291.245305998018,32
exact_bucket,63,801274.1742828253,801274.1742828253,804565.4195888233,3291.245305998018,32
exact_bucket,64,802990.9206405571,804565.4195888233,812892.7630874128,9901.842446855735,256
exact_bucket,65,820933.2431593114,820933.2431593114,829260.5866579008,8327.343498589471,256
exact_bucket,66,833091.6704013709,833091.6704013709,836382.9157073689,3291.245305998018,32
exact_bucket,67,842550.8682346452,842550.8682346452,845842.1135406432,3291.245305998018,32
exact_bucket,68,886159.8336968167,886159.8336968167,889451.0790028147,3291.245305998018,32
exact_bucket,69,896772.3143002565,896772.3143002565,900363.2505722833,3590.936272026738,32
exact_bucket,70,896850.8529821687,896858.1728734565,900449.1091454832,3598.256163314567,32
exact_bucket,71,913839.2363067155,913839.2363067155,924725.4551375713,10886.218830855796,256
exact_bucket,72,917397.1147134559,917459.820436537,928346.0392673928,10948.92455393693,256
exact_bucket,73,928285.3794259137,928346.0392673928,931637.2845733908,3351.9051474771695,32
exact_bucket,74,956242.7253864342,956242.7253864342,959705.2226730201,3462.497286585858,32
exact_bucket,75,957684.7912538508,957702.3211308334,961269.1750930899,3584.3838392391335,32
exact_bucket,76,958911.3125006087,961269.1750930899,969596.5185916794,10685.206091070664,256
exact_bucket,77,960043.4023756649,960048.6569658199,972320.5009910322,12277.098615367315,32
exact_bucket,78,968100.3736231301,969596.5185916794,973541.0191183023,5440.645495172124,32
exact_bucket,79,971279.7002114616,971286.4667678995,975086.4734359013,3806.773224439705,32
exact_bucket,80,980564.0881035745,980564.0881035745,983855.3334095725,3291.245305998018,32
exact_bucket,81,993208.8274024237,993208.8274024237,996593.7261353057,3384.898732881993,32
exact_bucket,82,995485.3307226298,995498.3893544223,998883.2880873043,3397.957364674541,32
exact_bucket,83,1005543.0539017819,1005543.0539017819,1013870.3974003714,8327.343498589471,256
exact_bucket,84,1008608.0867788589,1013870.3974003714,1017332.8946869572,8724.80790809833,32
exact_bucket,85,1015312.7864545712,1015329.9931447705,1018792.4904313564,3479.703976785182,32
exact_bucket,86,1038887.0533197422,1038887.0533197422,1047214.3968183317,8327.343498589471,256
exact_bucket,87,1057601.8169837438,1057601.8169837438,1061109.8030776733,3507.986093929503,32
exact_bucket,88,1058570.2136172657,1058574.8808133432,1062082.8669072727,3512.6532900070306,32
exact_bucket,89,1064079.3274513448,1064079.3274513448,1067373.2485695395,3293.921118194703,32
exact_bucket,90,1067318.3660924465,1067341.9532329428,1070940.9169415596,3622.5508491131477,32
exact_bucket,91,1067353.885991863,1067373.2485695395,1070969.5364659596,3615.6504740966484,32
exact_bucket,92,1082099.4263472606,1082099.4263472606,1090426.76984585,8327.343498589471,256
exact_bucket,93,1092236.074623934,1092236.074623934,1095548.7264275055,3312.651803571498,32
exact_bucket,94,1095273.5829860473,1095298.3637347321,1098611.0155383036,3337.4325522563886,32
exact_bucket,95,1108791.774515666,1108791.774515666,1112083.019821664,3291.245305998018,32
exact_bucket,96,1116814.2640674384,1116814.2640674384,1128179.6262602862,11365.362192847766,256
exact_bucket,97,1122394.9549964515,1128179.6262602862,1131470.8715662842,9075.916569832712,32
exact_bucket,98,1122492.1225438376,1122534.7869925564,1140301.412202926,17809.289659088245,256
exact_bucket,99,1123274.3746312282,1123317.23996036,1140808.293981101,17533.91934987274,256
exact_bucket,100,1144739.2856545735,1144739.2856545735,1148030.5309605715,3291.245305998018,32
exact_bucket,101,1168165.9188338572,1168165.9188338572,1171457.1641398552,3291.245305998018,32
exact_bucket,102,1176053.4792460282,1176053.4792460282,1179344.7245520263,3291.245305998018,32
exact_bucket,103,1194047.0631193244,1194047.0631193244,1197338.3084253224,3291.245305998018,32
exact_bucket,104,1202781.999606342,1202781.999606342,1206464.035304752,3682.0356984098908,32
exact_bucket,105,1204384.7879580308,1204413.312497141,1208247.869490762,3863.0815327311866,32
exact_bucket,106,1205748.0898057455,1205759.0119707978,1209481.184852158,3733.0950464124326,32
exact_bucket,107,1209433.5171169634,1209449.8895155613,1212743.810633756,3310.29351679259,32
exact_bucket,108,1232358.0321085458,1232358.0321085458,1235649.2774145438,3291.245305998018,32
exact_bucket,109,1248260.3820954964,1248260.3820954964,1256587.7255940859,8327.343498589471,256
exact_bucket,110,1267971.821434591,1267971.821434591,1276299.1649331804,8327.343498589471,256
exact_bucket,111,1290890.7101084343,1290890.7101084343,1294267.5814047263,3376.871296291938,32
exact_bucket,112,1293248.9023303243,1293266.130633633,1296691.1665494652,3442.2642191408668,32
exact_bucket,113,1296119.4548760615,1296127.8504907251,1299467.2604162635,3347.8055402019527,32
exact_bucket,114,1297204.1485481882,1299467.2604162635,1307794.603914853,10590.455366664799,256
exact_bucket,115,1312350.7109922927,1312350.7109922927,1320678.0544908822,8327.343498589471,256
exact_bucket,116,1333903.9808124795,1333903.9808124795,1337195.2261184775,3291.245305998018,32
exact_bucket,117,1339119.0957919685,1339119.0957919685,1342410.3410979665,3291.245305998018,32
exact_bucket,118,1348812.3593862592,1348812.3593862592,1352253.4501752716,3441.090789012378,32
exact_bucket,119,1350491.2613621762,1350500.9113258582,1353942.0021148706,3450.74075269443,32
exact_bucket,120,1377066.878403297,1377066.878403297,1385394.2219018864,8327.343498589471,256
exact_bucket,121,1397062.5182928997,1397062.5182928997,1400353.7635988977,3291.245305998018,32
exact_bucket,122,1434445.7504422155,1434445.7504422155,1442773.093940805,8327.343498589471,256
exact_bucket,123,1451093.762059819,1451093.762059819,1454385.007365817,3291.245305998018,32
exact_bucket,124,1472415.1164064722,1472415.1164064722,1475989.9978053188,3574.881398846628,32
exact_bucket,125,1472666.1035663206,1472672.692126072,1476247.5735249186,3581.469958598027,32
exact_bucket,126,1486005.5697216284,1486005.5697216284,1489296.8150276265,3291.245305998018,32
exact_bucket,127,1490043.017627857,1490043.017627857,1498370.3611264464,8327.343498589471,256
exact_bucket,128,1516752.857726711,1516752.857726711,1525080.2012253006,8327.343498589471,256
exact_bucket,129,1532959.622970688,1532959.622970688,1541286.9664692774,8327.343498589471,256
exact_bucket,130,1552915.3359805157,1552915.3359805157,1556206.5812865137,3291.245305998018,32
exact_bucket,131,1569562.1637349091,1569562.1637349091,1572853.4090409072,3291.245305998018,32
exact_bucket,132,1572665.6092376432,1572853.4090409072,1581180.7525394966,8515.143301853444,256
exact_bucket,133,1588147.8384344038,1588147.8384344038,1596475.1819329932,8327.343498589471,256
exact_bucket,134,1589291.8020007694,1596475.1819329932,1599766.4272389913,10474.625238221837,32
exact_bucket,135,1609862.0905622477,1609862.0905622477,1613153.3358682457,3291.245305998018,32
exact_bucket,136,1629423.2385542777,1629423.2385542777,1632714.4838602757,3291.245305998018,32
exact_bucket,137,1631939.1024324503,1632714.4838602757,1641041.8273588652,9102.7249264149,256
exact_bucket,138,1648899.22931249,1648899.22931249,1657226.5728110794,8327.343498589471,256
exact_bucket,139,1655066.707741004,1657226.5728110794,1660686.3942854686,5619.686544464668,32
exact_bucket,140,1658707.8887449943,1658714.7880798785,1662174.6095542677,3466.7208092734218,32
exact_bucket,141,1674572.2095788424,1674572.2095788424,1677927.6743775608,3355.464798718458,32
exact_bucket,142,1677154.6784402947,1677176.5862992408,1680623.0287126466,3468.350272351876,32
exact_bucket,143,1677394.1677878576,1680623.0287126466,1688950.372211236,11556.204423378455,256
exact_bucket,144,1679540.0923059538,1679558.9872683599,1691485.2944755661,11945.202169612283,32
exact_bucket,145,1683518.960533793,1688950.372211236,1692458.3583051655,8939.39777137246,32
exact_bucket,146,1703495.9498188305,1703495.9498188305,1706787.1951248285,3291.245305998018,32
exact_bucket,147,1737574.87849822,1737574.87849822,1740866.123804218,3291.245305998018,32
exact_bucket,148,1740847.7736677232,1740866.123804218,1744157.369110216,3309.5954424927477,32
exact_bucket,149,1751105.5304867912,1751105.5304867912,1754396.7757927892,3291.245305998018,32
exact_bucket,150,1756208.427899892,1756208.427899892,1764535.7713984814,8327.343498589471,256
exact_bucket,151,1795920.6856095823,1795920.6856095823,1799211.9309155804,3291.245305998018,32
exact_bucket,152,1803604.0433651945,1803604.0433651945,1806895.2886711925,3291.245305998018,32
exact_bucket,153,1831611.808737847,1831611.808737847,1835095.7125220064,3483.903784159338,32
exact_bucket,154,1832837.347426221,1832842.4482870463,1836326.3520712056,3489.0046449846122,32
exact_bucket,155,1868037.3630313012,1868037.3630313012,1871451.6956983467,3414.332667045528,32
exact_bucket,156,1870004.4219968275,1870012.1102149,1873426.4428819455,3422.0208851180505,32
exact_bucket,157,1902847.7205161103,1902847.7205161103,1906157.6965074851,3309.975991374813,32
exact_bucket,158,1905932.9153959895,1905938.6291513084,1909449.2910574346,3516.375661445083,32
exact_bucket,159,1907080.3207397645,1907102.1408126845,1910594.072033434,3513.7512936694548,32
exact_bucket,160,1912781.898109996,1912781.898109996,1916073.143415994,3291.245305998018,32
exact_bucket,161,1925821.4893363707,1925821.4893363707,1929112.7346423687,3291.245305998018,32
exact_bucket,162,1929585.5630801998,1929585.5630801998,1932876.8083861978,3291.245305998018,32
exact_bucket,163,1938904.9090278202,1938904.9090278202,1947862.1295312752,8957.220503455028,256
exact_bucket,164,1946067.492194482,1946073.6656048668,1955030.8861083218,8963.393913839944,256
exact_bucket,165,1950932.0005892217,1955030.8861083218,1958322.1314143199,7390.130825098138,32
exact_bucket,166,1959526.0974034057,1959526.0974034057,1962849.452455764,3323.355052358238,32
exact_bucket,167,1962466.0839531296,1962473.908416604,1965797.2634689622,3331.1795158325695,32
exact_bucket,168,1974803.0282296573,1974803.0282296573,1978399.3161260774,3596.287896420108,32
exact_bucket,169,1974819.9553301001,1974831.6477540573,1978427.9356504774,3607.9803203772753,32
exact_bucket,170,2000799.6112879561,2000799.6112879561,2009126.9547865456,8327.343498589471,256
exact_bucket,171,2008531.3034427715,2009126.9547865456,2012418.2000925436,3886.8966497720685,32
exact_bucket,172,2021240.6237201493,2021240.6237201493,2024531.8690261473,3291.245305998018,32
exact_bucket,173,2034786.645880473,2034786.645880473,2043113.9893790626,8327.343498589471,256
exact_bucket,174,2045892.335874352,2045892.335874352,2054219.6793729414,8327.343498589471,256
exact_bucket,175,2050421.3858979316,2054219.6793729414,2057818.6430815582,7397.257183626527,32
exact_bucket,176,2051146.8112294525,2054219.6793729414,2057818.6430815582,6671.831852105679,32
exact_bucket,177,2062060.3288785575,2062060.3288785575,2065351.5741845556,3291.245305998018,32
exact_bucket,178,2066068.0906028878,2066068.0906028878,2069359.3359088858,3291.245305998018,32
exact_bucket,179,2069835.6375271755,2069835.6375271755,2073126.8828331735,3291.245305998018,32
exact_bucket,180,2088675.3903897419,2088675.3903897419,2091966.6356957399,3291.245305998018,32
exact_bucket,181,2101396.274675879,2101396.274675879,2104687.519981851,3291.245305971708,32
exact_bucket,182,2104967.6290069446,2104967.6290069446,2113294.972505534,8327.343498589471,256
exact_bucket,183,2108667.903976731,2113294.972505534,2116835.0683458187,8167.164369087666,32
exact_bucket,184,2113917.029591075,2113924.6020423286,2117464.697882613,3547.6682915380225,32
exact_bucket,185,2119065.372519582,2119065.372519582,2122356.6178255538,3291.245305971708,32
exact_bucket,186,2122570.245255408,2122570.245255408,2130897.5887539973,8327.343498589471,256
exact_bucket,187,2123931.7396976976,2130897.5887539973,2134496.552462614,10564.812764916569,32
exact_bucket,188,2129386.7098244787,2130897.5887539973,2134496.552462614,5109.842638135422,32
exact_bucket,189,2157581.6132155275,2157581.6132155275,2160872.8585214987,3291.2453059712425,32
exact_bucket,190,2168892.491127931,2168892.491127931,2172183.7364339028,3291.245305971708,32
exact_bucket,191,2192202.907367985,2192202.907367985,2195494.152673957,3291.245305971708,32
exact_bucket,192,2201761.4102069894,2201761.4102069894,2205052.6555129606,3291.2453059712425,32
exact_bucket,193,2205341.738498117,2205341.738498117,2213865.9185607256,8524.180062608793,256
exact_bucket,194,2213281.0804961673,2213865.9185607256,2217202.6526740445,3921.572177877184,32
exact_bucket,195,2213285.1407172983,2213307.023583724,2225167.937759652,11882.797042353544,256
exact_bucket,196,2216666.669234102,2216670.631951901,2228234.8807461252,11568.211512023117,32
exact_bucket,197,2222285.8963272595,2225167.937759652,2228721.412660921,6435.516333661508,32
exact_bucket,198,2230960.5396583877,2230960.5396583877,2239287.883156977,8327.343498589471,256
exact_bucket,199,2241594.119269841,2241594.119269841,2249921.4627684304,8327.343498589471,256
split_oldest,0,0.0,0.0,3291.245305998018,3291.245305998018,32
split_oldest,1,34736.47349034643,34736.47349034643,38027.718796344445,3291.245305998018,32
split_oldest,2,60823.09102439992,60823.09102439992,64114.336330397935,3291.245305998018,32
split_oldest,3,79707.7156812573,79707.7156812573,83135.42740928625,3427.711728028953,32
split_oldest,4,81526.6654864098,81539.36524285619,84967.07697088514,3440.4114844753494,32
split_oldest,5,88175.00606283615,88175.00606283615,93566.19016413065,5391.184101294493,32
split_oldest,6,90579.77642216215,90636.28516123467,101592.90371965803,11013.127297495885,256
split_oldest,7,95705.38591705072,95738.54064202355,104365.99549987772,8660.609582827004,32
split_oldest,8,96309.63345966798,96344.72788400203,104553.76751945773,8244.13405978975,32
split_oldest,9,101073.44257280664,101115.25076688454,105870.26564185694,4796.823069050297,32
split_oldest,10,143278.53841191067,143278.53841191067,146588.5144032855,3309.975991374813,32
split_oldest,11,146360.14928751826,146369.4470471088,149679.42303848363,3319.273750965367,32
split_oldest,12,161688.18714353463,161688.18714353463,164979.43244953264,3291.245305998018,32
split_oldest,13,167758.03551706072,167758.03551706072,171049.28082305874,3291.245305998018,32
split_oldest,14,173257.2953825069,173257.2953825069,176548.54068850493,3291.245305998018,32
split_oldest,15,204796.9911724894,204796.9911724894,208088.2364784874,3291.245305998018,32
split_oldest,16,258663.42796072765,258663.42796072765,261954.67326672567,3291.245305998018,32
split_oldest,17,266777.51854578406,266777.51854578406,270068.7638517821,3291.245305998018,32
split_oldest,18,279450.4889641416,279450.4889641416,292586.77870015893,13136.289736017352,256
split_oldest,19,281132.2713347837,281188.3693464559,294939.1159854764,13806.844650692714,32
split_oldest,20,284652.09996031364,284753.08111573034,297545.9365589479,12893.836598634254,256
split_oldest,21,319296.4642252935,319296.4642252935,322587.7095312915,3291.245305998018,32
split_oldest,22,327951.97203770984,327951.97203770984,331243.21734370786,3291.245305998018,32
split_oldest,23,335765.09593363584,335765.09593363584,339056.34123963385,3291.245305998018,32
split_oldest,24,349547.3880691405,349547.3880691405,360959.24158586515,11411.85351672466,256
split_oldest,25,350136.03081515414,350199.09321250836,361240.89961523516,11104.868800081022,32
split_oldest,26,358911.00101145345,358988.8082211963,363730.79823803366,4819.797226580209,32
split_oldest,27,365899.6435893103,365899.6435893103,369190.8888953083,3291.245305998018,32
split_oldest,28,385053.8336801934,385053.8336801934,395985.5538991813,10931.720218987903,256
split_oldest,29,386766.8513981961,386791.71406250773,396672.4224847809,9905.571086584823,32
split_oldest,30,419152.25634998974,419152.25634998974,430646.8274619056,11494.571111915866,256
split_oldest,31,419987.2840914844,420021.1965411469,431022.3715010656,11035.087409581232,32
split_oldest,32,422043.0830959467,422142.8518880716,432854.38011760457,10811.297021657869,32
split_oldest,33,431082.6320782008,431136.84959866555,439950.7250120547,8868.092933853914,256
split_oldest,34,442328.47529520537,442328.47529520537,445675.91265733377,3347.437362128403,32
split_oldest,35,445009.935396144,445018.71058880375,453507.3774152787,8497.442019134702,32
split_oldest,36,446286.98071637086,446334.1617185334,456693.4914495216,10406.51073315076,256
split_oldest,37,468385.8834854212,468385.8834854212,472763.30403036566,4377.420544944471,32
split_oldest,38,471212.36907456507,471247.83592541947,480004.4722900087,8792.10321544361,256
split_oldest,39,480239.1854835989,480239.1854835989,483530.4307895969,3291.245305998018,32
split_oldest,40,489898.7629334494,489898.7629334494,493190.00823944743,3291.245305998018,32
split_oldest,41,495332.68008042214,495332.68008042214,498623.92538642016,3291.245305998018,32
split_oldest,42,504095.505707611,504095.505707611,507386.751013609,3291.245305998018,32
split_oldest,43,511493.339395802,511493.339395802,514784.5847018,3291.245305998018,32
split_oldest,44,538781.9301744516,538781.9301744516,542166.8289073335,3384.898732881993,32
split_oldest,45,541066.7479102754,541071.4921264502,544456.3908593322,3389.6429490568116,32
split_oldest,46,553661.3141489562,553661.3141489562,557003.3998866912,3342.085737735033,32
split_oldest,47,556388.4074389797,556408.7884913546,559750.8742290896,3362.466790109873,32
split_oldest,48,561426.6732949361,561426.6732949361,564717.9186009341,3291.245305998018,32
split_oldest,49,572564.6500360131,572564.6500360131,575855.8953420111,3291.245305998018,32
split_oldest,50,576131.3577583269,576131.3577583269,579422.6030643249,3291.245305998018,32
split_oldest,51,579931.9222963081,579931.9222963081,583223.1676023061,3291.245305998018,32
split_oldest,52,593869.725101161,593869.725101161,603533.033722359,9663.308621197939,32
split_oldest,53,594622.8148032584,594671.0717843606,606333.2879938586,11710.473190600169,256
split_oldest,54,600752.9769117254,600805.3558867418,608079.0789822575,7326.102070532157,32
split_oldest,55,665476.6721876753,665476.6721876753,668767.9174936733,3291.245305998018,32
split_oldest,56,720935.3555276047,720935.3555276047,724634.840715914,3699.485188309336,32
split_oldest,57,721696.1855827032,721708.0826864042,725479.8148040241,3783.629221320851,32
split_oldest,58,724093.4168463878,724117.8236043476,727729.0069901664,3635.590143778594,32
split_oldest,59,727174.9917471996,727196.986268023,730533.7203813647,3358.7286341651343,32
split_oldest,60,754244.4066057976,754244.4066057976,762571.750104387,8327.343498589471,256
split_oldest,61,775519.3169975642,775519.3169975642,778810.5623035622,3291.245305998018,32
split_oldest,62,796661.323398825,796661.323398825,799952.568704823,3291.245305998018,32
split_oldest,63,801274.1742828253,801274.1742828253,808475.6504490306,7201.476166205248,32
split_oldest,64,802990.9206405571,803019.9652712243,812892.7630874128,9901.842446855735,256
split_oldest,65,820933.2431593114,820933.2431593114,829260.5866579008,8327.343498589471,256
split_oldest,66,833091.6704013709,833091.6704013709,836382.9157073689,3291.245305998018,32
split_oldest,67,842550.8682346452,842550.8682346452,845842.1135406432,3291.245305998018,32
split_oldest,68,886159.8336968167,886159.8336968167,889451.0790028147,3291.245305998018,32
split_oldest,69,896772.3143002565,896772.3143002565,900363.2505722833,3590.936272026738,32
split_oldest,70,896850.8529821687,896858.1728734565,900449.1091454832,3598.256163314567,32
split_oldest,71,913839.2363067155,913839.2363067155,924725.4551375713,10886.218830855796,256
split_oldest,72,917397.1147134559,917459.820436537,928346.0392673928,10948.92455393693,256
split_oldest,73,928285.3794259137,928346.0392673928,931637.2845733908,3351.9051474771695,32
split_oldest,74,956242.7253864342,956242.7253864342,961662.9901213383,5420.264734904049,32
split_oldest,75,957684.7912538508,957702.3211308334,966952.0481001863,9267.256846335484,32
split_oldest,76,958911.3125006087,958954.1345947001,971039.59959715,12128.287096541259,256
split_oldest,77,960043.4023756649,960063.6164692275,971430.9669567142,11387.564581049257,32
split_oldest,78,968100.3736231301,968135.8030597433,973809.4125380609,5709.038914930774,32
split_oldest,79,971279.7002114616,971289.9622899233,974839.7154164603,3560.0152049986646,32
split_oldest,80,980564.0881035745,980564.0881035745,983855.3334095725,3291.245305998018,32
split_oldest,81,993208.8274024237,993208.8274024237,996593.7261353057,3384.898732881993,32
split_oldest,82,995485.3307226298,995498.3893544223,998883.2880873043,3397.957364674541,32
split_oldest,83,1005543.0539017819,1005543.0539017819,1015947.0580303503,10404.00412856834,256
split_oldest,84,1008608.0867788589,1008656.7562534284,1017292.757504007,8684.670725148055,32
split_oldest,85,1015312.7864545712,1015324.8159151917,1019181.6461144058,3868.8596598346485,32
split_oldest,86,1038887.0533197422,1038887.0533197422,1047214.3968183317,8327.343498589471,256
split_oldest,87,1057601.8169837438,1057601.8169837438,1061109.8030776733,3507.986093929503,32
split_oldest,88,1058570.2136172657,1058574.8808133432,1062082.8669072727,3512.6532900070306,32
split_oldest,89,1064079.3274513448,1064079.3274513448,1067373.2485695395,3293.921118194703,32
split_oldest,90,1067318.3660924465,1067341.9532329428,1070940.9169415596,3622.5508491131477,32
split_oldest,91,1067353.885991863,1067373.2485695395,1070969.5364659596,3615.6504740966484,32
split_oldest,92,1082099.4263472606,1082099.4263472606,1090426.76984585,8327.343498589471,256
split_oldest,93,1092236.074623934,1092236.074623934,1095548.7264275055,3312.651803571498,32
split_oldest,94,1095273.5829860473,1095298.3637347321,1098611.0155383036,3337.4325522563886,32
split_oldest,95,1108791.774515666,1108791.774515666,1112083.019821664,3291.245305998018,32
split_oldest,96,1116814.2640674384,1116814.2640674384,1129294.4381607794,12480.17409334099,256
split_oldest,97,1122394.9549964515,1122462.37530996,1140133.7437098187,17738.78871336719,32
split_oldest,98,1122492.1225438376,1122592.0260413564,1140357.3017006197,17865.179156782106,256
split_oldest,99,1123274.3746312282,1123434.4171601594,1140791.7717961983,17517.39716497017,256
split_oldest,100,1144739.2856545735,1144739.2856545735,1148030.5309605715,3291.245305998018,32
split_oldest,101,1168165.9188338572,1168165.9188338572,1171457.1641398552,3291.245305998018,32
split_oldest,102,1176053.4792460282,1176053.4792460282,1179344.7245520263,3291.245305998018,32
split_oldest,103,1194047.0631193244,1194047.0631193244,1197338.3084253224,3291.245305998018,32
split_oldest,104,1202781.999606342,1202781.999606342,1206464.035304752,3682.0356984098908,32
split_oldest,105,1204384.7879580308,1204413.312497141,1208247.869490762,3863.0815327311866,32
split_oldest,106,1205748.0898057455,1205759.0119707978,1209481.184852158,3733.0950464124326,32
split_oldest,107,1209433.5171169634,1209449.8895155613,1212743.810633756,3310.29351679259,32
split_oldest,108,1232358.0321085458,1232358.0321085458,1235649.2774145438,3291.245305998018,32
split_oldest,109,1248260.3820954964,1248260.3820954964,1256587.7255940859,8327.343498589471,256
split_oldest,110,1267971.821434591,1267971.821434591,1276299.1649331804,8327.343498589471,256
split_oldest,111,1290890.7101084343,1290890.7101084343,1294267.5814047263,3376.871296291938,32
split_oldest,112,1293248.9023303243,1293266.130633633,1296691.1665494652,3442.2642191408668,32
split_oldest,113,1296119.4548760615,1296127.8504907251,1305115.371658785,8995.916782723507,32
split_oldest,114,1297204.1485481882,1297234.9375130648,1307794.603914853,10590.455366664799,256
split_oldest,115,1312350.7109922927,1312350.7109922927,1320678.0544908822,8327.343498589471,256
split_oldest,116,1333903.9808124795,1333903.9808124795,1337195.2261184775,3291.245305998018,32
split_oldest,117,1339119.0957919685,1339119.0957919685,1342410.3410979665,3291.245305998018,32
split_oldest,118,1348812.3593862592,1348812.3593862592,1352253.4501752716,3441.090789012378,32
split_oldest,119,1350491.2613621762,1350500.9113258582,1353942.0021148706,3450.74075269443,32
split_oldest,120,1377066.878403297,1377066.878403297,1385394.2219018864,8327.343498589471,256
split_oldest,121,1397062.5182928997,1397062.5182928997,1400353.7635988977,3291.245305998018,32
split_oldest,122,1434445.7504422155,1434445.7504422155,1442773.093940805,8327.343498589471,256
split_oldest,123,1451093.762059819,1451093.762059819,1454385.007365817,3291.245305998018,32
split_oldest,124,1472415.1164064722,1472415.1164064722,1475989.9978053188,3574.881398846628,32
split_oldest,125,1472666.1035663206,1472672.692126072,1476247.5735249186,3581.469958598027,32
split_oldest,126,1486005.5697216284,1486005.5697216284,1489296.8150276265,3291.245305998018,32
split_oldest,127,1490043.017627857,1490043.017627857,1498370.3611264464,8327.343498589471,256
split_oldest,128,1516752.857726711,1516752.857726711,1525080.2012253006,8327.343498589471,256
split_oldest,129,1532959.622970688,1532959.622970688,1541286.9664692774,8327.343498589471,256
split_oldest,130,1552915.3359805157,1552915.3359805157,1556206.5812865137,3291.245305998018,32
split_oldest,131,1569562.1637349091,1569562.1637349091,1573215.4674538893,3653.303718980169,32
split_oldest,132,1572665.6092376432,1572710.3114189073,1581180.7525394966,8515.143301853444,256
split_oldest,133,1588147.8384344038,1588147.8384344038,1599308.5148485915,11160.676414187765,256
split_oldest,134,1589291.8020007694,1589306.4253559466,1599766.4272389913,10474.625238221837,32
split_oldest,135,1609862.0905622477,1609862.0905622477,1613153.3358682457,3291.245305998018,32
split_oldest,136,1629423.2385542777,1629423.2385542777,1634597.187607783,5173.949053505203,32
split_oldest,137,1631939.1024324503,1631970.3762258762,1641041.8273588652,9102.7249264149,256
split_oldest,138,1648899.22931249,1648899.22931249,1658056.539018679,9157.309706188971,256
split_oldest,139,1655066.707741004,1655126.634015783,1660686.3942854686,5619.686544464668,32
split_oldest,140,1658707.8887449943,1658714.7880798785,1662174.6095542677,3466.7208092734218,32
split_oldest,141,1674572.2095788424,1674572.2095788424,1679086.2612991037,4514.051720261341,32
split_oldest,142,1677154.6784402947,1677176.5862992408,1689266.7953089022,12112.116868607467,32
split_oldest,143,1677394.1677878576,1677426.9489920142,1690065.1561258503,12670.98833799269,256
split_oldest,144,1679540.0923059538,1679562.7978096858,1690722.3581943803,11182.265888426453,32
split_oldest,145,1683518.960533793,1683607.3715582166,1691838.5196459796,8319.559112186544,32
split_oldest,146,1703495.9498188305,1703495.9498188305,1706787.1951248285,3291.245305998018,32
split_oldest,147,1737574.87849822,1737574.87849822,1740866.123804218,3291.245305998018,32
split_oldest,148,1740847.7736677232,1740866.123804218,1744157.369110216,3309.5954424927477,32
split_oldest,149,1751105.5304867912,1751105.5304867912,1754396.7757927892,3291.245305998018,32
split_oldest,150,1756208.427899892,1756208.427899892,1764535.7713984814,8327.343498589471,256
split_oldest,151,1795920.6856095823,1795920.6856095823,1799211.9309155804,3291.245305998018,32
split_oldest,152,1803604.0433651945,1803604.0433651945,1806895.2886711925,3291.245305998018,32
split_oldest,153,1831611.808737847,1831611.808737847,1835095.7125220064,3483.903784159338,32
split_oldest,154,1832837.347426221,1832842.4482870463,1836326.3520712056,3489.0046449846122,32
split_oldest,155,1868037.3630313012,1868037.3630313012,1871451.6956983467,3414.332667045528,32
split_oldest,156,1870004.4219968275,1870012.1102149,1873426.4428819455,3422.0208851180505,32
split_oldest,157,1902847.7205161103,1902847.7205161103,1906157.6965074851,3309.975991374813,32
split_oldest,158,1905932.9153959895,1905938.6291513084,1909449.2910574346,3516.375661445083,32
split_oldest,159,1907080.3207397645,1907102.1408126845,1910594.072033434,3513.7512936694548,32
split_oldest,160,1912781.898109996,1912781.898109996,1916073.143415994,3291.245305998018,32
split_oldest,161,1925821.4893363707,1925821.4893363707,1929112.7346423687,3291.245305998018,32
split_oldest,162,1929585.5630801998,1929585.5630801998,1932876.8083861978,3291.245305998018,32
split_oldest,163,1938904.9090278202,1938904.9090278202,1947862.1295312752,8957.220503455028,256
split_oldest,164,1946067.492194482,1946073.6656048668,1956633.5794747209,10566.087280238979,256
split_oldest,165,1950932.0005892217,1950975.8318829217,1958322.1314143199,7390.130825098138,32
split_oldest,166,1959526.0974034057,1959526.0974034057,1962849.452455764,3323.355052358238,32
split_oldest,167,1962466.0839531296,1962473.908416604,1965797.2634689622,3331.1795158325695,32
split_oldest,168,1974803.0282296573,1974803.0282296573,1978399.3161260774,3596.287896420108,32
split_oldest,169,1974819.9553301001,1974831.6477540573,1978427.9356504774,3607.9803203772753,32
split_oldest,170,2000799.6112879561,2000799.6112879561,2009355.9109817455,8556.299693789333,256
split_oldest,171,2008531.3034427715,2008547.6613257742,2012418.2000925436,3886.8966497720685,32
split_oldest,172,2021240.6237201493,2021240.6237201493,2024531.8690261473,3291.245305998018,32
split_oldest,173,2034786.645880473,2034786.645880473,2043113.9893790626,8327.343498589471,256
split_oldest,174,2045892.335874352,2045892.335874352,2055828.3061905913,9935.9703162394,256
split_oldest,175,2050421.3858979316,2050454.271877927,2057799.9123961814,7378.526498249732,32
split_oldest,176,2051146.8112294525,2051161.490326902,2058000.2490669813,6853.437837528763,32
split_oldest,177,2062060.3288785575,2062060.3288785575,2065351.5741845556,3291.245305998018,32
split_oldest,178,2066068.0906028878,2066068.0906028878,2069359.3359088858,3291.245305998018,32
split_oldest,179,2069835.6375271755,2069835.6375271755,2073126.8828331735,3291.245305998018,32
split_oldest,180,2088675.3903897419,2088675.3903897419,2091966.6356957399,3291.245305998018,32
split_oldest,181,2101396.274675879,2101396.274675879,2104687.519981851,3291.245305971708,32
split_oldest,182,2104967.6290069446,2104967.6290069446,2115127.4364768844,10159.807469939813,256
split_oldest,183,2108667.903976731,2108733.036501959,2116754.793979911,8086.890003180131,32
split_oldest,184,2113917.029591075,2113986.6592657603,2118243.009248698,4325.9796576229855,32
split_oldest,185,2119065.372519582,2119065.372519582,2122356.6178255538,3291.245305971708,32
split_oldest,186,2122570.245255408,2122570.245255408,2133757.447208644,11187.201953236014,256
split_oldest,187,2123931.7396976976,2123946.06722474,2134352.0586039806,10420.318906283006,32
split_oldest,188,2129386.7098244787,2129401.752402534,2135897.512921567,6510.803097088356,32
split_oldest,189,2157581.6132155275,2157581.6132155275,2160872.8585214987,3291.2453059712425,32
split_oldest,190,2168892.491127931,2168892.491127931,2172183.7364339028,3291.245305971708,32
split_oldest,191,2192202.907367985,2192202.907367985,2195494.152673957,3291.245305971708,32
split_oldest,192,2201761.4102069894,2201761.4102069894,2205052.6555129606,3291.2453059712425,32
split_oldest,193,2205341.738498117,2205341.738498117,2214009.0161827244,8667.277684607543,256
split_oldest,194,2213281.0804961673,2213307.023583724,2225727.61003306,12446.52953689266,32
split_oldest,195,2213285.1407172983,2213335.643108124,2225800.0217156564,12514.88099835813,256
split_oldest,196,2216666.669234102,2216736.8587716212,2226801.4724867498,10134.80325264763,32
split_oldest,197,2222285.8963272595,2222337.0378080485,2228346.9268043367,6061.0304770772345,32
split_oldest,198,2230960.5396583877,2230960.5396583877,2239287.883156977,8327.343498589471,256
split_oldest,199,2241594.119269841,2241594.119269841,2249921.4627684304,8327.343498589471,256
canvas_aware,0,0.0,0.0,3291.245305998018,3291.245305998018,32
canvas_aware,1,34736.47349034643,34736.47349034643,38027.718796344445,3291.245305998018,32
canvas_aware,2,60823.09102439992,60823.09102439992,64114.336330397935,3291.245305998018,32
canvas_aware,3,79707.7156812573,79707.7156812573,83135.42740928625,3427.711728028953,32
canvas_aware,4,81526.6654864098,81539.36524285619,84967.07697088514,3440.4114844753494,32
canvas_aware,5,88175.00606283615,88175.00606283615,91466.25136883417,3291.245305998018,32
canvas_aware,6,90579.77642216215,91466.25136883417,101592.90371965803,11013.127297495885,256
canvas_aware,7,95705.38591705072,95738.54064202355,103439.32857886143,7733.94266181071,32
canvas_aware,8,96309.63345966798,96344.72788400203,103627.10059844144,7317.467138773456,32
canvas_aware,9,101073.44257280664,101115.25076688454,106632.15066043963,5558.708087632986,32
canvas_aware,10,143278.53841191067,143278.53841191067,146588.5144032855,3309.975991374813,32
canvas_aware,11,146360.14928751826,146369.4470471088,149679.42303848363,3319.273750965367,32
canvas_aware,12,161688.18714353463,161688.18714353463,164979.43244953264,3291.245305998018,32
canvas_aware,13,167758.03551706072,167758.03551706072,171049.28082305874,3291.245305998018,32
canvas_aware,14,173257.2953825069,173257.2953825069,176548.54068850493,3291.245305998018,32
canvas_aware,15,204796.9911724894,204796.9911724894,208088.2364784874,3291.245305998018,32
canvas_aware,16,258663.42796072765,258663.42796072765,261954.67326672567,3291.245305998018,32
canvas_aware,17,266777.51854578406,266777.51854578406,270068.7638517821,3291.245305998018,32
canvas_aware,18,279450.4889641416,279450.4889641416,292586.77870015893,13136.289736017352,256
canvas_aware,19,281132.2713347837,281188.3693464559,293273.6472857585,12141.37595097482,32
canvas_aware,20,284652.09996031364,284753.08111573034,297545.9365589479,12893.836598634254,256
canvas_aware,21,319296.4642252935,319296.4642252935,322587.7095312915,3291.245305998018,32
canvas_aware,22,327951.97203770984,327951.97203770984,331243.21734370786,3291.245305998018,32
canvas_aware,23,335765.09593363584,335765.09593363584,339056.34123963385,3291.245305998018,32
canvas_aware,24,349547.3880691405,349547.3880691405,360959.24158586515,11411.85351672466,256
canvas_aware,25,350136.03081515414,350199.09321250836,361240.89961523516,11104.868800081022,32
canvas_aware,26,358911.00101145345,358988.8082211963,363730.79823803366,4819.797226580209,32
canvas_aware,27,365899.6435893103,365899.6435893103,369190.8888953083,3291.245305998018,32
canvas_aware,28,385053.8336801934,385053.8336801934,395985.5538991813,10931.720218987903,256
canvas_aware,29,386766.8513981961,386791.71406250773,396672.4224847809,9905.571086584823,32
canvas_aware,30,419152.25634998974,419152.25634998974,430646.8274619056,11494.571111915866,256
canvas_aware,31,419987.2840914844,420021.1965411469,431022.3715010656,11035.087409581232,32
canvas_aware,32,422043.0830959467,422142.8518880716,431623.38151346525,9580.298417518556,32
canvas_aware,33,431082.6320782008,431623.38151346525,439950.7250120547,8868.092933853914,256
canvas_aware,34,442328.47529520537,442328.47529520537,445675.91265733377,3347.437362128403,32
canvas_aware,35,445009.935396144,445018.71058880375,448366.14795093215,3356.2125547881587,32
canvas_aware,36,446286.98071637086,448366.14795093215,456693.4914495216,10406.51073315076,256
canvas_aware,37,468385.8834854212,468385.8834854212,471677.1287914192,3291.245305998018,32
canvas_aware,38,471212.36907456507,471677.1287914192,480004.4722900087,8792.10321544361,256
canvas_aware,39,480239.1854835989,480239.1854835989,483530.4307895969,3291.245305998018,32
canvas_aware,40,489898.7629334494,489898.7629334494,493190.00823944743,3291.245305998018,32
canvas_aware,41,495332.68008042214,495332.68008042214,498623.92538642016,3291.245305998018,32
canvas_aware,42,504095.505707611,504095.505707611,507386.751013609,3291.245305998018,32
canvas_aware,43,511493.339395802,511493.339395802,514784.5847018,3291.245305998018,32
canvas_aware,44,538781.9301744516,538781.9301744516,542166.8289073335,3384.898732881993,32
canvas_aware,45,541066.7479102754,541071.4921264502,544456.3908593322,3389.6429490568116,32
canvas_aware,46,553661.3141489562,553661.3141489562,557003.3998866912,3342.085737735033,32
canvas_aware,47,556388.4074389797,556408.7884913546,559750.8742290896,3362.466790109873,32
canvas_aware,48,561426.6732949361,561426.6732949361,564717.9186009341,3291.245305998018,32
canvas_aware,49,572564.6500360131,572564.6500360131,575855.8953420111,3291.245305998018,32
canvas_aware,50,576131.3577583269,576131.3577583269,579422.6030643249,3291.245305998018,32
canvas_aware,51,579931.9222963081,579931.9222963081,583223.1676023061,3291.245305998018,32
canvas_aware,52,593869.725101161,593869.725101161,597160.9704071591,3291.245305998018,32
canvas_aware,53,594622.8148032584,597160.9704071591,607348.5829917474,12725.768188489019,256
canvas_aware,54,600752.9769117254,600781.5545369806,608779.5592117466,8026.582300021197,32
canvas_aware,55,665476.6721876753,665476.6721876753,668767.9174936733,3291.245305998018,32
canvas_aware,56,720935.3555276047,720935.3555276047,724462.072306911,3526.716779306298,32
canvas_aware,57,721696.1855827032,721708.0826864042,725307.046395021,3610.860812317813,32
canvas_aware,58,724093.4168463878,724462.072306911,727884.4324105466,3791.0155641587917,32
canvas_aware,59,727174.9917471996,727195.9350054199,730546.048179745,3371.056432545418,32
canvas_aware,60,754244.4066057976,754244.4066057976,762571.750104387,8327.343498589471,256
canvas_aware,61,775519.3169975642,775519.3169975642,778810.5623035622,3291.245305998018,32
canvas_aware,62,796661.323398825,796661.323398825,799952.568704823,3291.245305998018,32
canvas_aware,63,801274.1742828253,801274.1742828253,804565.4195888233,3291.245305998018,32
canvas_aware,64,802990.9206405571,804565.4195888233,812892.7630874128,9901.842446855735,256
canvas_aware,65,820933.2431593114,820933.2431593114,829260.5866579008,8327.343498589471,256
canvas_aware,66,833091.6704013709,833091.6704013709,836382.9157073689,3291.245305998018,32
canvas_aware,67,842550.8682346452,842550.8682346452,845842.1135406432,3291.245305998018,32
canvas_aware,68,886159.8336968167,886159.8336968167,889451.0790028147,3291.245305998018,32
canvas_aware,69,896772.3143002565,896772.3143002565,900363.2505722833,3590.936272026738,32
canvas_aware,70,896850.8529821687,896858.1728734565,900449.1091454832,3598.256163314567,32
canvas_aware,71,913839.2363067155,913839.2363067155,924725.4551375713,10886.218830855796,256
canvas_aware,72,917397.1147134559,917459.820436537,928346.0392673928,10948.92455393693,256
canvas_aware,73,928285.3794259137,928346.0392673928,931637.2845733908,3351.9051474771695,32
canvas_aware,74,956242.7253864342,956242.7253864342,959705.2226730201,3462.497286585858,32
canvas_aware,75,957684.7912538508,957702.3211308334,961164.8184174192,3480.0271635684185,32
canvas_aware,76,958911.3125006087,961193.4379418192,973142.0878680584,14230.77536744962,256
canvas_aware,77,960043.4023756649,961164.8184174192,973069.6761854619,13026.273809797014,32
canvas_aware,78,968100.3736231301,968135.9717001717,975301.4660932284,7201.092470098287,32
canvas_aware,79,971279.7002114616,971350.8892951577,976188.6713496279,4908.971138166264,32
canvas_aware,80,980564.0881035745,980564.0881035745,983855.3334095725,3291.245305998018,32
canvas_aware,81,993208.8274024237,993208.8274024237,996593.7261353057,3384.898732881993,32
canvas_aware,82,995485.3307226298,995498.3893544223,998883.2880873043,3397.957364674541,32
canvas_aware,83,1005543.0539017819,1005543.0539017819,1015947.0580303503,10404.00412856834,256
canvas_aware,84,1008608.0867788589,1008656.7562534284,1017292.757504007,8684.670725148055,32
canvas_aware,85,1015312.7864545712,1015324.8159151917,1019181.6461144058,3868.8596598346485,32
canvas_aware,86,1038887.0533197422,1038887.0533197422,1047214.3968183317,8327.343498589471,256
canvas_aware,87,1057601.8169837438,1057601.8169837438,1061109.8030776733,3507.986093929503,32
canvas_aware,88,1058570.2136172657,1058574.8808133432,1062082.8669072727,3512.6532900070306,32
canvas_aware,89,1064079.3274513448,1064079.3274513448,1067373.2485695395,3293.921118194703,32
canvas_aware,90,1067318.3660924465,1067341.9532329428,1070940.9169415596,3622.5508491131477,32
canvas_aware,91,1067353.885991863,1067373.2485695395,1070969.5364659596,3615.6504740966484,32
canvas_aware,92,1082099.4263472606,1082099.4263472606,1090426.76984585,8327.343498589471,256
canvas_aware,93,1092236.074623934,1092236.074623934,1095548.7264275055,3312.651803571498,32
canvas_aware,94,1095273.5829860473,1095298.3637347321,1098611.0155383036,3337.4325522563886,32
canvas_aware,95,1108791.774515666,1108791.774515666,1112083.019821664,3291.245305998018,32
canvas_aware,96,1116814.2640674384,1116814.2640674384,1127617.7532297748,10803.489162336336,256
canvas_aware,97,1122394.9549964515,1122462.37530996,1129850.0761329734,7455.121136521921,32
canvas_aware,98,1122492.1225438376,1122592.0260413564,1138680.616769615,16188.494225777453,256
canvas_aware,99,1123274.3746312282,1129850.0761329734,1141287.4373430866,18013.062711858423,256
canvas_aware,100,1144739.2856545735,1144739.2856545735,1148030.5309605715,3291.245305998018,32
canvas_aware,101,1168165.9188338572,1168165.9188338572,1171457.1641398552,3291.245305998018,32
canvas_aware,102,1176053.4792460282,1176053.4792460282,1179344.7245520263,3291.245305998018,32
canvas_aware,103,1194047.0631193244,1194047.0631193244,1197338.3084253224,3291.245305998018,32
canvas_aware,104,1202781.999606342,1202781.999606342,1206228.4420197478,3446.442413405748,32
canvas_aware,105,1204384.7879580308,1204413.312497141,1208012.2762057579,3627.488247727044,32
canvas_aware,106,1205748.0898057455,1206228.4420197478,1209693.6151185303,3945.5253127848264,32
canvas_aware,107,1209433.5171169634,1209443.252425757,1212755.9042293285,3322.3871123651043,32
canvas_aware,108,1232358.0321085458,1232358.0321085458,1235649.2774145438,3291.245305998018,32
canvas_aware,109,1248260.3820954964,1248260.3820954964,1256587.7255940859,8327.343498589471,256
canvas_aware,110,1267971.821434591,1267971.821434591,1276299.1649331804,8327.343498589471,256
canvas_aware,111,1290890.7101084343,1290890.7101084343,1294267.5814047263,3376.871296291938,32
canvas_aware,112,1293248.9023303243,1293266.130633633,1296691.1665494652,3442.2642191408668,32
canvas_aware,113,1296119.4548760615,1296127.8504907251,1299467.2604162635,3347.8055402019527,32
canvas_aware,114,1297204.1485481882,1299467.2604162635,1307794.603914853,10590.455366664799,256
canvas_aware,115,1312350.7109922927,1312350.7109922927,1320678.0544908822,8327.343498589471,256
canvas_aware,116,1333903.9808124795,1333903.9808124795,1337195.2261184775,3291.245305998018,32
canvas_aware,117,1339119.0957919685,1339119.0957919685,1342410.3410979665,3291.245305998018,32
canvas_aware,118,1348812.3593862592,1348812.3593862592,1352253.4501752716,3441.090789012378,32
canvas_aware,119,1350491.2613621762,1350500.9113258582,1353942.0021148706,3450.74075269443,32
canvas_aware,120,1377066.878403297,1377066.878403297,1385394.2219018864,8327.343498589471,256
canvas_aware,121,1397062.5182928997,1397062.5182928997,1400353.7635988977,3291.245305998018,32
canvas_aware,122,1434445.7504422155,1434445.7504422155,1442773.093940805,8327.343498589471,256
canvas_aware,123,1451093.762059819,1451093.762059819,1454385.007365817,3291.245305998018,32
canvas_aware,124,1472415.1164064722,1472415.1164064722,1475989.9978053188,3574.881398846628,32
canvas_aware,125,1472666.1035663206,1472672.692126072,1476247.5735249186,3581.469958598027,32
canvas_aware,126,1486005.5697216284,1486005.5697216284,1489296.8150276265,3291.245305998018,32
canvas_aware,127,1490043.017627857,1490043.017627857,1498370.3611264464,8327.343498589471,256
canvas_aware,128,1516752.857726711,1516752.857726711,1525080.2012253006,8327.343498589471,256
canvas_aware,129,1532959.622970688,1532959.622970688,1541286.9664692774,8327.343498589471,256
canvas_aware,130,1552915.3359805157,1552915.3359805157,1556206.5812865137,3291.245305998018,32
canvas_aware,131,1569562.1637349091,1569562.1637349091,1572853.4090409072,3291.245305998018,32
canvas_aware,132,1572665.6092376432,1572853.4090409072,1581180.7525394966,8515.143301853444,256
canvas_aware,133,1588147.8384344038,1588147.8384344038,1599308.5148485915,11160.676414187765,256
canvas_aware,134,1589291.8020007694,1589306.4253559466,1599766.4272389913,10474.625238221837,32
canvas_aware,135,1609862.0905622477,1609862.0905622477,1613153.3358682457,3291.245305998018,32
canvas_aware,136,1629423.2385542777,1629423.2385542777,1632714.4838602757,3291.245305998018,32
canvas_aware,137,1631939.1024324503,1632714.4838602757,1641041.8273588652,9102.7249264149,256
canvas_aware,138,1648899.22931249,1648899.22931249,1658056.539018679,9157.309706188971,256
canvas_aware,139,1655066.707741004,1655126.634015783,1660686.3942854686,5619.686544464668,32
canvas_aware,140,1658707.8887449943,1658714.7880798785,1662174.6095542677,3466.7208092734218,32
canvas_aware,141,1674572.2095788424,1674572.2095788424,1677927.6743775608,3355.464798718458,32
canvas_aware,142,1677154.6784402947,1677176.5862992408,1680532.0510979593,3377.372657664586,32
canvas_aware,143,1677394.1677878576,1680560.6706223593,1692378.083939265,14983.916151407408,256
canvas_aware,144,1679540.0923059538,1680532.0510979593,1692305.6722566686,12765.579950714717,32
canvas_aware,145,1683518.960533793,1683562.9873078517,1693236.6696712645,9717.709137471393,32
canvas_aware,146,1703495.9498188305,1703495.9498188305,1706787.1951248285,3291.245305998018,32
canvas_aware,147,1737574.87849822,1737574.87849822,1740866.123804218,3291.245305998018,32
canvas_aware,148,1740847.7736677232,1740866.123804218,1744157.369110216,3309.5954424927477,32
canvas_aware,149,1751105.5304867912,1751105.5304867912,1754396.7757927892,3291.245305998018,32
canvas_aware,150,1756208.427899892,1756208.427899892,1764535.7713984814,8327.343498589471,256
canvas_aware,151,1795920.6856095823,1795920.6856095823,1799211.9309155804,3291.245305998018,32
canvas_aware,152,1803604.0433651945,1803604.0433651945,1806895.2886711925,3291.245305998018,32
canvas_aware,153,1831611.808737847,1831611.808737847,1835095.7125220064,3483.903784159338,32
canvas_aware,154,1832837.347426221,1832842.4482870463,1836326.3520712056,3489.0046449846122,32
canvas_aware,155,1868037.3630313012,1868037.3630313012,1871451.6956983467,3414.332667045528,32
canvas_aware,156,1870004.4219968275,1870012.1102149,1873426.4428819455,3422.0208851180505,32
canvas_aware,157,1902847.7205161103,1902847.7205161103,1906157.6965074851,3309.975991374813,32
canvas_aware,158,1905932.9153959895,1905938.6291513084,1909449.2910574346,3516.375661445083,32
canvas_aware,159,1907080.3207397645,1907102.1408126845,1910594.072033434,3513.7512936694548,32
canvas_aware,160,1912781.898109996,1912781.898109996,1916073.143415994,3291.245305998018,32
canvas_aware,161,1925821.4893363707,1925821.4893363707,1929112.7346423687,3291.245305998018,32
canvas_aware,162,1929585.5630801998,1929585.5630801998,1932876.8083861978,3291.245305998018,32
canvas_aware,163,1938904.9090278202,1938904.9090278202,1947862.1295312752,8957.220503455028,256
canvas_aware,164,1946067.492194482,1946073.6656048668,1956633.5794747209,10566.087280238979,256
canvas_aware,165,1950932.0005892217,1950975.8318829217,1958322.1314143199,7390.130825098138,32
canvas_aware,166,1959526.0974034057,1959526.0974034057,1962849.452455764,3323.355052358238,32
canvas_aware,167,1962466.0839531296,1962473.908416604,1965797.2634689622,3331.1795158325695,32
canvas_aware,168,1974803.0282296573,1974803.0282296573,1978399.3161260774,3596.287896420108,32
canvas_aware,169,1974819.9553301001,1974831.6477540573,1978427.9356504774,3607.9803203772753,32
canvas_aware,170,2000799.6112879561,2000799.6112879561,2009355.9109817455,8556.299693789333,256
canvas_aware,171,2008531.3034427715,2008547.6613257742,2012418.2000925436,3886.8966497720685,32
canvas_aware,172,2021240.6237201493,2021240.6237201493,2024531.8690261473,3291.245305998018,32
canvas_aware,173,2034786.645880473,2034786.645880473,2043113.9893790626,8327.343498589471,256
canvas_aware,174,2045892.335874352,2045892.335874352,2055828.3061905913,9935.9703162394,256
canvas_aware,175,2050421.3858979316,2050454.271877927,2057799.9123961814,7378.526498249732,32
canvas_aware,176,2051146.8112294525,2051161.490326902,2058000.2490669813,6853.437837528763,32
canvas_aware,177,2062060.3288785575,2062060.3288785575,2065351.5741845556,3291.245305998018,32
canvas_aware,178,2066068.0906028878,2066068.0906028878,2069359.3359088858,3291.245305998018,32
canvas_aware,179,2069835.6375271755,2069835.6375271755,2073126.8828331735,3291.245305998018,32
canvas_aware,180,2088675.3903897419,2088675.3903897419,2091966.6356957399,3291.245305998018,32
canvas_aware,181,2101396.274675879,2101396.274675879,2104687.519981851,3291.245305971708,32
canvas_aware,182,2104967.6290069446,2104967.6290069446,2115127.4364768844,10159.807469939813,256
canvas_aware,183,2108667.903976731,2108733.036501959,2116754.793979911,8086.890003180131,32
canvas_aware,184,2113917.029591075,2113986.6592657603,2118243.009248698,4325.9796576229855,32
canvas_aware,185,2119065.372519582,2119065.372519582,2122356.6178255538,3291.245305971708,32
canvas_aware,186,2122570.245255408,2122570.245255408,2133757.447208644,11187.201953236014,256
canvas_aware,187,2123931.7396976976,2123946.06722474,2134352.0586039806,10420.318906283006,32
canvas_aware,188,2129386.7098244787,2129401.752402534,2135897.512921567,6510.803097088356,32
canvas_aware,189,2157581.6132155275,2157581.6132155275,2160872.8585214987,3291.2453059712425,32
canvas_aware,190,2168892.491127931,2168892.491127931,2172183.7364339028,3291.245305971708,32
canvas_aware,191,2192202.907367985,2192202.907367985,2195494.152673957,3291.245305971708,32
canvas_aware,192,2201761.4102069894,2201761.4102069894,2205052.6555129606,3291.2453059712425,32
canvas_aware,193,2205341.738498117,2205341.738498117,2214009.0161827244,8667.277684607543,256
canvas_aware,194,2213281.0804961673,2213307.023583724,2217157.163866697,3876.083370529581,32
canvas_aware,195,2213285.1407172983,2213335.643108124,2228428.469555895,15143.328838596586,256
canvas_aware,196,2216666.669234102,2217157.163866697,2228584.946238878,11918.277004776057,32
canvas_aware,197,2222285.8963272595,2222309.755423502,2230044.5419832654,7758.645656005945,32
canvas_aware,198,2230960.5396583877,2230960.5396583877,2239287.883156977,8327.343498589471,256
canvas_aware,199,2241594.119269841,2241594.119269841,2249921.4627684304,8327.343498589471,256
