request_id,cache_mode,prompt_length,generation_length,block,inner_step,progress,semantic_bytes,cache_bytes,strategy,cpu_memory_mode,checkpoint_prepare_ms,d2h_ms,gpu_restore_prepare_ms,h2d_ms,semantic_restore_ms,restore_setup_ms,rebuild_ms,recompute_ms,total_recovery_ms,gpu_bytes_retained,full_state_bytes,median_iteration_ms,final_exact,repetition
shape0_p25_g128,prefix,25,128,0,0,0.0,1224,0,full_offload_pageable,pageable,0.041157996747642756,0.04500499926507473,0.1079339999705553,0.07875901064835489,0.0,0.535931991180405,0.0,0.0,0.8087879978120327,0,2464,32.300313003361225,True,0
shape0_p25_g128,prefix,25,128,0,0,0.0,1224,0,full_offload_pageable,pageable,0.02098002005368471,0.04136798088438809,0.09247398702427745,0.07460100459866226,0.0,0.47333401744253933,0.0,0.0,0.7027570100035518,0,2464,32.300313003361225,True,1
shape0_p25_g128,prefix,25,128,0,0,0.0,1224,0,full_offload_pinned,pinned,0.04413301940076053,0.03200001083314419,0.09358700481243432,0.0678280193824321,0.0,0.4789849917870015,0.0,0.0,0.7165330462157726,0,2464,32.300313003361225,True,0
shape0_p25_g128,prefix,25,128,0,0,0.0,1224,0,full_offload_pinned,pinned,0.04791101673617959,0.026730995159596205,0.09399699047207832,0.06829900667071342,0.0,0.4813290142919868,0.0,0.0,0.7182670233305544,0,2464,32.300313003361225,True,1
shape0_p25_g128,prefix,25,128,0,0,0.0,1224,0,semantic_only,pinned,0.042920990381389856,0.0264599802903831,0.08549200720153749,0.05886200233362615,6.838358007371426,6.838358007371426,0,0.0,7.052092987578362,0,2464,32.300313003361225,True,0
shape0_p25_g128,prefix,25,128,0,0,0.0,1224,0,semantic_only,pinned,0.08150399662554264,0.06548297824338078,0.09374701767228544,0.060645019402727485,6.792561995098367,6.792561995098367,0,0.0,7.093941007042304,0,2464,32.300313003361225,True,1
shape0_p25_g128,prefix,25,128,0,0,0.0,1224,0,drop_restart,none,0.0,0.0,0.0,0.0,0.0,0.0,0.0,0.5130090285092592,0.5130090285092592,0,2464,32.300313003361225,True,0
shape0_p25_g128,prefix,25,128,0,0,0.0,1224,0,drop_restart,none,0.0,0.0,0.0,0.0,0.0,0.0,0.0,0.5110760102979839,0.5110760102979839,0,2464,32.300313003361225,True,1
shape0_p25_g128,prefix,25,128,0,0,0.0,1224,0,keep,none,0.0,0.0,0.0,0.0,0.0,0.28627098072320223,0.0,0.0,0.28627098072320223,2464,2464,32.300313003361225,True,0
shape0_p25_g128,prefix,25,128,0,0,0.0,1224,0,keep,none,0.0,0.0,0.0,0.0,0.0,0.24629500694572926,0.0,0.0,0.24629500694572926,2464,2464,32.300313003361225,True,1
shape0_p25_g128,prefix,25,128,0,13,0.1015625,1224,13107200,full_offload_pageable,pageable,0.40237000212073326,7.667373982258141,0.34719600807875395,1.9203079864382744,0.0,0.9480709850322455,0.0,0.0,11.285318963928148,0,13109920,32.300313003361225,True,0
shape0_p25_g128,prefix,25,128,0,13,0.1015625,1224,13107200,full_offload_pageable,pageable,0.39115900290198624,6.414336996385828,0.3469059884082526,1.8546630162745714,0.0,0.9338640084024519,0.0,0.0,9.94092901237309,0,13109920,32.300313003361225,True,1
shape0_p25_g128,prefix,25,128,0,13,0.1015625,1224,13107200,full_offload_pinned,pinned,0.15773798804730177,1.4857760106679052,0.3658909990917891,0.8592729864176363,0.0,0.9253979951608926,0.0,0.0,3.794075979385525,0,13109920,32.300313003361225,True,0
shape0_p25_g128,prefix,25,128,0,13,0.1015625,1224,13107200,full_offload_pinned,pinned,9.663985983934253,0.6083089974708855,0.34709597821347415,0.8606659830547869,0.0,0.9747910080477595,0.0,0.0,12.45484795072116,0,13109920,32.300313003361225,True,1
shape0_p25_g128,prefix,25,128,0,13,0.1015625,1224,13107200,semantic_only,pinned,0.018154009012505412,0.022010994143784046,0.08920798427425325,0.0604050001129508,13.615550997201353,13.615550997201353,38.53376299957745,0.0,52.339091984322295,0,13109920,32.300313003361225,True,0
shape0_p25_g128,prefix,25,128,0,13,0.1015625,1224,13107200,semantic_only,pinned,0.07917999755591154,0.06611499702557921,0.0954309944063425,0.12282197712920606,13.593298994237557,13.593298994237557,37.65147700323723,0.0,51.60832396359183,0,13109920,32.300313003361225,True,1
shape0_p25_g128,prefix,25,128,0,13,0.1015625,1224,13107200,drop_restart,none,0.0,0.0,0.0,0.0,0.0,0.0,0.0,464.4683099759277,464.4683099759277,0,13109920,32.300313003361225,True,0
shape0_p25_g128,prefix,25,128,0,13,0.1015625,1224,13107200,drop_restart,none,0.0,0.0,0.0,0.0,0.0,0.0,0.0,465.7248529838398,465.7248529838398,0,13109920,32.300313003361225,True,1
shape0_p25_g128,prefix,25,128,0,13,0.1015625,1224,13107200,keep,none,0.0,0.0,0.0,0.0,0.0,0.7149710145313293,0.0,0.0,0.7149710145313293,13109920,13109920,32.300313003361225,True,0
shape0_p25_g128,prefix,25,128,0,13,0.1015625,1224,13107200,keep,none,0.0,0.0,0.0,0.0,0.0,0.6541049806401134,0.0,0.0,0.6541049806401134,13109920,13109920,32.300313003361225,True,1
shape0_p25_g128,prefix,25,128,1,0,0.25,1224,0,full_offload_pageable,pageable,0.026169989723712206,0.03659899812191725,0.09629200212657452,0.07510199793614447,0.0,0.4852359998039901,0.0,0.0,0.7193989877123386,0,2464,32.300313003361225,True,0
shape0_p25_g128,prefix,25,128,1,0,0.25,1224,0,full_offload_pageable,pageable,0.019076018361374736,0.03717001527547836,0.10264400043524802,0.07603300036862493,0.0,0.4742550081573427,0.0,0.0,0.7091780425980687,0,2464,32.300313003361225,True,1
shape0_p25_g128,prefix,25,128,1,0,0.25,1224,0,full_offload_pinned,pinned,0.026839989004656672,0.026399997295811772,0.09501900058239698,0.06649500573985279,0.0,0.5213240219745785,0.0,0.0,0.7360780145972967,0,2464,32.300313003361225,True,0
shape0_p25_g128,prefix,25,128,1,0,0.25,1224,0,full_offload_pinned,pinned,0.020337989553809166,0.026920984964817762,0.09538000449538231,0.06768800085410476,0.0,0.474314991151914,0.0,0.0,0.684641971020028,0,2464,32.300313003361225,True,1
shape0_p25_g128,prefix,25,128,1,0,0.25,1224,0,semantic_only,pinned,0.017784012015908957,0.02112999209202826,0.08879799861460924,0.058940990129485726,6.858876993646845,6.858876993646845,0,0.0,7.045529986498877,0,2464,32.300313003361225,True,0
shape0_p25_g128,prefix,25,128,1,0,0.25,1224,0,semantic_only,pinned,0.07939001079648733,0.0654929899610579,0.08878702647052705,0.12224100646562874,7.154374994570389,7.154374994570389,0,0.0,7.51028602826409,0,2464,32.300313003361225,True,1
shape0_p25_g128,prefix,25,128,1,0,0.25,1224,0,drop_restart,none,0.0,0.0,0.0,0.0,0.0,0.0,0.0,1133.335084974533,1133.335084974533,0,2464,32.300313003361225,True,0
shape0_p25_g128,prefix,25,128,1,0,0.25,1224,0,drop_restart,none,0.0,0.0,0.0,0.0,0.0,0.0,0.0,1134.372373984661,1134.372373984661,0,2464,32.300313003361225,True,1
shape0_p25_g128,prefix,25,128,1,0,0.25,1224,0,keep,none,0.0,0.0,0.0,0.0,0.0,0.29214099049568176,0.0,0.0,0.29214099049568176,2464,2464,32.300313003361225,True,0
shape0_p25_g128,prefix,25,128,1,0,0.25,1224,0,keep,none,0.0,0.0,0.0,0.0,0.0,0.24009300977922976,0.0,0.0,0.24009300977922976,2464,2464,32.300313003361225,True,1
shape0_p25_g128,prefix,25,128,2,0,0.5,1224,0,full_offload_pageable,pageable,0.039403996197506785,0.03809199552051723,0.09237398626282811,0.07189498865045607,0.0,0.4934519820380956,0.0,0.0,0.7352169486694038,0,2464,32.300313003361225,True,0
shape0_p25_g128,prefix,25,128,2,0,0.5,1224,0,full_offload_pageable,pageable,0.019255996448919177,0.03805200685746968,0.09257500641979277,0.07277799886651337,0.0,0.4704279999714345,0.0,0.0,0.6930890085641295,0,2464,32.300313003361225,True,1
shape0_p25_g128,prefix,25,128,2,0,0.5,1224,0,full_offload_pinned,pinned,0.021460000425577164,0.026460009394213557,0.09658199269324541,0.07068301783874631,0.0,0.4974890034645796,0.0,0.0,0.712674023816362,0,2464,32.300313003361225,True,0
shape0_p25_g128,prefix,25,128,2,0,0.5,1224,0,full_offload_pinned,pinned,0.021971005480736494,0.027041009161621332,0.0965320214163512,0.06721599493175745,0.0,0.47640898264944553,0.0,0.0,0.689169013639912,0,2464,32.300313003361225,True,1
shape0_p25_g128,prefix,25,128,2,0,0.5,1224,0,semantic_only,pinned,0.017712998669594526,0.021590007236227393,0.08716399315744638,0.0610249990131706,6.924640998477116,6.924640998477116,0,0.0,7.112132996553555,0,2464,32.300313003361225,True,0
shape0_p25_g128,prefix,25,128,2,0,0.5,1224,0,semantic_only,pinned,0.07943998207338154,0.06583399954251945,0.08926898590289056,0.06629500421695411,6.813701998908073,6.813701998908073,0,0.0,7.114539970643818,0,2464,32.300313003361225,True,1
shape0_p25_g128,prefix,25,128,2,0,0.5,1224,0,drop_restart,none,0.0,0.0,0.0,0.0,0.0,0.0,0.0,2228.9050620165654,2228.9050620165654,0,2464,32.300313003361225,True,0
shape0_p25_g128,prefix,25,128,2,0,0.5,1224,0,drop_restart,none,0.0,0.0,0.0,0.0,0.0,0.0,0.0,2229.2812230007257,2229.2812230007257,0,2464,32.300313003361225,True,1
shape0_p25_g128,prefix,25,128,2,0,0.5,1224,0,keep,none,0.0,0.0,0.0,0.0,0.0,0.3050760133191943,0.0,0.0,0.3050760133191943,2464,2464,32.300313003361225,True,0
shape0_p25_g128,prefix,25,128,2,0,0.5,1224,0,keep,none,0.0,0.0,0.0,0.0,0.0,0.23811901337467134,0.0,0.0,0.23811901337467134,2464,2464,32.300313003361225,True,1
shape0_p25_g128,prefix,25,128,3,0,0.75,1224,0,full_offload_pageable,pageable,0.02611899981275201,0.036850018659606576,0.09777498780749738,0.07514198659919202,0.0,0.48106900067068636,0.0,0.0,0.7169549935497344,0,2464,32.300313003361225,True,0
shape0_p25_g128,prefix,25,128,3,0,0.75,1224,0,full_offload_pageable,pageable,0.01862502540461719,0.039022997952997684,0.09931801469065249,0.07463098154403269,0.0,0.47647999599575996,0.0,0.0,0.70807701558806,0,2464,32.300313003361225,True,1
shape0_p25_g128,prefix,25,128,3,0,0.75,1224,0,full_offload_pinned,pinned,0.02208098885603249,0.027050991775467992,0.09303598199039698,0.06657498306594789,0.0,0.5301909986883402,0.0,0.0,0.7389339443761855,0,2464,32.300313003361225,True,0
shape0_p25_g128,prefix,25,128,3,0,0.75,1224,0,full_offload_pinned,pinned,0.020478008082136512,0.02641999162733555,0.09275498450733721,0.06552398554049432,0.0,0.4780129820574075,0.0,0.0,0.6831899518147111,0,2464,32.300313003361225,True,1
shape0_p25_g128,prefix,25,128,3,0,0.75,1224,0,semantic_only,pinned,0.01786398934200406,0.02103002043440938,0.08649300434626639,0.05948200123384595,6.88875000923872,6.88875000923872,0,0.0,7.073619024595246,0,2464,32.300313003361225,True,0
shape0_p25_g128,prefix,25,128,3,0,0.75,1224,0,semantic_only,pinned,0.08097299723885953,0.0671170128043741,0.0868439965415746,0.058029021602123976,6.865094997920096,6.865094997920096,0,0.0,7.158058026107028,0,2464,32.300313003361225,True,1
shape0_p25_g128,prefix,25,128,3,0,0.75,1224,0,drop_restart,none,0.0,0.0,0.0,0.0,0.0,0.0,0.0,3263.0887019913644,3263.0887019913644,0,2464,32.300313003361225,True,0
shape0_p25_g128,prefix,25,128,3,0,0.75,1224,0,drop_restart,none,0.0,0.0,0.0,0.0,0.0,0.0,0.0,3261.9498709973413,3261.9498709973413,0,2464,32.300313003361225,True,1
shape0_p25_g128,prefix,25,128,3,0,0.75,1224,0,keep,none,0.0,0.0,0.0,0.0,0.0,0.31443400075659156,0.0,0.0,0.31443400075659156,2464,2464,32.300313003361225,True,0
shape0_p25_g128,prefix,25,128,3,0,0.75,1224,0,keep,none,0.0,0.0,0.0,0.0,0.0,0.24102500174194574,0.0,0.0,0.24102500174194574,2464,2464,32.300313003361225,True,1
shape0_p25_g128,prefix,25,128,3,19,0.8984375,1224,63438848,full_offload_pageable,pageable,0.40865197661332786,32.417731010355055,0.3699189983308315,6.167498009745032,0.0,0.9593910071998835,0.0,0.0,40.32319100224413,0,63441568,32.300313003361225,True,0
shape0_p25_g128,prefix,25,128,3,19,0.8984375,1224,63438848,full_offload_pageable,pageable,0.5797450139652938,29.43556898389943,0.3761699772439897,6.1097979778423905,0.0,0.9440029971301556,0.0,0.0,37.44528495008126,0,63441568,32.300313003361225,True,1
shape0_p25_g128,prefix,25,128,3,19,0.8984375,1224,63438848,full_offload_pinned,pinned,0.15667598927393556,3.7714320060331374,0.3659409994725138,2.905157016357407,0.0,0.9226319962181151,0.0,0.0,8.121838007355109,0,63441568,32.300313003361225,True,0
shape0_p25_g128,prefix,25,128,3,19,0.8984375,1224,63438848,full_offload_pinned,pinned,36.46428300999105,2.7030640048906207,0.3577760071493685,3.141823020996526,0.0,0.9469090146012604,0.0,0.0,43.613855057628825,0,63441568,32.300313003361225,True,1
shape0_p25_g128,prefix,25,128,3,19,0.8984375,1224,63438848,semantic_only,pinned,0.01859499025158584,0.021180021576583385,0.090201006969437,0.05955202504992485,13.776095991488546,13.776095991488546,38.89265999896452,0.0,52.858284034300596,0,63441568,32.300313003361225,True,0
shape0_p25_g128,prefix,25,128,3,19,0.8984375,1224,63438848,semantic_only,pinned,0.07738600834272802,0.06569401011802256,0.09160302579402924,0.06128600216470659,13.72130197705701,13.72130197705701,39.61779901874252,0.0,53.63507004221901,0,63441568,32.300313003361225,True,1
shape0_p25_g128,prefix,25,128,3,19,0.8984375,1224,63438848,drop_restart,none,0.0,0.0,0.0,0.0,0.0,0.0,0.0,3864.8929379996844,3864.8929379996844,0,63441568,32.300313003361225,True,0
shape0_p25_g128,prefix,25,128,3,19,0.8984375,1224,63438848,drop_restart,none,0.0,0.0,0.0,0.0,0.0,0.0,0.0,3865.8475499833003,3865.8475499833003,0,63441568,32.300313003361225,True,1
shape0_p25_g128,prefix,25,128,3,19,0.8984375,1224,63438848,keep,none,0.0,0.0,0.0,0.0,0.0,0.7122749811969697,0.0,0.0,0.7122749811969697,63441568,63441568,32.300313003361225,True,0
shape0_p25_g128,prefix,25,128,3,19,0.8984375,1224,63438848,keep,none,0.0,0.0,0.0,0.0,0.0,0.6468210194725543,0.0,0.0,0.6468210194725543,63441568,63441568,32.300313003361225,True,1
shape0_p25_g128,prefix,25,128,3,31,0.9921875,1224,63438848,full_offload_pageable,pageable,0.3985180228482932,32.02573797898367,0.37892101681791246,6.128395994892344,0.0,0.938690995099023,0.0,0.0,39.87026400864124,0,63441568,32.300313003361225,True,0
shape0_p25_g128,prefix,25,128,3,31,0.9921875,1224,63438848,full_offload_pageable,pageable,0.41788400267250836,29.358574014622718,0.3729499876499176,6.081749015720561,0.0,0.9270089794881642,0.0,0.0,37.15816600015387,0,63441568,32.300313003361225,True,1
shape0_p25_g128,prefix,25,128,3,31,0.9921875,1224,63438848,full_offload_pinned,pinned,0.1569740124978125,3.7123340007383376,0.3689920122269541,2.866978000383824,0.0,0.915337004698813,0.0,0.0,8.020615030545741,0,63441568,32.300313003361225,True,0
shape0_p25_g128,prefix,25,128,3,31,0.9921875,1224,63438848,full_offload_pinned,pinned,0.16752397641539574,2.4728989810682833,0.37064499338157475,3.0468860059045255,0.0,0.9514050034340471,0.0,0.0,7.009358960203826,0,63441568,32.300313003361225,True,1
shape0_p25_g128,prefix,25,128,3,31,0.9921875,1224,63438848,semantic_only,pinned,0.018324004486203194,0.0228129792958498,0.08879700908437371,0.06195699097588658,19.3323019775562,19.3323019775562,38.362671999493614,0.0,57.886864960892126,0,63441568,32.300313003361225,True,0
shape0_p25_g128,prefix,25,128,3,31,0.9921875,1224,63438848,semantic_only,pinned,0.08300697663798928,0.06792802014388144,0.09108200902119279,0.061045982874929905,13.756747997831553,13.756747997831553,39.54487599548884,0.0,53.604686981998384,0,63441568,32.300313003361225,True,1
shape0_p25_g128,prefix,25,128,3,31,0.9921875,1224,63438848,drop_restart,none,0.0,0.0,0.0,0.0,0.0,0.0,0.0,4232.591701991623,4232.591701991623,0,63441568,32.300313003361225,True,0
shape0_p25_g128,prefix,25,128,3,31,0.9921875,1224,63438848,drop_restart,none,0.0,0.0,0.0,0.0,0.0,0.0,0.0,4234.183739026776,4234.183739026776,0,63441568,32.300313003361225,True,1
shape0_p25_g128,prefix,25,128,3,31,0.9921875,1224,63438848,keep,none,0.0,0.0,0.0,0.0,0.0,0.7189690077211708,0.0,0.0,0.7189690077211708,63441568,63441568,32.300313003361225,True,0
shape0_p25_g128,prefix,25,128,3,31,0.9921875,1224,63438848,keep,none,0.0,0.0,0.0,0.0,0.0,0.6413419905584306,0.0,0.0,0.6413419905584306,63441568,63441568,32.300313003361225,True,1
shape0_p25_g128,dual,25,128,0,0,0.0,1224,0,full_offload_pageable,pageable,0.03916400601156056,0.044894986785948277,0.09471902740187943,0.15183701179921627,0.0,0.47047800035215914,0.0,0.0,0.8010930323507637,0,2464,46.1810469860211,True,0
shape0_p25_g128,dual,25,128,0,0,0.0,1224,0,full_offload_pageable,pageable,0.019255996448919177,0.0388530024792999,0.09844600572250783,0.07462099893018603,0.0,0.4732029919978231,0.0,0.0,0.7043789955787361,0,2464,46.1810469860211,True,1
shape0_p25_g128,dual,25,128,0,0,0.0,1224,0,full_offload_pinned,pinned,0.04497499321587384,0.03168999683111906,0.09653199231252074,0.06974200368858874,0.0,0.4665809974540025,0.0,0.0,0.7095199835021049,0,2464,46.1810469860211,True,0
shape0_p25_g128,dual,25,128,0,0,0.0,1224,0,full_offload_pinned,pinned,0.02061898703686893,0.025818997528403997,0.09692300227470696,0.06959098391234875,0.0,0.470619008410722,0.0,0.0,0.6835709791630507,0,2464,46.1810469860211,True,1
shape0_p25_g128,dual,25,128,0,0,0.0,1224,0,semantic_only,pinned,0.04890200216323137,0.026770983822643757,0.08568199700675905,0.05956200766377151,6.802642019465566,6.802642019465566,0,0.0,7.023559010121971,0,2464,46.1810469860211,True,0
shape0_p25_g128,dual,25,128,0,0,0.0,1224,0,semantic_only,pinned,0.08003099355846643,0.06766800652258098,0.09069099905900657,0.060053018387407064,6.817229994339868,6.817229994339868,0,0.0,7.1156730118673295,0,2464,46.1810469860211,True,1
shape0_p25_g128,dual,25,128,0,0,0.0,1224,0,drop_restart,none,0.0,0.0,0.0,0.0,0.0,0.0,0.0,0.515302992425859,0.515302992425859,0,2464,46.1810469860211,True,0
shape0_p25_g128,dual,25,128,0,0,0.0,1224,0,drop_restart,none,0.0,0.0,0.0,0.0,0.0,0.0,0.0,0.5169959913473576,0.5169959913473576,0,2464,46.1810469860211,True,1
shape0_p25_g128,dual,25,128,0,0,0.0,1224,0,keep,none,0.0,0.0,0.0,0.0,0.0,0.2906890003941953,0.0,0.0,0.2906890003941953,2464,2464,46.1810469860211,True,0
shape0_p25_g128,dual,25,128,0,0,0.0,1224,0,keep,none,0.0,0.0,0.0,0.0,0.0,0.25616298080421984,0.0,0.0,0.25616298080421984,2464,2464,46.1810469860211,True,1
shape0_p25_g128,dual,25,128,0,13,0.1015625,1224,80216064,full_offload_pageable,pageable,0.40974299190565944,39.112819998990744,0.3639170026872307,7.04839700483717,0.0,0.914064992684871,0.0,0.0,47.848941991105676,0,80218937,46.1810469860211,True,0
shape0_p25_g128,dual,25,128,0,13,0.1015625,1224,80216064,full_offload_pageable,pageable,0.4325660120230168,36.54371001175605,0.36752401501871645,6.977553013712168,0.0,0.8990570204332471,0.0,0.0,45.220410072943196,0,80218937,46.1810469860211,True,1
shape0_p25_g128,dual,25,128,0,13,0.1015625,1224,80216064,full_offload_pinned,pinned,0.15621501370333135,4.2633889825083315,0.3668229910545051,3.681459988001734,0.0,0.885632005520165,0.0,0.0,9.353518980788067,0,80218937,46.1810469860211,True,0
shape0_p25_g128,dual,25,128,0,13,0.1015625,1224,80216064,full_offload_pinned,pinned,70.19597198814154,3.3823959820438176,0.3603610093705356,3.567584994016215,0.0,0.931859016418457,0.0,0.0,78.43817298999056,0,80218937,46.1810469860211,True,1
shape0_p25_g128,dual,25,128,0,13,0.1015625,1224,80216064,semantic_only,pinned,0.01796300057321787,0.02155100810341537,0.09117202716879547,0.0605850073043257,13.361905992496759,13.361905992496759,39.05889901216142,0.0,52.61207604780793,0,80218937,46.1810469860211,True,0
shape0_p25_g128,dual,25,128,0,13,0.1015625,1224,80216064,semantic_only,pinned,0.07939999341033399,0.07168500451371074,0.0902900064829737,0.05863001570105553,13.35292900330387,13.35292900330387,38.955603988142684,0.0,52.60853801155463,0,80218937,46.1810469860211,True,1
shape0_p25_g128,dual,25,128,0,13,0.1015625,1224,80216064,drop_restart,none,0.0,0.0,0.0,0.0,0.0,0.0,0.0,605.8963849791326,605.8963849791326,0,80218937,46.1810469860211,True,0
shape0_p25_g128,dual,25,128,0,13,0.1015625,1224,80216064,drop_restart,none,0.0,0.0,0.0,0.0,0.0,0.0,0.0,605.8831500122324,605.8831500122324,0,80218937,46.1810469860211,True,1
shape0_p25_g128,dual,25,128,0,13,0.1015625,1224,80216064,keep,none,0.0,0.0,0.0,0.0,0.0,0.670745997922495,0.0,0.0,0.670745997922495,80218937,80218937,46.1810469860211,True,0
shape0_p25_g128,dual,25,128,0,13,0.1015625,1224,80216064,keep,none,0.0,0.0,0.0,0.0,0.0,0.6111039838287979,0.0,0.0,0.6111039838287979,80218937,80218937,46.1810469860211,True,1
shape0_p25_g128,dual,25,128,1,0,0.25,1224,0,full_offload_pageable,pageable,0.03441498847678304,0.03701000241562724,0.09664299432188272,0.07664499571546912,0.0,0.4816990112885833,0.0,0.0,0.7264119922183454,0,2464,46.1810469860211,True,0
shape0_p25_g128,dual,25,128,1,0,0.25,1224,0,full_offload_pageable,pageable,0.019486004021018744,0.0394649978261441,0.09304602281190455,0.07605398423038423,0.0,0.46465700143016875,0.0,0.0,0.6927080103196204,0,2464,46.1810469860211,True,1
shape0_p25_g128,dual,25,128,1,0,0.25,1224,0,full_offload_pinned,pinned,0.021911022486165166,0.02602898166514933,0.09616199531592429,0.07071401341818273,0.0,0.5076689994893968,0.0,0.0,0.7224850123748183,0,2464,46.1810469860211,True,0
shape0_p25_g128,dual,25,128,1,0,0.25,1224,0,full_offload_pinned,pinned,0.022132007870823145,0.027331989258527756,0.09302500984631479,0.0690600136294961,0.0,0.4712289955932647,0.0,0.0,0.6827780161984265,0,2464,46.1810469860211,True,1
shape0_p25_g128,dual,25,128,1,0,0.25,1224,0,semantic_only,pinned,0.01739300205372274,0.021581014152616262,0.09126300574280322,0.06278898217715323,6.838781002443284,6.838781002443284,0,0.0,7.031807006569579,0,2464,46.1810469860211,True,0
shape0_p25_g128,dual,25,128,1,0,0.25,1224,0,semantic_only,pinned,0.07531201117672026,0.0676780182402581,0.09054099791683257,0.061426020693033934,6.881953013362363,6.881953013362363,0,0.0,7.176910061389208,0,2464,46.1810469860211,True,1
shape0_p25_g128,dual,25,128,1,0,0.25,1224,0,drop_restart,none,0.0,0.0,0.0,0.0,0.0,0.0,0.0,1491.4935450069606,1491.4935450069606,0,2464,46.1810469860211,True,0
shape0_p25_g128,dual,25,128,1,0,0.25,1224,0,drop_restart,none,0.0,0.0,0.0,0.0,0.0,0.0,0.0,1490.7271479896735,1490.7271479896735,0,2464,46.1810469860211,True,1
shape0_p25_g128,dual,25,128,1,0,0.25,1224,0,keep,none,0.0,0.0,0.0,0.0,0.0,0.2957480028271675,0.0,0.0,0.2957480028271675,2464,2464,46.1810469860211,True,0
shape0_p25_g128,dual,25,128,1,0,0.25,1224,0,keep,none,0.0,0.0,0.0,0.0,0.0,0.23820000933483243,0.0,0.0,0.23820000933483243,2464,2464,46.1810469860211,True,1
shape0_p25_g128,dual,25,128,2,0,0.5,1224,0,full_offload_pageable,pageable,0.0366389867849648,0.03671899321489036,0.09726401185616851,0.07661501877009869,0.0,0.49144699005410075,0.0,0.0,0.7386840006802231,0,2464,46.1810469860211,True,0
shape0_p25_g128,dual,25,128,2,0,0.5,1224,0,full_offload_pageable,pageable,0.0188550038728863,0.03748101880773902,0.09792498894967139,0.07596402429044247,0.0,0.4758379945997149,0.0,0.0,0.706063030520454,0,2464,46.1810469860211,True,1
shape0_p25_g128,dual,25,128,2,0,0.5,1224,0,full_offload_pinned,pinned,0.021410000044852495,0.026008987333625555,0.09549100650474429,0.06994197610765696,0.0,0.5069570033811033,0.0,0.0,0.7198089733719826,0,2464,46.1810469860211,True,0
shape0_p25_g128,dual,25,128,2,0,0.5,1224,0,full_offload_pinned,pinned,0.020728999515995383,0.026319001335650682,0.09488899377174675,0.0691609748173505,0.0,0.48530599451623857,0.0,0.0,0.6964039639569819,0,2464,46.1810469860211,True,1
shape0_p25_g128,dual,25,128,2,0,0.5,1224,0,semantic_only,pinned,0.01808398519642651,0.021279993234202266,0.08975900709629059,0.06090500392019749,6.90285098971799,6.90285098971799,0,0.0,7.092878979165107,0,2464,46.1810469860211,True,0
shape0_p25_g128,dual,25,128,2,0,0.5,1224,0,semantic_only,pinned,0.07880799239501357,0.06565399235114455,0.08915801299735904,0.0590819981880486,6.87890499830246,6.87890499830246,0,0.0,7.1716069942340255,0,2464,46.1810469860211,True,1
shape0_p25_g128,dual,25,128,2,0,0.5,1224,0,drop_restart,none,0.0,0.0,0.0,0.0,0.0,0.0,0.0,2981.128609011648,2981.128609011648,0,2464,46.1810469860211,True,0
shape0_p25_g128,dual,25,128,2,0,0.5,1224,0,drop_restart,none,0.0,0.0,0.0,0.0,0.0,0.0,0.0,2988.7547039834317,2988.7547039834317,0,2464,46.1810469860211,True,1
shape0_p25_g128,dual,25,128,2,0,0.5,1224,0,keep,none,0.0,0.0,0.0,0.0,0.0,0.3060180169995874,0.0,0.0,0.3060180169995874,2464,2464,46.1810469860211,True,0
shape0_p25_g128,dual,25,128,2,0,0.5,1224,0,keep,none,0.0,0.0,0.0,0.0,0.0,0.23867998970672488,0.0,0.0,0.23867998970672488,2464,2464,46.1810469860211,True,1
shape0_p25_g128,dual,25,128,3,0,0.75,1224,0,full_offload_pageable,pageable,0.036318000638857484,0.03711000317707658,0.0960509933065623,0.07386898505501449,0.0,0.4939430218655616,0.0,0.0,0.7372910040430725,0,2464,46.1810469860211,True,0
shape0_p25_g128,dual,25,128,3,0,0.75,1224,0,full_offload_pageable,pageable,0.019225990399718285,0.03810197813436389,0.09769501048140228,0.08226599311456084,0.0,0.4679440171457827,0.0,0.0,0.705232989275828,0,2464,46.1810469860211,True,1
shape0_p25_g128,dual,25,128,3,0,0.75,1224,0,full_offload_pinned,pinned,0.021800980903208256,0.027371977921575308,0.09494900587014854,0.0688800064381212,0.0,0.5287579842843115,0.0,0.0,0.7417599554173648,0,2464,46.1810469860211,True,0
shape0_p25_g128,dual,25,128,3,0,0.75,1224,0,full_offload_pinned,pinned,0.022572989109903574,0.026430003345012665,0.09738400694914162,0.06913000834174454,0.0,0.4818089946638793,0.0,0.0,0.6973260024096817,0,2464,46.1810469860211,True,1
shape0_p25_g128,dual,25,128,3,0,0.75,1224,0,semantic_only,pinned,0.023133005015552044,0.021499989088624716,0.0898500147741288,0.06227701669558883,6.930549978278577,6.930549978278577,0,0.0,7.127310003852472,0,2464,46.1810469860211,True,0
shape0_p25_g128,dual,25,128,3,0,0.75,1224,0,semantic_only,pinned,0.07969001308083534,0.06642498192377388,0.09096201392821968,0.06677600322291255,6.861640984425321,6.861640984425321,0,0.0,7.165493996581063,0,2464,46.1810469860211,True,1
shape0_p25_g128,dual,25,128,3,0,0.75,1224,0,drop_restart,none,0.0,0.0,0.0,0.0,0.0,0.0,0.0,4479.893154988531,4479.893154988531,0,2464,46.1810469860211,True,0
shape0_p25_g128,dual,25,128,3,0,0.75,1224,0,drop_restart,none,0.0,0.0,0.0,0.0,0.0,0.0,0.0,4471.051578002516,4471.051578002516,0,2464,46.1810469860211,True,1
shape0_p25_g128,dual,25,128,3,0,0.75,1224,0,keep,none,0.0,0.0,0.0,0.0,0.0,0.3195430035702884,0.0,0.0,0.3195430035702884,2464,2464,46.1810469860211,True,0
shape0_p25_g128,dual,25,128,3,0,0.75,1224,0,keep,none,0.0,0.0,0.0,0.0,0.0,0.2430180029477924,0.0,0.0,0.2430180029477924,2464,2464,46.1810469860211,True,1
shape0_p25_g128,dual,25,128,3,19,0.8984375,1224,80216064,full_offload_pageable,pageable,0.4249619960319251,39.5008529885672,0.3642779774963856,7.074332010233775,0.0,0.9268400026485324,0.0,0.0,48.29126497497782,0,80218937,46.1810469860211,True,0
shape0_p25_g128,dual,25,128,3,19,0.8984375,1224,80216064,full_offload_pageable,pageable,0.5711679987143725,36.33780300151557,0.36515897954814136,7.022953999694437,0.0,0.8995670068543404,0.0,0.0,45.19665098632686,0,80218937,46.1810469860211,True,1
shape0_p25_g128,dual,25,128,3,19,0.8984375,1224,80216064,full_offload_pinned,pinned,0.15705599798820913,4.051105992402881,0.36559998989105225,3.5091730242129415,0.0,0.897293008165434,0.0,0.0,8.980228012660518,0,80218937,46.1810469860211,True,0
shape0_p25_g128,dual,25,128,3,19,0.8984375,1224,80216064,full_offload_pinned,pinned,0.17270600073970854,3.119877976132557,0.3638270136434585,3.5541480174288154,0.0,0.9239339851774275,0.0,0.0,8.134492993121967,0,80218937,46.1810469860211,True,1
shape0_p25_g128,dual,25,128,3,19,0.8984375,1224,80216064,semantic_only,pinned,0.018013990484178066,0.021579995518550277,0.09074099943973124,0.06230798317119479,19.924509979318827,19.924509979318827,39.36769600841217,0.0,59.48484895634465,0,80218937,46.1810469860211,True,0
shape0_p25_g128,dual,25,128,3,19,0.8984375,1224,80216064,semantic_only,pinned,0.07996999192982912,0.06794798537157476,0.08778501069173217,0.06058401777409017,13.526132999686524,13.526132999686524,38.91894800472073,0.0,52.74136801017448,0,80218937,46.1810469860211,True,1
shape0_p25_g128,dual,25,128,3,19,0.8984375,1224,80216064,drop_restart,none,0.0,0.0,0.0,0.0,0.0,0.0,0.0,5356.914981995942,5356.914981995942,0,80218937,46.1810469860211,True,0
shape0_p25_g128,dual,25,128,3,19,0.8984375,1224,80216064,drop_restart,none,0.0,0.0,0.0,0.0,0.0,0.0,0.0,5365.714510000544,5365.714510000544,0,80218937,46.1810469860211,True,1
shape0_p25_g128,dual,25,128,3,19,0.8984375,1224,80216064,keep,none,0.0,0.0,0.0,0.0,0.0,0.6907030183356255,0.0,0.0,0.6907030183356255,80218937,80218937,46.1810469860211,True,0
shape0_p25_g128,dual,25,128,3,19,0.8984375,1224,80216064,keep,none,0.0,0.0,0.0,0.0,0.0,0.6093989941291511,0.0,0.0,0.6093989941291511,80218937,80218937,46.1810469860211,True,1
shape0_p25_g128,dual,25,128,3,31,0.9921875,1224,80216064,full_offload_pageable,pageable,0.41815900476649404,39.66482498799451,0.3703889960888773,7.069794985000044,0.0,0.9070909873116761,0.0,0.0,48.4302589611616,0,80218937,46.1810469860211,True,0
shape0_p25_g128,dual,25,128,3,31,0.9921875,1224,80216064,full_offload_pageable,pageable,0.5853939801454544,36.558255989803,0.37778200930915773,7.00702698668465,0.0,0.9000579884741455,0.0,0.0,45.42851695441641,0,80218937,46.1810469860211,True,1
shape0_p25_g128,dual,25,128,3,31,0.9921875,1224,80216064,full_offload_pinned,pinned,0.15557301230728626,4.197989008389413,0.3845750179607421,3.751735988771543,0.0,0.8953889773692936,0.0,0.0,9.385262004798278,0,80218937,46.1810469860211,True,0
shape0_p25_g128,dual,25,128,3,31,0.9921875,1224,80216064,full_offload_pinned,pinned,0.1707519986666739,3.121126996120438,0.3575040027499199,3.7381800066214055,0.0,0.914664997253567,0.0,0.0,8.302228001412004,0,80218937,46.1810469860211,True,1
shape0_p25_g128,dual,25,128,3,31,0.9921875,1224,80216064,semantic_only,pinned,0.017443002434447408,0.021150015527382493,0.09013002272695303,0.06287900032475591,13.539892999688163,13.539892999688163,38.63485099282116,0.0,52.36634603352286,0,80218937,46.1810469860211,True,0
shape0_p25_g128,dual,25,128,3,31,0.9921875,1224,80216064,semantic_only,pinned,0.080712023191154,0.06664599641226232,0.09544999920763075,0.06201700307428837,13.51377202081494,13.51377202081494,39.154762984253466,0.0,52.97336002695374,0,80218937,46.1810469860211,True,1
shape0_p25_g128,dual,25,128,3,31,0.9921875,1224,80216064,drop_restart,none,0.0,0.0,0.0,0.0,0.0,0.0,0.0,5920.293397997739,5920.293397997739,0,80218937,46.1810469860211,True,0
shape0_p25_g128,dual,25,128,3,31,0.9921875,1224,80216064,drop_restart,none,0.0,0.0,0.0,0.0,0.0,0.0,0.0,5911.764566990314,5911.764566990314,0,80218937,46.1810469860211,True,1
shape0_p25_g128,dual,25,128,3,31,0.9921875,1224,80216064,keep,none,0.0,0.0,0.0,0.0,0.0,0.6914260156918317,0.0,0.0,0.6914260156918317,80218937,80218937,46.1810469860211,True,0
shape0_p25_g128,dual,25,128,3,31,0.9921875,1224,80216064,keep,none,0.0,0.0,0.0,0.0,0.0,0.6214129971340299,0.0,0.0,0.6214129971340299,80218937,80218937,46.1810469860211,True,1
