all_ready,num_stages,prompt,ready_count,request_index,total_latency_ms,total_output_tokens
True,3,"Prepare for the Seoul visit: find flights from DFW to FCO on 2026-01-03, check weather in Seoul on 2026-01-01, and check weather in Rome on 2026-01-03.",3,0,2387.7570361364633,80
True,3,"Plan the Tokyo trip: find flights from JFK to BER on 2027-06-10, list ops calendar events from 2027-06-08 to 2027-06-10 with keyword interview, and find flights from DFW to NRT on 2027-06-07.",3,1,2625.446830992587,104
True,3,"Set up the Paris customer meeting: find flights from IAD to CDG on 2026-11-14, find flights from DFW to DXB on 2026-11-17, and check weather in Paris on 2026-11-15.",3,2,2167.4387799575925,86
True,3,"Organize the Austin project stop: find flights from JFK to BOS on 2027-04-24, check weather in Boston on 2027-04-24, and check weather in Austin on 2027-04-22.",3,3,1969.1490679979324,78
True,3,"Prepare the London partner update: check weather in Toronto on 2026-09-07, fetch CRM contacts at company SAP with role manager in city London, and check weather in London on 2026-09-05.",3,4,1744.9531279271469,69
True,3,"Prepare for the Amsterdam visit: check weather in Amsterdam on 2027-02-12, find flights from JFK to SIN on 2027-02-14, and find flights from ATL to AMS on 2027-02-11.",3,5,2147.6752570597455,85
True,3,"Plan the Madrid trip: find flights from JFK to MAD on 2026-07-18, check weather in Sydney on 2026-07-21, and check weather in Madrid on 2026-07-19.",3,6,2019.2258129827678,80
True,3,"Set up the Rome customer meeting: check weather in Zurich on 2027-12-04, find flights from BOS to FCO on 2027-12-01, and fetch CRM contacts at company Stripe with role director in city Rome.",3,7,1940.1253790128976,77
True,3,"Organize the Berlin project stop: find flights from MIA to BER on 2026-05-08, fetch CRM contacts at company Toyota with role analyst in city Berlin, and list research calendar events from 2026-05-09 to 2026-05-11 with keyword interview.",3,8,2386.9821240659803,95
True,3,"Prepare the Dubai partner update: check weather in Dubai on 2027-10-16, find flights from LAX to DXB on 2027-10-15, and fetch CRM contacts at company Airbus with role recruiter in city Dubai.",3,9,2015.0588719407097,80
True,3,"Prepare for the Boston visit: list research calendar events from 2026-03-23 to 2026-03-25 with keyword workshop, find flights from DFW to SFO on 2026-03-25, and find flights from SEA to BOS on 2026-03-22.",3,10,2615.599824930541,104
True,3,"Plan the Toronto trip: find flights from DFW to YYZ on 2027-08-05, list ops calendar events from 2027-08-06 to 2027-08-08 with keyword review, and check weather in Toronto on 2027-08-06.",3,11,2497.4830709397793,99
True,3,"Set up the Singapore customer meeting: check weather in Singapore on 2026-01-13, fetch CRM contacts at company HSBC with role partner in city Singapore, and find flights from DFW to LAX on 2026-01-15.",3,12,1917.0621029334143,76
True,3,"Organize the Sydney project stop: list ops calendar events from 2027-06-20 to 2027-06-22 with keyword call, find flights from JFK to ICN on 2027-06-22, and check weather in Seoul on 2027-06-22.",3,13,2517.964235856198,100
True,3,"Prepare the Zurich partner update: check weather in Zurich on 2026-11-03, fetch CRM contacts at company SAP with role director in city Zurich, and find flights from DFW to NRT on 2026-11-05.",3,14,1990.7119349809363,79
False,3,"Prepare for the Chicago visit: fetch CRM contacts at company Emirates with role analyst in city Chicago, check weather in Chicago on 2027-04-10, and list ops calendar events from 2027-04-10 to 2027-04-12 with keyword interview.",2,15,2189.2939490498975,87
True,3,"Plan the New York trip: find flights from DFW to AUS on 2026-09-19, check weather in Austin on 2026-09-19, and list research calendar events from 2026-09-17 to 2026-09-19 with keyword demo.",3,16,2467.536279815249,98
False,3,"Set up the San Francisco customer meeting: check weather in London on 2027-02-26, find flights from BOS to SFO on 2027-02-23, and check weather in San Francisco on 2027-02-24.",2,17,2070.490479003638,82
True,3,"Organize the Seattle project stop: check weather in Seattle on 2026-07-07, find flights from MIA to SEA on 2026-07-06, and list research calendar events from 2026-07-07 to 2026-07-09 with keyword review.",3,18,2454.9668199615553,97
True,3,"Prepare the Los Angeles partner update: check weather in Los Angeles on 2027-12-14, find flights from JFK to LAX on 2027-12-13, and find flights from JFK to MAD on 2027-12-16.",3,19,2146.6023749671876,85
