field_correct,generation_ms,hard_stage,mode,observed,ready,ready_count,request,request_index,required_count,stage_index,steps,variant
"{'city': True, 'date': True, 'priority': True}",1447.0711260801181,0,chained,"{""city"": ""Seoul"", ""date"": ""2026-01-01"", ""priority"": ""economy""}",True,3,Create a economy travel dispatch for Seoul on 2026-01-01.,0,3,0,128,all_high
"{'airport': True, 'sla': True, 'date': True}",1571.2151610059664,0,chained,"{""airport"": ""ICN"", ""date"": ""2026-01-01"", ""sla"": ""S3""}",True,3,Create a economy travel dispatch for Seoul on 2026-01-01.,0,3,1,128,all_high
{'dispatch': True},1479.0886919945478,0,chained,"{""dispatch"": ""ICN-20260101-S3""}",True,1,Create a economy travel dispatch for Seoul on 2026-01-01.,0,1,2,128,all_high
"{'city': True, 'date': True, 'priority': True}",484.11474900785834,0,chained,"{""city"": ""Seoul"", ""date"": ""2026-01-01"", ""priority"": ""economy""}",True,3,Create a economy travel dispatch for Seoul on 2026-01-01.,0,3,0,16,all_low
"{'airport': True, 'sla': True, 'date': True}",563.7779269600287,0,chained,"{""airport"": ""ICN"", ""date"": ""2026-01-01"", ""sla"": ""S3""}",True,3,Create a economy travel dispatch for Seoul on 2026-01-01.,0,3,1,16,all_low
{'dispatch': True},509.58964601159096,0,chained,"{""dispatch"": ""ICN-20260101-S3""}",True,1,Create a economy travel dispatch for Seoul on 2026-01-01.,0,1,2,16,all_low
"{'city': True, 'date': True, 'priority': True}",484.56857597921044,0,chained,"{""city"": ""Seoul"", ""date"": ""2026-01-01"", ""priority"": ""economy""}",True,3,Create a economy travel dispatch for Seoul on 2026-01-01.,0,3,0,16,low_stage_0
"{'airport': True, 'sla': True, 'date': True}",1575.2525059506297,0,chained,"{""airport"": ""ICN"", ""date"": ""2026-01-01"", ""sla"": ""S3""}",True,3,Create a economy travel dispatch for Seoul on 2026-01-01.,0,3,1,128,low_stage_0
{'dispatch': True},1482.42620495148,0,chained,"{""dispatch"": ""ICN-20260101-S3""}",True,1,Create a economy travel dispatch for Seoul on 2026-01-01.,0,1,2,128,low_stage_0
"{'city': True, 'date': True, 'priority': True}",1450.7911129621789,0,chained,"{""city"": ""Seoul"", ""date"": ""2026-01-01"", ""priority"": ""economy""}",True,3,Create a economy travel dispatch for Seoul on 2026-01-01.,0,3,0,128,low_stage_1
"{'airport': True, 'sla': True, 'date': True}",562.596605042927,0,chained,"{""airport"": ""ICN"", ""date"": ""2026-01-01"", ""sla"": ""S3""}",True,3,Create a economy travel dispatch for Seoul on 2026-01-01.,0,3,1,16,low_stage_1
{'dispatch': True},1483.126578037627,0,chained,"{""dispatch"": ""ICN-20260101-S3""}",True,1,Create a economy travel dispatch for Seoul on 2026-01-01.,0,1,2,128,low_stage_1
"{'city': True, 'date': True, 'priority': True}",1451.5934380469844,0,chained,"{""city"": ""Seoul"", ""date"": ""2026-01-01"", ""priority"": ""economy""}",True,3,Create a economy travel dispatch for Seoul on 2026-01-01.,0,3,0,128,low_stage_2
"{'airport': True, 'sla': True, 'date': True}",1577.4916959926486,0,chained,"{""airport"": ""ICN"", ""date"": ""2026-01-01"", ""sla"": ""S3""}",True,3,Create a economy travel dispatch for Seoul on 2026-01-01.,0,3,1,128,low_stage_2
{'dispatch': True},511.7584429681301,0,chained,"{""dispatch"": ""ICN-20260101-S3""}",True,1,Create a economy travel dispatch for Seoul on 2026-01-01.,0,1,2,16,low_stage_2
"{'city': True, 'date': True, 'priority': True}",1455.0082080531865,1,chained,"{""city"": ""Tokyo"", ""date"": ""2027-06-08"", ""priority"": ""standard""}",True,3,Set up standard routing for the Tokyo visit dated 2027-06-08.,1,3,0,128,all_high
"{'airport': True, 'sla': True, 'date': True}",1579.6261170180514,1,chained,"{""airport"": ""NRT"", ""date"": ""2027-06-08"", ""sla"": ""S2""}",True,3,Set up standard routing for the Tokyo visit dated 2027-06-08.,1,3,1,128,all_high
{'dispatch': True},1487.9812879953533,1,chained,"{""dispatch"": ""NRT-20270608-S2""}",True,1,Set up standard routing for the Tokyo visit dated 2027-06-08.,1,1,2,128,all_high
"{'city': True, 'date': True, 'priority': True}",487.7406369196251,1,chained,"{""city"": ""Tokyo"", ""date"": ""2027-06-08"", ""priority"": ""standard""}",True,3,Set up standard routing for the Tokyo visit dated 2027-06-08.,1,3,0,16,all_low
"{'airport': True, 'sla': True, 'date': True}",564.3847029423341,1,chained,"{""airport"": ""NRT"", ""date"": ""2027-06-08"", ""sla"": ""S2""}",True,3,Set up standard routing for the Tokyo visit dated 2027-06-08.,1,3,1,16,all_low
{'dispatch': True},513.4503879817203,1,chained,"{""dispatch"": ""NRT-20270608-S2""}",True,1,Set up standard routing for the Tokyo visit dated 2027-06-08.,1,1,2,16,all_low
"{'city': True, 'date': True, 'priority': True}",486.93066800478846,1,chained,"{""city"": ""Tokyo"", ""date"": ""2027-06-08"", ""priority"": ""standard""}",True,3,Set up standard routing for the Tokyo visit dated 2027-06-08.,1,3,0,16,low_stage_0
"{'airport': True, 'sla': True, 'date': True}",1581.971287028864,1,chained,"{""airport"": ""NRT"", ""date"": ""2027-06-08"", ""sla"": ""S2""}",True,3,Set up standard routing for the Tokyo visit dated 2027-06-08.,1,3,1,128,low_stage_0
{'dispatch': True},1489.285761024803,1,chained,"{""dispatch"": ""NRT-20270608-S2""}",True,1,Set up standard routing for the Tokyo visit dated 2027-06-08.,1,1,2,128,low_stage_0
"{'city': True, 'date': True, 'priority': True}",1459.06629296951,1,chained,"{""city"": ""Tokyo"", ""date"": ""2027-06-08"", ""priority"": ""standard""}",True,3,Set up standard routing for the Tokyo visit dated 2027-06-08.,1,3,0,128,low_stage_1
"{'airport': True, 'sla': True, 'date': True}",566.6944549884647,1,chained,"{""airport"": ""NRT"", ""date"": ""2027-06-08"", ""sla"": ""S2""}",True,3,Set up standard routing for the Tokyo visit dated 2027-06-08.,1,3,1,16,low_stage_1
{'dispatch': True},1495.955268968828,1,chained,"{""dispatch"": ""NRT-20270608-S2""}",True,1,Set up standard routing for the Tokyo visit dated 2027-06-08.,1,1,2,128,low_stage_1
"{'city': True, 'date': True, 'priority': True}",1459.7347849048674,1,chained,"{""city"": ""Tokyo"", ""date"": ""2027-06-08"", ""priority"": ""standard""}",True,3,Set up standard routing for the Tokyo visit dated 2027-06-08.,1,3,0,128,low_stage_2
"{'airport': True, 'sla': True, 'date': True}",1585.7087660115212,1,chained,"{""airport"": ""NRT"", ""date"": ""2027-06-08"", ""sla"": ""S2""}",True,3,Set up standard routing for the Tokyo visit dated 2027-06-08.,1,3,1,128,low_stage_2
{'dispatch': True},515.7529469579458,1,chained,"{""dispatch"": ""NRT-20270608-S2""}",True,1,Set up standard routing for the Tokyo visit dated 2027-06-08.,1,1,2,16,low_stage_2
"{'city': True, 'date': True, 'priority': True}",1459.5474619418383,2,chained,"{""city"": ""Paris"", ""date"": ""2026-11-15"", ""priority"": ""economy""}",True,3,Prepare the 2026-11-15 Paris itinerary with economy handling.,2,3,0,128,all_high
"{'airport': True, 'sla': True, 'date': True}",1588.3510060375556,2,chained,"{""airport"": ""CDG"", ""date"": ""2026-11-15"", ""sla"": ""S3""}",True,3,Prepare the 2026-11-15 Paris itinerary with economy handling.,2,3,1,128,all_high
{'dispatch': True},1496.2560369167477,2,chained,"{""dispatch"": ""CDG-20261115-S3""}",True,1,Prepare the 2026-11-15 Paris itinerary with economy handling.,2,1,2,128,all_high
"{'city': True, 'date': True, 'priority': True}",492.6314860349521,2,chained,"{""city"": ""Paris"", ""date"": ""2026-11-15"", ""priority"": ""economy""}",True,3,Prepare the 2026-11-15 Paris itinerary with economy handling.,2,3,0,16,all_low
"{'airport': True, 'sla': True, 'date': True}",569.3822229513898,2,chained,"{""airport"": ""CDG"", ""date"": ""2026-11-15"", ""sla"": ""S3""}",True,3,Prepare the 2026-11-15 Paris itinerary with economy handling.,2,3,1,16,all_low
{'dispatch': True},515.4609950259328,2,chained,"{""dispatch"": ""CDG-20261115-S3""}",True,1,Prepare the 2026-11-15 Paris itinerary with economy handling.,2,1,2,16,all_low
"{'city': True, 'date': True, 'priority': True}",488.57665702234954,2,chained,"{""city"": ""Paris"", ""date"": ""2026-11-15"", ""priority"": ""economy""}",True,3,Prepare the 2026-11-15 Paris itinerary with economy handling.,2,3,0,16,low_stage_0
"{'airport': True, 'sla': True, 'date': True}",1590.8625699812546,2,chained,"{""airport"": ""CDG"", ""date"": ""2026-11-15"", ""sla"": ""S3""}",True,3,Prepare the 2026-11-15 Paris itinerary with economy handling.,2,3,1,128,low_stage_0
{'dispatch': True},1496.9692749436945,2,chained,"{""dispatch"": ""CDG-20261115-S3""}",True,1,Prepare the 2026-11-15 Paris itinerary with economy handling.,2,1,2,128,low_stage_0
"{'city': True, 'date': True, 'priority': True}",1464.1788100125268,2,chained,"{""city"": ""Paris"", ""date"": ""2026-11-15"", ""priority"": ""economy""}",True,3,Prepare the 2026-11-15 Paris itinerary with economy handling.,2,3,0,128,low_stage_1
"{'airport': True, 'sla': True, 'date': True}",570.0209490023553,2,chained,"{""airport"": ""CDG"", ""date"": ""2026-11-15"", ""sla"": ""S3""}",True,3,Prepare the 2026-11-15 Paris itinerary with economy handling.,2,3,1,16,low_stage_1
{'dispatch': True},1497.943153954111,2,chained,"{""dispatch"": ""CDG-20261115-S3""}",True,1,Prepare the 2026-11-15 Paris itinerary with economy handling.,2,1,2,128,low_stage_1
"{'city': True, 'date': True, 'priority': True}",1463.2669570855796,2,chained,"{""city"": ""Paris"", ""date"": ""2026-11-15"", ""priority"": ""economy""}",True,3,Prepare the 2026-11-15 Paris itinerary with economy handling.,2,3,0,128,low_stage_2
"{'airport': True, 'sla': True, 'date': True}",1591.9638900086284,2,chained,"{""airport"": ""CDG"", ""date"": ""2026-11-15"", ""sla"": ""S3""}",True,3,Prepare the 2026-11-15 Paris itinerary with economy handling.,2,3,1,128,low_stage_2
{'dispatch': True},517.9333550622687,2,chained,"{""dispatch"": ""CDG-20261115-S3""}",True,1,Prepare the 2026-11-15 Paris itinerary with economy handling.,2,1,2,16,low_stage_2
"{'city': True, 'date': True, 'priority': True}",1465.2261580340564,0,chained,"{""city"": ""Austin"", ""date"": ""2027-04-22"", ""priority"": ""economy""}",True,3,Open a economy trip ticket to Austin for 2027-04-22.,3,3,0,128,all_high
"{'airport': True, 'sla': True, 'date': True}",1593.9613340888172,0,chained,"{""airport"": ""AUS"", ""date"": ""2027-04-22"", ""sla"": ""S3""}",True,3,Open a economy trip ticket to Austin for 2027-04-22.,3,3,1,128,all_high
{'dispatch': True},1498.9972249604762,0,chained,"{""dispatch"": ""AUS-20270422-S3""}",True,1,Open a economy trip ticket to Austin for 2027-04-22.,3,1,2,128,all_high
"{'city': True, 'date': True, 'priority': True}",490.7130120554939,0,chained,"{""city"": ""Austin"", ""date"": ""2027-04-22"", ""priority"": ""economy""}",True,3,Open a economy trip ticket to Austin for 2027-04-22.,3,3,0,16,all_low
"{'airport': True, 'sla': True, 'date': True}",569.9277831008658,0,chained,"{""airport"": ""AUS"", ""date"": ""2027-04-22"", ""sla"": ""S3""}",True,3,Open a economy trip ticket to Austin for 2027-04-22.,3,3,1,16,all_low
{'dispatch': False},517.7024489967152,0,chained,"{""dispatch"": ""AUS-270422-S3""}",False,0,Open a economy trip ticket to Austin for 2027-04-22.,3,1,2,16,all_low
"{'city': True, 'date': True, 'priority': True}",489.50588097795844,0,chained,"{""city"": ""Austin"", ""date"": ""2027-04-22"", ""priority"": ""economy""}",True,3,Open a economy trip ticket to Austin for 2027-04-22.,3,3,0,16,low_stage_0
"{'airport': True, 'sla': True, 'date': True}",1594.4826980121434,0,chained,"{""airport"": ""AUS"", ""date"": ""2027-04-22"", ""sla"": ""S3""}",True,3,Open a economy trip ticket to Austin for 2027-04-22.,3,3,1,128,low_stage_0
{'dispatch': True},1500.0060299644247,0,chained,"{""dispatch"": ""AUS-20270422-S3""}",True,1,Open a economy trip ticket to Austin for 2027-04-22.,3,1,2,128,low_stage_0
"{'city': True, 'date': True, 'priority': True}",1467.3720009159297,0,chained,"{""city"": ""Austin"", ""date"": ""2027-04-22"", ""priority"": ""economy""}",True,3,Open a economy trip ticket to Austin for 2027-04-22.,3,3,0,128,low_stage_1
"{'airport': True, 'sla': True, 'date': True}",572.5960129639134,0,chained,"{""airport"": ""AUS"", ""date"": ""2027-04-22"", ""sla"": ""S3""}",True,3,Open a economy trip ticket to Austin for 2027-04-22.,3,3,1,16,low_stage_1
{'dispatch': True},1502.1823609713465,0,chained,"{""dispatch"": ""AUS-20270422-S3""}",True,1,Open a economy trip ticket to Austin for 2027-04-22.,3,1,2,128,low_stage_1
"{'city': True, 'date': True, 'priority': True}",1467.4205830087885,0,chained,"{""city"": ""Austin"", ""date"": ""2027-04-22"", ""priority"": ""economy""}",True,3,Open a economy trip ticket to Austin for 2027-04-22.,3,3,0,128,low_stage_2
"{'airport': True, 'sla': True, 'date': True}",1596.7845160048455,0,chained,"{""airport"": ""AUS"", ""date"": ""2027-04-22"", ""sla"": ""S3""}",True,3,Open a economy trip ticket to Austin for 2027-04-22.,3,3,1,128,low_stage_2
{'dispatch': False},520.0076639885083,0,chained,"{""dispatch"": ""AUS-270422-S3""}",False,0,Open a economy trip ticket to Austin for 2027-04-22.,3,1,2,16,low_stage_2
"{'city': True, 'date': True, 'priority': True}",1468.1960780872032,1,chained,"{""city"": ""London"", ""date"": ""2026-09-05"", ""priority"": ""economy""}",True,3,Create a economy travel dispatch for London on 2026-09-05.,4,3,0,128,all_high
"{'airport': True, 'sla': True, 'date': True}",1597.5824730703607,1,chained,"{""airport"": ""LHR"", ""date"": ""2026-09-05"", ""sla"": ""S3""}",True,3,Create a economy travel dispatch for London on 2026-09-05.,4,3,1,128,all_high
{'dispatch': True},1505.5562439374626,1,chained,"{""dispatch"": ""LHR-20260905-S3""}",True,1,Create a economy travel dispatch for London on 2026-09-05.,4,1,2,128,all_high
"{'city': True, 'date': True, 'priority': True}",492.06877301912755,1,chained,"{""city"": ""London"", ""date"": ""2026-09-05"", ""priority"": ""economy""}",True,3,Create a economy travel dispatch for London on 2026-09-05.,4,3,0,16,all_low
"{'airport': True, 'sla': True, 'date': True}",572.1538880607113,1,chained,"{""airport"": ""LHR"", ""date"": ""2026-09-05"", ""sla"": ""S3""}",True,3,Create a economy travel dispatch for London on 2026-09-05.,4,3,1,16,all_low
{'dispatch': True},518.6853850027546,1,chained,"{""dispatch"": ""LHR-20260905-S3""}",True,1,Create a economy travel dispatch for London on 2026-09-05.,4,1,2,16,all_low
"{'city': True, 'date': True, 'priority': True}",491.2100009387359,1,chained,"{""city"": ""London"", ""date"": ""2026-09-05"", ""priority"": ""economy""}",True,3,Create a economy travel dispatch for London on 2026-09-05.,4,3,0,16,low_stage_0
"{'airport': True, 'sla': True, 'date': True}",1599.2461750283837,1,chained,"{""airport"": ""LHR"", ""date"": ""2026-09-05"", ""sla"": ""S3""}",True,3,Create a economy travel dispatch for London on 2026-09-05.,4,3,1,128,low_stage_0
{'dispatch': True},1503.5486809210852,1,chained,"{""dispatch"": ""LHR-20260905-S3""}",True,1,Create a economy travel dispatch for London on 2026-09-05.,4,1,2,128,low_stage_0
"{'city': True, 'date': True, 'priority': True}",1469.5701219607145,1,chained,"{""city"": ""London"", ""date"": ""2026-09-05"", ""priority"": ""economy""}",True,3,Create a economy travel dispatch for London on 2026-09-05.,4,3,0,128,low_stage_1
"{'airport': True, 'sla': True, 'date': True}",573.1373149901628,1,chained,"{""airport"": ""LHR"", ""date"": ""2026-09-05"", ""sla"": ""S3""}",True,3,Create a economy travel dispatch for London on 2026-09-05.,4,3,1,16,low_stage_1
{'dispatch': True},1503.9898139657453,1,chained,"{""dispatch"": ""LHR-20260905-S3""}",True,1,Create a economy travel dispatch for London on 2026-09-05.,4,1,2,128,low_stage_1
"{'city': True, 'date': True, 'priority': True}",1469.2344289505854,1,chained,"{""city"": ""London"", ""date"": ""2026-09-05"", ""priority"": ""economy""}",True,3,Create a economy travel dispatch for London on 2026-09-05.,4,3,0,128,low_stage_2
"{'airport': True, 'sla': True, 'date': True}",1599.1159589029849,1,chained,"{""airport"": ""LHR"", ""date"": ""2026-09-05"", ""sla"": ""S3""}",True,3,Create a economy travel dispatch for London on 2026-09-05.,4,3,1,128,low_stage_2
{'dispatch': True},519.909868016839,1,chained,"{""dispatch"": ""LHR-20260905-S3""}",True,1,Create a economy travel dispatch for London on 2026-09-05.,4,1,2,16,low_stage_2
"{'city': True, 'date': True, 'priority': True}",1470.9734629141167,2,chained,"{""city"": ""Amsterdam"", ""date"": ""2027-02-12"", ""priority"": ""economy""}",True,3,Set up economy routing for the Amsterdam visit dated 2027-02-12.,5,3,0,128,all_high
"{'airport': True, 'sla': True, 'date': True}",1598.7861059838906,2,chained,"{""airport"": ""AMS"", ""date"": ""2027-02-12"", ""sla"": ""S3""}",True,3,Set up economy routing for the Amsterdam visit dated 2027-02-12.,5,3,1,128,all_high
{'dispatch': True},1505.0062050577253,2,chained,"{""dispatch"": ""AMS-20270212-S3""}",True,1,Set up economy routing for the Amsterdam visit dated 2027-02-12.,5,1,2,128,all_high
"{'city': True, 'date': True, 'priority': True}",492.78235097881407,2,chained,"{""city"": ""Amsterdam"", ""date"": ""2027-02-12"", ""priority"": ""economy""}",True,3,Set up economy routing for the Amsterdam visit dated 2027-02-12.,5,3,0,16,all_low
"{'airport': True, 'sla': True, 'date': True}",572.7161789545789,2,chained,"{""airport"": ""AMS"", ""date"": ""2027-02-12"", ""sla"": ""S3""}",True,3,Set up economy routing for the Amsterdam visit dated 2027-02-12.,5,3,1,16,all_low
{'dispatch': True},519.6558389579877,2,chained,"{""dispatch"": ""AMS-20270212-S3""}",True,1,Set up economy routing for the Amsterdam visit dated 2027-02-12.,5,1,2,16,all_low
"{'city': True, 'date': True, 'priority': True}",492.5262660253793,2,chained,"{""city"": ""Amsterdam"", ""date"": ""2027-02-12"", ""priority"": ""economy""}",True,3,Set up economy routing for the Amsterdam visit dated 2027-02-12.,5,3,0,16,low_stage_0
"{'airport': True, 'sla': True, 'date': True}",1600.745346979238,2,chained,"{""airport"": ""AMS"", ""date"": ""2027-02-12"", ""sla"": ""S3""}",True,3,Set up economy routing for the Amsterdam visit dated 2027-02-12.,5,3,1,128,low_stage_0
{'dispatch': True},1504.555944004096,2,chained,"{""dispatch"": ""AMS-20270212-S3""}",True,1,Set up economy routing for the Amsterdam visit dated 2027-02-12.,5,1,2,128,low_stage_0
"{'city': True, 'date': True, 'priority': True}",1479.8323559807613,2,chained,"{""city"": ""Amsterdam"", ""date"": ""2027-02-12"", ""priority"": ""economy""}",True,3,Set up economy routing for the Amsterdam visit dated 2027-02-12.,5,3,0,128,low_stage_1
"{'airport': True, 'sla': True, 'date': True}",574.1381860570982,2,chained,"{""airport"": ""AMS"", ""date"": ""2027-02-12"", ""sla"": ""S3""}",True,3,Set up economy routing for the Amsterdam visit dated 2027-02-12.,5,3,1,16,low_stage_1
{'dispatch': True},1504.9487759824842,2,chained,"{""dispatch"": ""AMS-20270212-S3""}",True,1,Set up economy routing for the Amsterdam visit dated 2027-02-12.,5,1,2,128,low_stage_1
"{'city': True, 'date': True, 'priority': True}",1472.9457979556173,2,chained,"{""city"": ""Amsterdam"", ""date"": ""2027-02-12"", ""priority"": ""economy""}",True,3,Set up economy routing for the Amsterdam visit dated 2027-02-12.,5,3,0,128,low_stage_2
"{'airport': True, 'sla': True, 'date': True}",1603.1938620144501,2,chained,"{""airport"": ""AMS"", ""date"": ""2027-02-12"", ""sla"": ""S3""}",True,3,Set up economy routing for the Amsterdam visit dated 2027-02-12.,5,3,1,128,low_stage_2
{'dispatch': True},521.6910740127787,2,chained,"{""dispatch"": ""AMS-20270212-S3""}",True,1,Set up economy routing for the Amsterdam visit dated 2027-02-12.,5,1,2,16,low_stage_2
"{'city': True, 'date': True, 'priority': True}",1469.608154031448,0,chained,"{""city"": ""Madrid"", ""date"": ""2026-07-19"", ""priority"": ""urgent""}",True,3,Prepare the 2026-07-19 Madrid itinerary with urgent handling.,6,3,0,128,all_high
"{'airport': True, 'sla': True, 'date': True}",1601.7717459471896,0,chained,"{""airport"": ""MAD"", ""date"": ""2026-07-19"", ""sla"": ""S1""}",True,3,Prepare the 2026-07-19 Madrid itinerary with urgent handling.,6,3,1,128,all_high
{'dispatch': True},1505.0940898945555,0,chained,"{""dispatch"": ""MAD-20260719-S1""}",True,1,Prepare the 2026-07-19 Madrid itinerary with urgent handling.,6,1,2,128,all_high
"{'city': True, 'date': True, 'priority': True}",492.43024503812194,0,chained,"{""city"": ""Madrid"", ""date"": ""2026-07-19"", ""priority"": ""urgent""}",True,3,Prepare the 2026-07-19 Madrid itinerary with urgent handling.,6,3,0,16,all_low
"{'airport': True, 'sla': True, 'date': True}",573.0686660390347,0,chained,"{""airport"": ""MAD"", ""date"": ""2026-07-19"", ""sla"": ""S1""}",True,3,Prepare the 2026-07-19 Madrid itinerary with urgent handling.,6,3,1,16,all_low
{'dispatch': True},519.6256919298321,0,chained,"{""dispatch"": ""MAD-20260719-S1""}",True,1,Prepare the 2026-07-19 Madrid itinerary with urgent handling.,6,1,2,16,all_low
"{'city': True, 'date': True, 'priority': True}",491.66172300465405,0,chained,"{""city"": ""Madrid"", ""date"": ""2026-07-19"", ""priority"": ""urgent""}",True,3,Prepare the 2026-07-19 Madrid itinerary with urgent handling.,6,3,0,16,low_stage_0
"{'airport': True, 'sla': True, 'date': True}",1600.828593946062,0,chained,"{""airport"": ""MAD"", ""date"": ""2026-07-19"", ""sla"": ""S1""}",True,3,Prepare the 2026-07-19 Madrid itinerary with urgent handling.,6,3,1,128,low_stage_0
{'dispatch': True},1505.8826500317082,0,chained,"{""dispatch"": ""MAD-20260719-S1""}",True,1,Prepare the 2026-07-19 Madrid itinerary with urgent handling.,6,1,2,128,low_stage_0
"{'city': True, 'date': True, 'priority': True}",1470.9128090180457,0,chained,"{""city"": ""Madrid"", ""date"": ""2026-07-19"", ""priority"": ""urgent""}",True,3,Prepare the 2026-07-19 Madrid itinerary with urgent handling.,6,3,0,128,low_stage_1
"{'airport': True, 'sla': True, 'date': True}",575.1664970302954,0,chained,"{""airport"": ""MAD"", ""date"": ""2026-07-19"", ""sla"": ""S1""}",True,3,Prepare the 2026-07-19 Madrid itinerary with urgent handling.,6,3,1,16,low_stage_1
{'dispatch': True},1505.0159129314125,0,chained,"{""dispatch"": ""MAD-20260719-S1""}",True,1,Prepare the 2026-07-19 Madrid itinerary with urgent handling.,6,1,2,128,low_stage_1
"{'city': True, 'date': True, 'priority': True}",1470.4783980268985,0,chained,"{""city"": ""Madrid"", ""date"": ""2026-07-19"", ""priority"": ""urgent""}",True,3,Prepare the 2026-07-19 Madrid itinerary with urgent handling.,6,3,0,128,low_stage_2
"{'airport': True, 'sla': True, 'date': True}",1600.6983580300584,0,chained,"{""airport"": ""MAD"", ""date"": ""2026-07-19"", ""sla"": ""S1""}",True,3,Prepare the 2026-07-19 Madrid itinerary with urgent handling.,6,3,1,128,low_stage_2
{'dispatch': True},521.678899996914,0,chained,"{""dispatch"": ""MAD-20260719-S1""}",True,1,Prepare the 2026-07-19 Madrid itinerary with urgent handling.,6,1,2,16,low_stage_2
"{'city': True, 'date': True, 'priority': True}",1470.0802960433066,1,chained,"{""city"": ""Rome"", ""date"": ""2027-12-02"", ""priority"": ""standard""}",True,3,Open a standard trip ticket to Rome for 2027-12-02.,7,3,0,128,all_high
"{'airport': True, 'sla': True, 'date': True}",1600.9586099535227,1,chained,"{""airport"": ""FCO"", ""date"": ""2027-12-02"", ""sla"": ""S2""}",True,3,Open a standard trip ticket to Rome for 2027-12-02.,7,3,1,128,all_high
{'dispatch': False},1506.1211800202727,1,chained,"{""dispatch"": ""FCO-271202-S2""}",False,0,Open a standard trip ticket to Rome for 2027-12-02.,7,1,2,128,all_high
"{'city': True, 'date': True, 'priority': True}",493.07242792565376,1,chained,"{""city"": ""Rome"", ""date"": ""2027-12-02"", ""priority"": ""standard""}",True,3,Open a standard trip ticket to Rome for 2027-12-02.,7,3,0,16,all_low
"{'airport': True, 'sla': True, 'date': True}",573.3768380014226,1,chained,"{""airport"": ""FCO"", ""date"": ""2027-12-02"", ""sla"": ""S2""}",True,3,Open a standard trip ticket to Rome for 2027-12-02.,7,3,1,16,all_low
{'dispatch': False},519.4955558981746,1,chained,"{""dispatch"": ""FCO-271212-S2""}",False,0,Open a standard trip ticket to Rome for 2027-12-02.,7,1,2,16,all_low
"{'city': True, 'date': True, 'priority': True}",491.9870379380882,1,chained,"{""city"": ""Rome"", ""date"": ""2027-12-02"", ""priority"": ""standard""}",True,3,Open a standard trip ticket to Rome for 2027-12-02.,7,3,0,16,low_stage_0
"{'airport': True, 'sla': True, 'date': True}",1600.5395679967478,1,chained,"{""airport"": ""FCO"", ""date"": ""2027-12-02"", ""sla"": ""S2""}",True,3,Open a standard trip ticket to Rome for 2027-12-02.,7,3,1,128,low_stage_0
{'dispatch': False},1510.2897649630904,1,chained,"{""dispatch"": ""FCO-271202-S2""}",False,0,Open a standard trip ticket to Rome for 2027-12-02.,7,1,2,128,low_stage_0
"{'city': True, 'date': True, 'priority': True}",1473.2855700422078,1,chained,"{""city"": ""Rome"", ""date"": ""2027-12-02"", ""priority"": ""standard""}",True,3,Open a standard trip ticket to Rome for 2027-12-02.,7,3,0,128,low_stage_1
"{'airport': True, 'sla': True, 'date': True}",575.0168550293893,1,chained,"{""airport"": ""FCO"", ""date"": ""2027-12-02"", ""sla"": ""S2""}",True,3,Open a standard trip ticket to Rome for 2027-12-02.,7,3,1,16,low_stage_1
{'dispatch': False},1505.8388070901856,1,chained,"{""dispatch"": ""FCO-271202-S2""}",False,0,Open a standard trip ticket to Rome for 2027-12-02.,7,1,2,128,low_stage_1
"{'city': True, 'date': True, 'priority': True}",1471.420137095265,1,chained,"{""city"": ""Rome"", ""date"": ""2027-12-02"", ""priority"": ""standard""}",True,3,Open a standard trip ticket to Rome for 2027-12-02.,7,3,0,128,low_stage_2
"{'airport': True, 'sla': True, 'date': True}",1600.9101390372962,1,chained,"{""airport"": ""FCO"", ""date"": ""2027-12-02"", ""sla"": ""S2""}",True,3,Open a standard trip ticket to Rome for 2027-12-02.,7,3,1,128,low_stage_2
{'dispatch': False},521.2353930110112,1,chained,"{""dispatch"": ""FCO-271212-S2""}",False,0,Open a standard trip ticket to Rome for 2027-12-02.,7,1,2,16,low_stage_2
"{'city': True, 'date': True, 'priority': True}",1470.7622749265283,2,chained,"{""city"": ""Berlin"", ""date"": ""2026-05-09"", ""priority"": ""standard""}",True,3,Create a standard travel dispatch for Berlin on 2026-05-09.,8,3,0,128,all_high
"{'airport': True, 'sla': True, 'date': True}",1602.7472279965878,2,chained,"{""airport"": ""BER"", ""date"": ""2026-05-09"", ""sla"": ""S2""}",True,3,Create a standard travel dispatch for Berlin on 2026-05-09.,8,3,1,128,all_high
{'dispatch': True},1505.5938439909369,2,chained,"{""dispatch"": ""BER-20260509-S2""}",True,1,Create a standard travel dispatch for Berlin on 2026-05-09.,8,1,2,128,all_high
"{'city': True, 'date': True, 'priority': True}",493.1574190268293,2,chained,"{""city"": ""Berlin"", ""date"": ""2026-05-09"", ""priority"": ""standard""}",True,3,Create a standard travel dispatch for Berlin on 2026-05-09.,8,3,0,16,all_low
"{'airport': True, 'sla': True, 'date': True}",573.8326989812776,2,chained,"{""airport"": ""BER"", ""date"": ""2026-05-09"", ""sla"": ""S2""}",True,3,Create a standard travel dispatch for Berlin on 2026-05-09.,8,3,1,16,all_low
{'dispatch': True},519.5368649438024,2,chained,"{""dispatch"": ""BER-20260509-S2""}",True,1,Create a standard travel dispatch for Berlin on 2026-05-09.,8,1,2,16,all_low
"{'city': True, 'date': True, 'priority': True}",492.6523449830711,2,chained,"{""city"": ""Berlin"", ""date"": ""2026-05-09"", ""priority"": ""standard""}",True,3,Create a standard travel dispatch for Berlin on 2026-05-09.,8,3,0,16,low_stage_0
"{'airport': True, 'sla': True, 'date': True}",1602.1627750014886,2,chained,"{""airport"": ""BER"", ""date"": ""2026-05-09"", ""sla"": ""S2""}",True,3,Create a standard travel dispatch for Berlin on 2026-05-09.,8,3,1,128,low_stage_0
{'dispatch': True},1506.552916020155,2,chained,"{""dispatch"": ""BER-20260509-S2""}",True,1,Create a standard travel dispatch for Berlin on 2026-05-09.,8,1,2,128,low_stage_0
"{'city': True, 'date': True, 'priority': True}",1472.7820489788428,2,chained,"{""city"": ""Berlin"", ""date"": ""2026-05-09"", ""priority"": ""standard""}",True,3,Create a standard travel dispatch for Berlin on 2026-05-09.,8,3,0,128,low_stage_1
"{'airport': True, 'sla': True, 'date': True}",574.387236032635,2,chained,"{""airport"": ""BER"", ""date"": ""2026-05-09"", ""sla"": ""S2""}",True,3,Create a standard travel dispatch for Berlin on 2026-05-09.,8,3,1,16,low_stage_1
{'dispatch': True},1505.9684019070119,2,chained,"{""dispatch"": ""BER-20260509-S2""}",True,1,Create a standard travel dispatch for Berlin on 2026-05-09.,8,1,2,128,low_stage_1
"{'city': True, 'date': True, 'priority': True}",1472.0945310546085,2,chained,"{""city"": ""Berlin"", ""date"": ""2026-05-09"", ""priority"": ""standard""}",True,3,Create a standard travel dispatch for Berlin on 2026-05-09.,8,3,0,128,low_stage_2
"{'airport': True, 'sla': True, 'date': True}",1601.7267300048843,2,chained,"{""airport"": ""BER"", ""date"": ""2026-05-09"", ""sla"": ""S2""}",True,3,Create a standard travel dispatch for Berlin on 2026-05-09.,8,3,1,128,low_stage_2
{'dispatch': True},525.1135879661888,2,chained,"{""dispatch"": ""BER-20260509-S2""}",True,1,Create a standard travel dispatch for Berlin on 2026-05-09.,8,1,2,16,low_stage_2
"{'city': True, 'date': True, 'priority': True}",1472.3157089902088,0,chained,"{""city"": ""Dubai"", ""date"": ""2027-10-16"", ""priority"": ""urgent""}",True,3,Set up urgent routing for the Dubai visit dated 2027-10-16.,9,3,0,128,all_high
"{'airport': True, 'sla': True, 'date': True}",1601.400373969227,0,chained,"{""airport"": ""DXB"", ""date"": ""2027-10-16"", ""sla"": ""S1""}",True,3,Set up urgent routing for the Dubai visit dated 2027-10-16.,9,3,1,128,all_high
{'dispatch': False},1506.0034280177206,0,chained,"{""dispatch"": ""DXB-271016-S1""}",False,0,Set up urgent routing for the Dubai visit dated 2027-10-16.,9,1,2,128,all_high
"{'city': True, 'date': True, 'priority': True}",493.7090299790725,0,chained,"{""city"": ""Dubai"", ""date"": ""2027-10-16"", ""priority"": ""urgent""}",True,3,Set up urgent routing for the Dubai visit dated 2027-10-16.,9,3,0,16,all_low
"{'airport': True, 'sla': True, 'date': True}",574.3195679970086,0,chained,"{""airport"": ""DXB"", ""date"": ""2027-10-16"", ""sla"": ""S1""}",True,3,Set up urgent routing for the Dubai visit dated 2027-10-16.,9,3,1,16,all_low
{'dispatch': False},520.8602239144966,0,chained,"{""dispatch"": ""DXB-271016-S1""}",False,0,Set up urgent routing for the Dubai visit dated 2027-10-16.,9,1,2,16,all_low
"{'city': True, 'date': True, 'priority': True}",493.52381099015474,0,chained,"{""city"": ""Dubai"", ""date"": ""2027-10-16"", ""priority"": ""urgent""}",True,3,Set up urgent routing for the Dubai visit dated 2027-10-16.,9,3,0,16,low_stage_0
"{'airport': True, 'sla': True, 'date': True}",1603.1550880288705,0,chained,"{""airport"": ""DXB"", ""date"": ""2027-10-16"", ""sla"": ""S1""}",True,3,Set up urgent routing for the Dubai visit dated 2027-10-16.,9,3,1,128,low_stage_0
{'dispatch': False},1508.9681680547073,0,chained,"{""dispatch"": ""DXB-271016-S1""}",False,0,Set up urgent routing for the Dubai visit dated 2027-10-16.,9,1,2,128,low_stage_0
"{'city': True, 'date': True, 'priority': True}",1473.2441819505766,0,chained,"{""city"": ""Dubai"", ""date"": ""2027-10-16"", ""priority"": ""urgent""}",True,3,Set up urgent routing for the Dubai visit dated 2027-10-16.,9,3,0,128,low_stage_1
"{'airport': True, 'sla': True, 'date': True}",575.5323990015313,0,chained,"{""airport"": ""DXB"", ""date"": ""2027-10-16"", ""sla"": ""S1""}",True,3,Set up urgent routing for the Dubai visit dated 2027-10-16.,9,3,1,16,low_stage_1
{'dispatch': False},1506.3619749853387,0,chained,"{""dispatch"": ""DXB-271016-S1""}",False,0,Set up urgent routing for the Dubai visit dated 2027-10-16.,9,1,2,128,low_stage_1
"{'city': True, 'date': True, 'priority': True}",1473.6897229449823,0,chained,"{""city"": ""Dubai"", ""date"": ""2027-10-16"", ""priority"": ""urgent""}",True,3,Set up urgent routing for the Dubai visit dated 2027-10-16.,9,3,0,128,low_stage_2
"{'airport': True, 'sla': True, 'date': True}",1602.7095270110294,0,chained,"{""airport"": ""DXB"", ""date"": ""2027-10-16"", ""sla"": ""S1""}",True,3,Set up urgent routing for the Dubai visit dated 2027-10-16.,9,3,1,128,low_stage_2
{'dispatch': False},522.1149539574981,0,chained,"{""dispatch"": ""DXB-271016-S1""}",False,0,Set up urgent routing for the Dubai visit dated 2027-10-16.,9,1,2,16,low_stage_2
"{'city': True, 'date': True, 'priority': True}",1474.6339669218287,1,chained,"{""city"": ""Boston"", ""date"": ""2026-03-23"", ""priority"": ""urgent""}",True,3,Prepare the 2026-03-23 Boston itinerary with urgent handling.,10,3,0,128,all_high
"{'airport': True, 'sla': True, 'date': True}",1601.7342150444165,1,chained,"{""airport"": ""BOS"", ""date"": ""2026-03-23"", ""sla"": ""S1""}",True,3,Prepare the 2026-03-23 Boston itinerary with urgent handling.,10,3,1,128,all_high
{'dispatch': True},1505.827676039189,1,chained,"{""dispatch"": ""BOS-20260323-S1""}",True,1,Prepare the 2026-03-23 Boston itinerary with urgent handling.,10,1,2,128,all_high
"{'city': True, 'date': True, 'priority': True}",492.12892609648407,1,chained,"{""city"": ""Boston"", ""date"": ""2026-03-23"", ""priority"": ""urgent""}",True,3,Prepare the 2026-03-23 Boston itinerary with urgent handling.,10,3,0,16,all_low
"{'airport': True, 'sla': True, 'date': True}",573.8628159742802,1,chained,"{""airport"": ""BOS"", ""date"": ""2026-03-23"", ""sla"": ""S1""}",True,3,Prepare the 2026-03-23 Boston itinerary with urgent handling.,10,3,1,16,all_low
{'dispatch': True},520.4254529671744,1,chained,"{""dispatch"": ""BOS-20260323-S1""}",True,1,Prepare the 2026-03-23 Boston itinerary with urgent handling.,10,1,2,16,all_low
"{'city': True, 'date': True, 'priority': True}",492.0986290089786,1,chained,"{""city"": ""Boston"", ""date"": ""2026-03-23"", ""priority"": ""urgent""}",True,3,Prepare the 2026-03-23 Boston itinerary with urgent handling.,10,3,0,16,low_stage_0
"{'airport': True, 'sla': True, 'date': True}",1601.2539969524369,1,chained,"{""airport"": ""BOS"", ""date"": ""2026-03-23"", ""sla"": ""S1""}",True,3,Prepare the 2026-03-23 Boston itinerary with urgent handling.,10,3,1,128,low_stage_0
{'dispatch': True},1505.904461024329,1,chained,"{""dispatch"": ""BOS-20260323-S1""}",True,1,Prepare the 2026-03-23 Boston itinerary with urgent handling.,10,1,2,128,low_stage_0
"{'city': True, 'date': True, 'priority': True}",1471.445003990084,1,chained,"{""city"": ""Boston"", ""date"": ""2026-03-23"", ""priority"": ""urgent""}",True,3,Prepare the 2026-03-23 Boston itinerary with urgent handling.,10,3,0,128,low_stage_1
"{'airport': True, 'sla': True, 'date': True}",575.4297149833292,1,chained,"{""airport"": ""BOS"", ""date"": ""2026-03-23"", ""sla"": ""S1""}",True,3,Prepare the 2026-03-23 Boston itinerary with urgent handling.,10,3,1,16,low_stage_1
{'dispatch': True},1506.6401299554855,1,chained,"{""dispatch"": ""BOS-20260323-S1""}",True,1,Prepare the 2026-03-23 Boston itinerary with urgent handling.,10,1,2,128,low_stage_1
"{'city': True, 'date': True, 'priority': True}",1471.3345359778032,1,chained,"{""city"": ""Boston"", ""date"": ""2026-03-23"", ""priority"": ""urgent""}",True,3,Prepare the 2026-03-23 Boston itinerary with urgent handling.,10,3,0,128,low_stage_2
"{'airport': True, 'sla': True, 'date': True}",1601.6385939437896,1,chained,"{""airport"": ""BOS"", ""date"": ""2026-03-23"", ""sla"": ""S1""}",True,3,Prepare the 2026-03-23 Boston itinerary with urgent handling.,10,3,1,128,low_stage_2
{'dispatch': True},520.5819979310036,1,chained,"{""dispatch"": ""BOS-20260323-S1""}",True,1,Prepare the 2026-03-23 Boston itinerary with urgent handling.,10,1,2,16,low_stage_2
"{'city': True, 'date': True, 'priority': True}",1471.3420799234882,2,chained,"{""city"": ""Toronto"", ""date"": ""2027-08-06"", ""priority"": ""standard""}",True,3,Open a standard trip ticket to Toronto for 2027-08-06.,11,3,0,128,all_high
"{'airport': True, 'sla': True, 'date': True}",1602.0903780590743,2,chained,"{""airport"": ""YYZ"", ""date"": ""2027-08-06"", ""sla"": ""S2""}",True,3,Open a standard trip ticket to Toronto for 2027-08-06.,11,3,1,128,all_high
{'dispatch': True},1506.720272009261,2,chained,"{""dispatch"": ""YYZ-20270806-S2""}",True,1,Open a standard trip ticket to Toronto for 2027-08-06.,11,1,2,128,all_high
"{'city': True, 'date': True, 'priority': True}",492.9697240004316,2,chained,"{""city"": ""Toronto"", ""date"": ""2027-08-06"", ""priority"": ""standard""}",True,3,Open a standard trip ticket to Toronto for 2027-08-06.,11,3,0,16,all_low
"{'airport': True, 'sla': True, 'date': True}",573.5533999977633,2,chained,"{""airport"": ""YYZ"", ""date"": ""2027-08-06"", ""sla"": ""S2""}",True,3,Open a standard trip ticket to Toronto for 2027-08-06.,11,3,1,16,all_low
{'dispatch': True},520.1306059025228,2,chained,"{""dispatch"": ""YYZ-20270806-S2""}",True,1,Open a standard trip ticket to Toronto for 2027-08-06.,11,1,2,16,all_low
"{'city': True, 'date': True, 'priority': True}",492.72970005404204,2,chained,"{""city"": ""Toronto"", ""date"": ""2027-08-06"", ""priority"": ""standard""}",True,3,Open a standard trip ticket to Toronto for 2027-08-06.,11,3,0,16,low_stage_0
"{'airport': True, 'sla': True, 'date': True}",1602.9659409541637,2,chained,"{""airport"": ""YYZ"", ""date"": ""2027-08-06"", ""sla"": ""S2""}",True,3,Open a standard trip ticket to Toronto for 2027-08-06.,11,3,1,128,low_stage_0
{'dispatch': True},1506.3103280263022,2,chained,"{""dispatch"": ""YYZ-20270806-S2""}",True,1,Open a standard trip ticket to Toronto for 2027-08-06.,11,1,2,128,low_stage_0
"{'city': True, 'date': True, 'priority': True}",1472.1872960217297,2,chained,"{""city"": ""Toronto"", ""date"": ""2027-08-06"", ""priority"": ""standard""}",True,3,Open a standard trip ticket to Toronto for 2027-08-06.,11,3,0,128,low_stage_1
"{'airport': True, 'sla': True, 'date': True}",574.6171700302511,2,chained,"{""airport"": ""YYZ"", ""date"": ""2027-08-06"", ""sla"": ""S2""}",True,3,Open a standard trip ticket to Toronto for 2027-08-06.,11,3,1,16,low_stage_1
{'dispatch': True},1506.229956052266,2,chained,"{""dispatch"": ""YYZ-20270806-S2""}",True,1,Open a standard trip ticket to Toronto for 2027-08-06.,11,1,2,128,low_stage_1
"{'city': True, 'date': True, 'priority': True}",1472.464379039593,2,chained,"{""city"": ""Toronto"", ""date"": ""2027-08-06"", ""priority"": ""standard""}",True,3,Open a standard trip ticket to Toronto for 2027-08-06.,11,3,0,128,low_stage_2
"{'airport': True, 'sla': True, 'date': True}",1601.4282770920545,2,chained,"{""airport"": ""YYZ"", ""date"": ""2027-08-06"", ""sla"": ""S2""}",True,3,Open a standard trip ticket to Toronto for 2027-08-06.,11,3,1,128,low_stage_2
{'dispatch': True},520.7784090889618,2,chained,"{""dispatch"": ""YYZ-20270806-S2""}",True,1,Open a standard trip ticket to Toronto for 2027-08-06.,11,1,2,16,low_stage_2
"{'city': True, 'date': True, 'priority': True}",1471.7773309675977,0,chained,"{""city"": ""Seoul"", ""date"": ""2026-01-13"", ""priority"": ""economy""}",True,3,Create a economy travel dispatch for Seoul on 2026-01-13.,12,3,0,128,all_high
"{'airport': True, 'sla': True, 'date': True}",1601.3941820710897,0,chained,"{""airport"": ""ICN"", ""date"": ""2026-01-13"", ""sla"": ""S3""}",True,3,Create a economy travel dispatch for Seoul on 2026-01-13.,12,3,1,128,all_high
{'dispatch': True},1507.5514919590205,0,chained,"{""dispatch"": ""ICN-20260113-S3""}",True,1,Create a economy travel dispatch for Seoul on 2026-01-13.,12,1,2,128,all_high
"{'city': True, 'date': True, 'priority': True}",493.29475802369416,0,chained,"{""city"": ""Seoul"", ""date"": ""2026-01-13"", ""priority"": ""economy""}",True,3,Create a economy travel dispatch for Seoul on 2026-01-13.,12,3,0,16,all_low
"{'airport': True, 'sla': True, 'date': True}",573.5781280091032,0,chained,"{""airport"": ""ICN"", ""date"": ""2026-01-13"", ""sla"": ""S3""}",True,3,Create a economy travel dispatch for Seoul on 2026-01-13.,12,3,1,16,all_low
{'dispatch': True},520.6309000495821,0,chained,"{""dispatch"": ""ICN-20260113-S3""}",True,1,Create a economy travel dispatch for Seoul on 2026-01-13.,12,1,2,16,all_low
"{'city': True, 'date': True, 'priority': True}",492.57194192614406,0,chained,"{""city"": ""Seoul"", ""date"": ""2026-01-13"", ""priority"": ""economy""}",True,3,Create a economy travel dispatch for Seoul on 2026-01-13.,12,3,0,16,low_stage_0
"{'airport': True, 'sla': True, 'date': True}",1602.627541986294,0,chained,"{""airport"": ""ICN"", ""date"": ""2026-01-13"", ""sla"": ""S3""}",True,3,Create a economy travel dispatch for Seoul on 2026-01-13.,12,3,1,128,low_stage_0
{'dispatch': True},1506.1684499960393,0,chained,"{""dispatch"": ""ICN-20260113-S3""}",True,1,Create a economy travel dispatch for Seoul on 2026-01-13.,12,1,2,128,low_stage_0
"{'city': True, 'date': True, 'priority': True}",1473.754066042602,0,chained,"{""city"": ""Seoul"", ""date"": ""2026-01-13"", ""priority"": ""economy""}",True,3,Create a economy travel dispatch for Seoul on 2026-01-13.,12,3,0,128,low_stage_1
"{'airport': True, 'sla': True, 'date': True}",574.4025049498305,0,chained,"{""airport"": ""ICN"", ""date"": ""2026-01-13"", ""sla"": ""S3""}",True,3,Create a economy travel dispatch for Seoul on 2026-01-13.,12,3,1,16,low_stage_1
{'dispatch': True},1506.6927099833265,0,chained,"{""dispatch"": ""ICN-20260113-S3""}",True,1,Create a economy travel dispatch for Seoul on 2026-01-13.,12,1,2,128,low_stage_1
"{'city': True, 'date': True, 'priority': True}",1476.8577079521492,0,chained,"{""city"": ""Seoul"", ""date"": ""2026-01-13"", ""priority"": ""economy""}",True,3,Create a economy travel dispatch for Seoul on 2026-01-13.,12,3,0,128,low_stage_2
"{'airport': True, 'sla': True, 'date': True}",1601.099835941568,0,chained,"{""airport"": ""ICN"", ""date"": ""2026-01-13"", ""sla"": ""S3""}",True,3,Create a economy travel dispatch for Seoul on 2026-01-13.,12,3,1,128,low_stage_2
{'dispatch': True},521.2708289036527,0,chained,"{""dispatch"": ""ICN-20260113-S3""}",True,1,Create a economy travel dispatch for Seoul on 2026-01-13.,12,1,2,16,low_stage_2
"{'city': True, 'date': True, 'priority': True}",1472.1949000377208,1,chained,"{""city"": ""Tokyo"", ""date"": ""2027-06-20"", ""priority"": ""standard""}",True,3,Set up standard routing for the Tokyo visit dated 2027-06-20.,13,3,0,128,all_high
"{'airport': True, 'sla': True, 'date': True}",1602.1059469785541,1,chained,"{""airport"": ""NRT"", ""date"": ""2027-06-20"", ""sla"": ""S2""}",True,3,Set up standard routing for the Tokyo visit dated 2027-06-20.,13,3,1,128,all_high
{'dispatch': True},1506.820532027632,1,chained,"{""dispatch"": ""NRT-20270620-S2""}",True,1,Set up standard routing for the Tokyo visit dated 2027-06-20.,13,1,2,128,all_high
"{'city': True, 'date': True, 'priority': True}",493.5974999098107,1,chained,"{""city"": ""Tokyo"", ""date"": ""2027-06-20"", ""priority"": ""standard""}",True,3,Set up standard routing for the Tokyo visit dated 2027-06-20.,13,3,0,16,all_low
"{'airport': True, 'sla': True, 'date': True}",573.6628079321235,1,chained,"{""airport"": ""NRT"", ""date"": ""2027-06-20"", ""sla"": ""S2""}",True,3,Set up standard routing for the Tokyo visit dated 2027-06-20.,13,3,1,16,all_low
{'dispatch': False},524.8799959663302,1,chained,"{""dispatch"": ""NRT-270620-S2""}",False,0,Set up standard routing for the Tokyo visit dated 2027-06-20.,13,1,2,16,all_low
"{'city': True, 'date': True, 'priority': True}",493.74020902905613,1,chained,"{""city"": ""Tokyo"", ""date"": ""2027-06-20"", ""priority"": ""standard""}",True,3,Set up standard routing for the Tokyo visit dated 2027-06-20.,13,3,0,16,low_stage_0
"{'airport': True, 'sla': True, 'date': True}",1602.0271379966289,1,chained,"{""airport"": ""NRT"", ""date"": ""2027-06-20"", ""sla"": ""S2""}",True,3,Set up standard routing for the Tokyo visit dated 2027-06-20.,13,3,1,128,low_stage_0
{'dispatch': True},1506.1627990799025,1,chained,"{""dispatch"": ""NRT-20270620-S2""}",True,1,Set up standard routing for the Tokyo visit dated 2027-06-20.,13,1,2,128,low_stage_0
"{'city': True, 'date': True, 'priority': True}",1473.8400579662994,1,chained,"{""city"": ""Tokyo"", ""date"": ""2027-06-20"", ""priority"": ""standard""}",True,3,Set up standard routing for the Tokyo visit dated 2027-06-20.,13,3,0,128,low_stage_1
"{'airport': True, 'sla': True, 'date': True}",575.804452993907,1,chained,"{""airport"": ""NRT"", ""date"": ""2027-06-20"", ""sla"": ""S2""}",True,3,Set up standard routing for the Tokyo visit dated 2027-06-20.,13,3,1,16,low_stage_1
{'dispatch': True},1508.330633980222,1,chained,"{""dispatch"": ""NRT-20270620-S2""}",True,1,Set up standard routing for the Tokyo visit dated 2027-06-20.,13,1,2,128,low_stage_1
"{'city': True, 'date': True, 'priority': True}",1472.755559021607,1,chained,"{""city"": ""Tokyo"", ""date"": ""2027-06-20"", ""priority"": ""standard""}",True,3,Set up standard routing for the Tokyo visit dated 2027-06-20.,13,3,0,128,low_stage_2
"{'airport': True, 'sla': True, 'date': True}",1602.3781310068443,1,chained,"{""airport"": ""NRT"", ""date"": ""2027-06-20"", ""sla"": ""S2""}",True,3,Set up standard routing for the Tokyo visit dated 2027-06-20.,13,3,1,128,low_stage_2
{'dispatch': False},522.1272769849747,1,chained,"{""dispatch"": ""NRT-270620-S2""}",False,0,Set up standard routing for the Tokyo visit dated 2027-06-20.,13,1,2,16,low_stage_2
"{'city': True, 'date': True, 'priority': True}",1470.0286280130967,2,chained,"{""city"": ""Paris"", ""date"": ""2026-11-03"", ""priority"": ""standard""}",True,3,Prepare the 2026-11-03 Paris itinerary with standard handling.,14,3,0,128,all_high
"{'airport': True, 'sla': True, 'date': True}",1600.9285129839554,2,chained,"{""airport"": ""CDG"", ""date"": ""2026-11-03"", ""sla"": ""S2""}",True,3,Prepare the 2026-11-03 Paris itinerary with standard handling.,14,3,1,128,all_high
{'dispatch': True},1505.7419840013608,2,chained,"{""dispatch"": ""CDG-20261103-S2""}",True,1,Prepare the 2026-11-03 Paris itinerary with standard handling.,14,1,2,128,all_high
"{'city': True, 'date': True, 'priority': True}",492.42544604931027,2,chained,"{""city"": ""Paris"", ""date"": ""2026-11-03"", ""priority"": ""standard""}",True,3,Prepare the 2026-11-03 Paris itinerary with standard handling.,14,3,0,16,all_low
"{'airport': True, 'sla': True, 'date': True}",573.7859299406409,2,chained,"{""airport"": ""CDG"", ""date"": ""2026-11-03"", ""sla"": ""S2""}",True,3,Prepare the 2026-11-03 Paris itinerary with standard handling.,14,3,1,16,all_low
{'dispatch': True},520.3622829867527,2,chained,"{""dispatch"": ""CDG-20261103-S2""}",True,1,Prepare the 2026-11-03 Paris itinerary with standard handling.,14,1,2,16,all_low
"{'city': True, 'date': True, 'priority': True}",491.9511399930343,2,chained,"{""city"": ""Paris"", ""date"": ""2026-11-03"", ""priority"": ""standard""}",True,3,Prepare the 2026-11-03 Paris itinerary with standard handling.,14,3,0,16,low_stage_0
"{'airport': True, 'sla': True, 'date': True}",1600.9062310913578,2,chained,"{""airport"": ""CDG"", ""date"": ""2026-11-03"", ""sla"": ""S2""}",True,3,Prepare the 2026-11-03 Paris itinerary with standard handling.,14,3,1,128,low_stage_0
{'dispatch': True},1506.3241639873013,2,chained,"{""dispatch"": ""CDG-20261103-S2""}",True,1,Prepare the 2026-11-03 Paris itinerary with standard handling.,14,1,2,128,low_stage_0
"{'city': True, 'date': True, 'priority': True}",1471.7864790000021,2,chained,"{""city"": ""Paris"", ""date"": ""2026-11-03"", ""priority"": ""standard""}",True,3,Prepare the 2026-11-03 Paris itinerary with standard handling.,14,3,0,128,low_stage_1
"{'airport': True, 'sla': True, 'date': True}",574.5208790758625,2,chained,"{""airport"": ""CDG"", ""date"": ""2026-11-03"", ""sla"": ""S2""}",True,3,Prepare the 2026-11-03 Paris itinerary with standard handling.,14,3,1,16,low_stage_1
{'dispatch': True},1510.0275890436023,2,chained,"{""dispatch"": ""CDG-20261103-S2""}",True,1,Prepare the 2026-11-03 Paris itinerary with standard handling.,14,1,2,128,low_stage_1
"{'city': True, 'date': True, 'priority': True}",1470.996417105198,2,chained,"{""city"": ""Paris"", ""date"": ""2026-11-03"", ""priority"": ""standard""}",True,3,Prepare the 2026-11-03 Paris itinerary with standard handling.,14,3,0,128,low_stage_2
"{'airport': True, 'sla': True, 'date': True}",1601.3133389642462,2,chained,"{""airport"": ""CDG"", ""date"": ""2026-11-03"", ""sla"": ""S2""}",True,3,Prepare the 2026-11-03 Paris itinerary with standard handling.,14,3,1,128,low_stage_2
{'dispatch': True},521.9187730690464,2,chained,"{""dispatch"": ""CDG-20261103-S2""}",True,1,Prepare the 2026-11-03 Paris itinerary with standard handling.,14,1,2,16,low_stage_2
"{'city': True, 'date': True, 'priority': True}",1471.2230439763516,0,chained,"{""city"": ""Austin"", ""date"": ""2027-04-10"", ""priority"": ""standard""}",True,3,Open a standard trip ticket to Austin for 2027-04-10.,15,3,0,128,all_high
"{'airport': True, 'sla': True, 'date': True}",1601.1409150669351,0,chained,"{""airport"": ""AUS"", ""date"": ""2027-04-10"", ""sla"": ""S2""}",True,3,Open a standard trip ticket to Austin for 2027-04-10.,15,3,1,128,all_high
{'dispatch': True},1506.797467940487,0,chained,"{""dispatch"": ""AUS-20270410-S2""}",True,1,Open a standard trip ticket to Austin for 2027-04-10.,15,1,2,128,all_high
"{'city': True, 'date': True, 'priority': True}",496.70801497995853,0,chained,"{""city"": ""Austin"", ""date"": ""2027-04-10"", ""priority"": ""standard""}",True,3,Open a standard trip ticket to Austin for 2027-04-10.,15,3,0,16,all_low
"{'airport': True, 'sla': True, 'date': True}",573.2894819229841,0,chained,"{""airport"": ""AUS"", ""date"": ""2027-04-10"", ""sla"": ""S2""}",True,3,Open a standard trip ticket to Austin for 2027-04-10.,15,3,1,16,all_low
{'dispatch': True},519.8714459547773,0,chained,"{""dispatch"": ""AUS-20270410-S2""}",True,1,Open a standard trip ticket to Austin for 2027-04-10.,15,1,2,16,all_low
"{'city': True, 'date': True, 'priority': True}",492.3236530739814,0,chained,"{""city"": ""Austin"", ""date"": ""2027-04-10"", ""priority"": ""standard""}",True,3,Open a standard trip ticket to Austin for 2027-04-10.,15,3,0,16,low_stage_0
"{'airport': True, 'sla': True, 'date': True}",1601.0424779960886,0,chained,"{""airport"": ""AUS"", ""date"": ""2027-04-10"", ""sla"": ""S2""}",True,3,Open a standard trip ticket to Austin for 2027-04-10.,15,3,1,128,low_stage_0
{'dispatch': True},1506.5995040349662,0,chained,"{""dispatch"": ""AUS-20270410-S2""}",True,1,Open a standard trip ticket to Austin for 2027-04-10.,15,1,2,128,low_stage_0
"{'city': True, 'date': True, 'priority': True}",1472.198627074249,0,chained,"{""city"": ""Austin"", ""date"": ""2027-04-10"", ""priority"": ""standard""}",True,3,Open a standard trip ticket to Austin for 2027-04-10.,15,3,0,128,low_stage_1
"{'airport': True, 'sla': True, 'date': True}",574.8622230021283,0,chained,"{""airport"": ""AUS"", ""date"": ""2027-04-10"", ""sla"": ""S2""}",True,3,Open a standard trip ticket to Austin for 2027-04-10.,15,3,1,16,low_stage_1
{'dispatch': True},1505.6363249896094,0,chained,"{""dispatch"": ""AUS-20270410-S2""}",True,1,Open a standard trip ticket to Austin for 2027-04-10.,15,1,2,128,low_stage_1
"{'city': True, 'date': True, 'priority': True}",1471.5450130170211,0,chained,"{""city"": ""Austin"", ""date"": ""2027-04-10"", ""priority"": ""standard""}",True,3,Open a standard trip ticket to Austin for 2027-04-10.,15,3,0,128,low_stage_2
"{'airport': True, 'sla': True, 'date': True}",1600.472812075168,0,chained,"{""airport"": ""AUS"", ""date"": ""2027-04-10"", ""sla"": ""S2""}",True,3,Open a standard trip ticket to Austin for 2027-04-10.,15,3,1,128,low_stage_2
{'dispatch': True},522.0397419761866,0,chained,"{""dispatch"": ""AUS-20270410-S2""}",True,1,Open a standard trip ticket to Austin for 2027-04-10.,15,1,2,16,low_stage_2
"{'city': True, 'date': True, 'priority': True}",1470.9629539866,1,chained,"{""city"": ""London"", ""date"": ""2026-09-17"", ""priority"": ""standard""}",True,3,Create a standard travel dispatch for London on 2026-09-17.,16,3,0,128,all_high
"{'airport': True, 'sla': True, 'date': True}",1601.0423579718918,1,chained,"{""airport"": ""LHR"", ""date"": ""2026-09-17"", ""sla"": ""S2""}",True,3,Create a standard travel dispatch for London on 2026-09-17.,16,3,1,128,all_high
{'dispatch': True},1505.7240599999204,1,chained,"{""dispatch"": ""LHR-20260917-S2""}",True,1,Create a standard travel dispatch for London on 2026-09-17.,16,1,2,128,all_high
"{'city': True, 'date': True, 'priority': True}",492.6536768907681,1,chained,"{""city"": ""London"", ""date"": ""2026-09-17"", ""priority"": ""standard""}",True,3,Create a standard travel dispatch for London on 2026-09-17.,16,3,0,16,all_low
"{'airport': True, 'sla': True, 'date': True}",573.9546290133148,1,chained,"{""airport"": ""LHR"", ""date"": ""2026-09-17"", ""sla"": ""S2""}",True,3,Create a standard travel dispatch for London on 2026-09-17.,16,3,1,16,all_low
{'dispatch': True},520.081143011339,1,chained,"{""dispatch"": ""LHR-20260917-S2""}",True,1,Create a standard travel dispatch for London on 2026-09-17.,16,1,2,16,all_low
"{'city': True, 'date': True, 'priority': True}",492.0836800010875,1,chained,"{""city"": ""London"", ""date"": ""2026-09-17"", ""priority"": ""standard""}",True,3,Create a standard travel dispatch for London on 2026-09-17.,16,3,0,16,low_stage_0
"{'airport': True, 'sla': True, 'date': True}",1601.5623999992386,1,chained,"{""airport"": ""LHR"", ""date"": ""2026-09-17"", ""sla"": ""S2""}",True,3,Create a standard travel dispatch for London on 2026-09-17.,16,3,1,128,low_stage_0
{'dispatch': True},1505.8212940348312,1,chained,"{""dispatch"": ""LHR-20260917-S2""}",True,1,Create a standard travel dispatch for London on 2026-09-17.,16,1,2,128,low_stage_0
"{'city': True, 'date': True, 'priority': True}",1471.5732659678906,1,chained,"{""city"": ""London"", ""date"": ""2026-09-17"", ""priority"": ""standard""}",True,3,Create a standard travel dispatch for London on 2026-09-17.,16,3,0,128,low_stage_1
"{'airport': True, 'sla': True, 'date': True}",574.8033419949934,1,chained,"{""airport"": ""LHR"", ""date"": ""2026-09-17"", ""sla"": ""S2""}",True,3,Create a standard travel dispatch for London on 2026-09-17.,16,3,1,16,low_stage_1
{'dispatch': True},1507.3540690355003,1,chained,"{""dispatch"": ""LHR-20260917-S2""}",True,1,Create a standard travel dispatch for London on 2026-09-17.,16,1,2,128,low_stage_1
"{'city': True, 'date': True, 'priority': True}",1471.4581589214504,1,chained,"{""city"": ""London"", ""date"": ""2026-09-17"", ""priority"": ""standard""}",True,3,Create a standard travel dispatch for London on 2026-09-17.,16,3,0,128,low_stage_2
"{'airport': True, 'sla': True, 'date': True}",1600.545720080845,1,chained,"{""airport"": ""LHR"", ""date"": ""2026-09-17"", ""sla"": ""S2""}",True,3,Create a standard travel dispatch for London on 2026-09-17.,16,3,1,128,low_stage_2
{'dispatch': True},521.6314709978178,1,chained,"{""dispatch"": ""LHR-20260917-S2""}",True,1,Create a standard travel dispatch for London on 2026-09-17.,16,1,2,16,low_stage_2
"{'city': True, 'date': True, 'priority': True}",1472.4378489190713,2,chained,"{""city"": ""Amsterdam"", ""date"": ""2027-02-24"", ""priority"": ""economy""}",True,3,Set up economy routing for the Amsterdam visit dated 2027-02-24.,17,3,0,128,all_high
"{'airport': True, 'sla': True, 'date': True}",1599.9761649873108,2,chained,"{""airport"": ""AMS"", ""date"": ""2027-02-24"", ""sla"": ""S3""}",True,3,Set up economy routing for the Amsterdam visit dated 2027-02-24.,17,3,1,128,all_high
{'dispatch': True},1506.382934981957,2,chained,"{""dispatch"": ""AMS-20270224-S3""}",True,1,Set up economy routing for the Amsterdam visit dated 2027-02-24.,17,1,2,128,all_high
"{'city': True, 'date': True, 'priority': True}",493.3470468968153,2,chained,"{""city"": ""Amsterdam"", ""date"": ""2027-02-24"", ""priority"": ""economy""}",True,3,Set up economy routing for the Amsterdam visit dated 2027-02-24.,17,3,0,16,all_low
"{'airport': True, 'sla': True, 'date': True}",573.072331957519,2,chained,"{""airport"": ""AMS"", ""date"": ""2027-02-24"", ""sla"": ""S3""}",True,3,Set up economy routing for the Amsterdam visit dated 2027-02-24.,17,3,1,16,all_low
{'dispatch': True},520.0431799748912,2,chained,"{""dispatch"": ""AMS-20270224-S3""}",True,1,Set up economy routing for the Amsterdam visit dated 2027-02-24.,17,1,2,16,all_low
"{'city': True, 'date': True, 'priority': True}",492.6994430134073,2,chained,"{""city"": ""Amsterdam"", ""date"": ""2027-02-24"", ""priority"": ""economy""}",True,3,Set up economy routing for the Amsterdam visit dated 2027-02-24.,17,3,0,16,low_stage_0
"{'airport': True, 'sla': True, 'date': True}",1601.829074905254,2,chained,"{""airport"": ""AMS"", ""date"": ""2027-02-24"", ""sla"": ""S3""}",True,3,Set up economy routing for the Amsterdam visit dated 2027-02-24.,17,3,1,128,low_stage_0
{'dispatch': True},1506.1699919169769,2,chained,"{""dispatch"": ""AMS-20270224-S3""}",True,1,Set up economy routing for the Amsterdam visit dated 2027-02-24.,17,1,2,128,low_stage_0
"{'city': True, 'date': True, 'priority': True}",1474.0745599847287,2,chained,"{""city"": ""Amsterdam"", ""date"": ""2027-02-24"", ""priority"": ""economy""}",True,3,Set up economy routing for the Amsterdam visit dated 2027-02-24.,17,3,0,128,low_stage_1
"{'airport': True, 'sla': True, 'date': True}",574.9376559397206,2,chained,"{""airport"": ""AMS"", ""date"": ""2027-02-24"", ""sla"": ""S3""}",True,3,Set up economy routing for the Amsterdam visit dated 2027-02-24.,17,3,1,16,low_stage_1
{'dispatch': True},1505.783753003925,2,chained,"{""dispatch"": ""AMS-20270224-S3""}",True,1,Set up economy routing for the Amsterdam visit dated 2027-02-24.,17,1,2,128,low_stage_1
"{'city': True, 'date': True, 'priority': True}",1472.447587060742,2,chained,"{""city"": ""Amsterdam"", ""date"": ""2027-02-24"", ""priority"": ""economy""}",True,3,Set up economy routing for the Amsterdam visit dated 2027-02-24.,17,3,0,128,low_stage_2
"{'airport': True, 'sla': True, 'date': True}",1601.7184649826959,2,chained,"{""airport"": ""AMS"", ""date"": ""2027-02-24"", ""sla"": ""S3""}",True,3,Set up economy routing for the Amsterdam visit dated 2027-02-24.,17,3,1,128,low_stage_2
{'dispatch': True},521.7474299715832,2,chained,"{""dispatch"": ""AMS-20270224-S3""}",True,1,Set up economy routing for the Amsterdam visit dated 2027-02-24.,17,1,2,16,low_stage_2
"{'city': True, 'date': True, 'priority': True}",1470.3218929935247,0,chained,"{""city"": ""Madrid"", ""date"": ""2026-07-07"", ""priority"": ""urgent""}",True,3,Prepare the 2026-07-07 Madrid itinerary with urgent handling.,18,3,0,128,all_high
"{'airport': True, 'sla': True, 'date': True}",1599.965694011189,0,chained,"{""airport"": ""MAD"", ""date"": ""2026-07-07"", ""sla"": ""S1""}",True,3,Prepare the 2026-07-07 Madrid itinerary with urgent handling.,18,3,1,128,all_high
{'dispatch': True},1505.5498010478914,0,chained,"{""dispatch"": ""MAD-20260707-S1""}",True,1,Prepare the 2026-07-07 Madrid itinerary with urgent handling.,18,1,2,128,all_high
"{'city': True, 'date': True, 'priority': True}",492.4958989722654,0,chained,"{""city"": ""Madrid"", ""date"": ""2026-07-07"", ""priority"": ""urgent""}",True,3,Prepare the 2026-07-07 Madrid itinerary with urgent handling.,18,3,0,16,all_low
"{'airport': True, 'sla': True, 'date': True}",573.6056900350377,0,chained,"{""airport"": ""MAD"", ""date"": ""2026-07-07"", ""sla"": ""S1""}",True,3,Prepare the 2026-07-07 Madrid itinerary with urgent handling.,18,3,1,16,all_low
{'dispatch': True},520.1134539674968,0,chained,"{""dispatch"": ""MAD-20260707-S1""}",True,1,Prepare the 2026-07-07 Madrid itinerary with urgent handling.,18,1,2,16,all_low
"{'city': True, 'date': True, 'priority': True}",491.9770689448342,0,chained,"{""city"": ""Madrid"", ""date"": ""2026-07-07"", ""priority"": ""urgent""}",True,3,Prepare the 2026-07-07 Madrid itinerary with urgent handling.,18,3,0,16,low_stage_0
"{'airport': True, 'sla': True, 'date': True}",1601.4221459627151,0,chained,"{""airport"": ""MAD"", ""date"": ""2026-07-07"", ""sla"": ""S1""}",True,3,Prepare the 2026-07-07 Madrid itinerary with urgent handling.,18,3,1,128,low_stage_0
{'dispatch': True},1505.6176190264523,0,chained,"{""dispatch"": ""MAD-20260707-S1""}",True,1,Prepare the 2026-07-07 Madrid itinerary with urgent handling.,18,1,2,128,low_stage_0
"{'city': True, 'date': True, 'priority': True}",1472.98627498094,0,chained,"{""city"": ""Madrid"", ""date"": ""2026-07-07"", ""priority"": ""urgent""}",True,3,Prepare the 2026-07-07 Madrid itinerary with urgent handling.,18,3,0,128,low_stage_1
"{'airport': True, 'sla': True, 'date': True}",575.4100569756702,0,chained,"{""airport"": ""MAD"", ""date"": ""2026-07-07"", ""sla"": ""S1""}",True,3,Prepare the 2026-07-07 Madrid itinerary with urgent handling.,18,3,1,16,low_stage_1
{'dispatch': True},1505.6165169226006,0,chained,"{""dispatch"": ""MAD-20260707-S1""}",True,1,Prepare the 2026-07-07 Madrid itinerary with urgent handling.,18,1,2,128,low_stage_1
"{'city': True, 'date': True, 'priority': True}",1469.9866389855742,0,chained,"{""city"": ""Madrid"", ""date"": ""2026-07-07"", ""priority"": ""urgent""}",True,3,Prepare the 2026-07-07 Madrid itinerary with urgent handling.,18,3,0,128,low_stage_2
"{'airport': True, 'sla': True, 'date': True}",1600.4438770469278,0,chained,"{""airport"": ""MAD"", ""date"": ""2026-07-07"", ""sla"": ""S1""}",True,3,Prepare the 2026-07-07 Madrid itinerary with urgent handling.,18,3,1,128,low_stage_2
{'dispatch': True},521.0762819042429,0,chained,"{""dispatch"": ""MAD-20260707-S1""}",True,1,Prepare the 2026-07-07 Madrid itinerary with urgent handling.,18,1,2,16,low_stage_2
"{'city': True, 'date': True, 'priority': True}",1471.5917110443115,1,chained,"{""city"": ""Rome"", ""date"": ""2027-12-14"", ""priority"": ""standard""}",True,3,Open a standard trip ticket to Rome for 2027-12-14.,19,3,0,128,all_high
"{'airport': True, 'sla': True, 'date': True}",1602.067293948494,1,chained,"{""airport"": ""FCO"", ""date"": ""2027-12-14"", ""sla"": ""S2""}",True,3,Open a standard trip ticket to Rome for 2027-12-14.,19,3,1,128,all_high
{'dispatch': True},1506.2041969504207,1,chained,"{""dispatch"": ""FCO-20271214-S2""}",True,1,Open a standard trip ticket to Rome for 2027-12-14.,19,1,2,128,all_high
"{'city': True, 'date': True, 'priority': True}",492.65378690324724,1,chained,"{""city"": ""Rome"", ""date"": ""2027-12-14"", ""priority"": ""standard""}",True,3,Open a standard trip ticket to Rome for 2027-12-14.,19,3,0,16,all_low
"{'airport': True, 'sla': True, 'date': True}",573.7208370119333,1,chained,"{""airport"": ""FCO"", ""date"": ""2027-12-14"", ""sla"": ""S2""}",True,3,Open a standard trip ticket to Rome for 2027-12-14.,19,3,1,16,all_low
{'dispatch': True},519.9101290199906,1,chained,"{""dispatch"": ""FCO-20271214-S2""}",True,1,Open a standard trip ticket to Rome for 2027-12-14.,19,1,2,16,all_low
"{'city': True, 'date': True, 'priority': True}",492.1318320557475,1,chained,"{""city"": ""Rome"", ""date"": ""2027-12-14"", ""priority"": ""standard""}",True,3,Open a standard trip ticket to Rome for 2027-12-14.,19,3,0,16,low_stage_0
"{'airport': True, 'sla': True, 'date': True}",1600.8196970215067,1,chained,"{""airport"": ""FCO"", ""date"": ""2027-12-14"", ""sla"": ""S2""}",True,3,Open a standard trip ticket to Rome for 2027-12-14.,19,3,1,128,low_stage_0
{'dispatch': True},1506.1155899893492,1,chained,"{""dispatch"": ""FCO-20271214-S2""}",True,1,Open a standard trip ticket to Rome for 2027-12-14.,19,1,2,128,low_stage_0
"{'city': True, 'date': True, 'priority': True}",1471.336699090898,1,chained,"{""city"": ""Rome"", ""date"": ""2027-12-14"", ""priority"": ""standard""}",True,3,Open a standard trip ticket to Rome for 2027-12-14.,19,3,0,128,low_stage_1
"{'airport': True, 'sla': True, 'date': True}",574.3815960595384,1,chained,"{""airport"": ""FCO"", ""date"": ""2027-12-14"", ""sla"": ""S2""}",True,3,Open a standard trip ticket to Rome for 2027-12-14.,19,3,1,16,low_stage_1
{'dispatch': True},1506.3234319677576,1,chained,"{""dispatch"": ""FCO-20271214-S2""}",True,1,Open a standard trip ticket to Rome for 2027-12-14.,19,1,2,128,low_stage_1
"{'city': True, 'date': True, 'priority': True}",1471.3688399642706,1,chained,"{""city"": ""Rome"", ""date"": ""2027-12-14"", ""priority"": ""standard""}",True,3,Open a standard trip ticket to Rome for 2027-12-14.,19,3,0,128,low_stage_2
"{'airport': True, 'sla': True, 'date': True}",1600.6912150187418,1,chained,"{""airport"": ""FCO"", ""date"": ""2027-12-14"", ""sla"": ""S2""}",True,3,Open a standard trip ticket to Rome for 2027-12-14.,19,3,1,128,low_stage_2
{'dispatch': True},520.8802720298991,1,chained,"{""dispatch"": ""FCO-20271214-S2""}",True,1,Open a standard trip ticket to Rome for 2027-12-14.,19,1,2,16,low_stage_2
"{'city': True, 'date': True, 'priority': True}",1470.7513329340145,2,chained,"{""city"": ""Berlin"", ""date"": ""2026-05-21"", ""priority"": ""economy""}",True,3,Create a economy travel dispatch for Berlin on 2026-05-21.,20,3,0,128,all_high
"{'airport': True, 'sla': True, 'date': True}",1600.48899310641,2,chained,"{""airport"": ""BER"", ""date"": ""2026-05-21"", ""sla"": ""S3""}",True,3,Create a economy travel dispatch for Berlin on 2026-05-21.,20,3,1,128,all_high
{'dispatch': True},1505.8784320717677,2,chained,"{""dispatch"": ""BER-20260521-S3""}",True,1,Create a economy travel dispatch for Berlin on 2026-05-21.,20,1,2,128,all_high
"{'city': True, 'date': True, 'priority': True}",492.4112700391561,2,chained,"{""city"": ""Berlin"", ""date"": ""2026-05-21"", ""priority"": ""economy""}",True,3,Create a economy travel dispatch for Berlin on 2026-05-21.,20,3,0,16,all_low
"{'airport': True, 'sla': True, 'date': True}",573.5799709800631,2,chained,"{""airport"": ""BER"", ""date"": ""2026-05-21"", ""sla"": ""S3""}",True,3,Create a economy travel dispatch for Berlin on 2026-05-21.,20,3,1,16,all_low
{'dispatch': True},519.6189989801496,2,chained,"{""dispatch"": ""BER-20260521-S3""}",True,1,Create a economy travel dispatch for Berlin on 2026-05-21.,20,1,2,16,all_low
"{'city': True, 'date': True, 'priority': True}",492.0013149967417,2,chained,"{""city"": ""Berlin"", ""date"": ""2026-05-21"", ""priority"": ""economy""}",True,3,Create a economy travel dispatch for Berlin on 2026-05-21.,20,3,0,16,low_stage_0
"{'airport': True, 'sla': True, 'date': True}",1601.2127300491557,2,chained,"{""airport"": ""BER"", ""date"": ""2026-05-21"", ""sla"": ""S3""}",True,3,Create a economy travel dispatch for Berlin on 2026-05-21.,20,3,1,128,low_stage_0
{'dispatch': True},1509.691163082607,2,chained,"{""dispatch"": ""BER-20260521-S3""}",True,1,Create a economy travel dispatch for Berlin on 2026-05-21.,20,1,2,128,low_stage_0
"{'city': True, 'date': True, 'priority': True}",1472.0885090064257,2,chained,"{""city"": ""Berlin"", ""date"": ""2026-05-21"", ""priority"": ""economy""}",True,3,Create a economy travel dispatch for Berlin on 2026-05-21.,20,3,0,128,low_stage_1
"{'airport': True, 'sla': True, 'date': True}",574.7766110580415,2,chained,"{""airport"": ""BER"", ""date"": ""2026-05-21"", ""sla"": ""S3""}",True,3,Create a economy travel dispatch for Berlin on 2026-05-21.,20,3,1,16,low_stage_1
{'dispatch': True},1504.686982021667,2,chained,"{""dispatch"": ""BER-20260521-S3""}",True,1,Create a economy travel dispatch for Berlin on 2026-05-21.,20,1,2,128,low_stage_1
"{'city': True, 'date': True, 'priority': True}",1471.3752219686285,2,chained,"{""city"": ""Berlin"", ""date"": ""2026-05-21"", ""priority"": ""economy""}",True,3,Create a economy travel dispatch for Berlin on 2026-05-21.,20,3,0,128,low_stage_2
"{'airport': True, 'sla': True, 'date': True}",1601.1886049527675,2,chained,"{""airport"": ""BER"", ""date"": ""2026-05-21"", ""sla"": ""S3""}",True,3,Create a economy travel dispatch for Berlin on 2026-05-21.,20,3,1,128,low_stage_2
{'dispatch': True},521.2072599679232,2,chained,"{""dispatch"": ""BER-20260521-S3""}",True,1,Create a economy travel dispatch for Berlin on 2026-05-21.,20,1,2,16,low_stage_2
"{'city': True, 'date': True, 'priority': True}",1476.6787600237876,0,chained,"{""city"": ""Dubai"", ""date"": ""2027-10-04"", ""priority"": ""economy""}",True,3,Set up economy routing for the Dubai visit dated 2027-10-04.,21,3,0,128,all_high
"{'airport': True, 'sla': True, 'date': True}",1600.7048710016534,0,chained,"{""airport"": ""DXB"", ""date"": ""2027-10-04"", ""sla"": ""S3""}",True,3,Set up economy routing for the Dubai visit dated 2027-10-04.,21,3,1,128,all_high
{'dispatch': True},1506.3513449858874,0,chained,"{""dispatch"": ""DXB-20271004-S3""}",True,1,Set up economy routing for the Dubai visit dated 2027-10-04.,21,1,2,128,all_high
"{'city': True, 'date': True, 'priority': True}",493.2939159916714,0,chained,"{""city"": ""Dubai"", ""date"": ""2027-10-04"", ""priority"": ""economy""}",True,3,Set up economy routing for the Dubai visit dated 2027-10-04.,21,3,0,16,all_low
"{'airport': True, 'sla': True, 'date': True}",573.8454919774085,0,chained,"{""airport"": ""DXB"", ""date"": ""2027-10-04"", ""sla"": ""S3""}",True,3,Set up economy routing for the Dubai visit dated 2027-10-04.,21,3,1,16,all_low
{'dispatch': False},521.5089289704338,0,chained,"{""dispatch"": ""DXB-271004-S3""}",False,0,Set up economy routing for the Dubai visit dated 2027-10-04.,21,1,2,16,all_low
"{'city': True, 'date': True, 'priority': True}",492.8875289624557,0,chained,"{""city"": ""Dubai"", ""date"": ""2027-10-04"", ""priority"": ""economy""}",True,3,Set up economy routing for the Dubai visit dated 2027-10-04.,21,3,0,16,low_stage_0
"{'airport': True, 'sla': True, 'date': True}",1601.0989249916747,0,chained,"{""airport"": ""DXB"", ""date"": ""2027-10-04"", ""sla"": ""S3""}",True,3,Set up economy routing for the Dubai visit dated 2027-10-04.,21,3,1,128,low_stage_0
{'dispatch': True},1507.2628270136192,0,chained,"{""dispatch"": ""DXB-20271004-S3""}",True,1,Set up economy routing for the Dubai visit dated 2027-10-04.,21,1,2,128,low_stage_0
"{'city': True, 'date': True, 'priority': True}",1473.237380036153,0,chained,"{""city"": ""Dubai"", ""date"": ""2027-10-04"", ""priority"": ""economy""}",True,3,Set up economy routing for the Dubai visit dated 2027-10-04.,21,3,0,128,low_stage_1
"{'airport': True, 'sla': True, 'date': True}",574.7732149902731,0,chained,"{""airport"": ""DXB"", ""date"": ""2027-10-04"", ""sla"": ""S3""}",True,3,Set up economy routing for the Dubai visit dated 2027-10-04.,21,3,1,16,low_stage_1
{'dispatch': True},1506.07632601168,0,chained,"{""dispatch"": ""DXB-20271004-S3""}",True,1,Set up economy routing for the Dubai visit dated 2027-10-04.,21,1,2,128,low_stage_1
"{'city': True, 'date': True, 'priority': True}",1472.5954260211438,0,chained,"{""city"": ""Dubai"", ""date"": ""2027-10-04"", ""priority"": ""economy""}",True,3,Set up economy routing for the Dubai visit dated 2027-10-04.,21,3,0,128,low_stage_2
"{'airport': True, 'sla': True, 'date': True}",1601.2483380036429,0,chained,"{""airport"": ""DXB"", ""date"": ""2027-10-04"", ""sla"": ""S3""}",True,3,Set up economy routing for the Dubai visit dated 2027-10-04.,21,3,1,128,low_stage_2
{'dispatch': False},521.6109519824386,0,chained,"{""dispatch"": ""DXB-271004-S3""}",False,0,Set up economy routing for the Dubai visit dated 2027-10-04.,21,1,2,16,low_stage_2
"{'city': True, 'date': True, 'priority': True}",1469.6202770574018,1,chained,"{""city"": ""Boston"", ""date"": ""2026-03-11"", ""priority"": ""urgent""}",True,3,Prepare the 2026-03-11 Boston itinerary with urgent handling.,22,3,0,128,all_high
"{'airport': True, 'sla': True, 'date': True}",1600.7460280088708,1,chained,"{""airport"": ""BOS"", ""date"": ""2026-03-11"", ""sla"": ""S1""}",True,3,Prepare the 2026-03-11 Boston itinerary with urgent handling.,22,3,1,128,all_high
{'dispatch': True},1505.675608990714,1,chained,"{""dispatch"": ""BOS-20260311-S1""}",True,1,Prepare the 2026-03-11 Boston itinerary with urgent handling.,22,1,2,128,all_high
"{'city': True, 'date': True, 'priority': True}",492.24443396087736,1,chained,"{""city"": ""Boston"", ""date"": ""2026-03-11"", ""priority"": ""urgent""}",True,3,Prepare the 2026-03-11 Boston itinerary with urgent handling.,22,3,0,16,all_low
"{'airport': True, 'sla': True, 'date': True}",573.4931270126253,1,chained,"{""airport"": ""BOS"", ""date"": ""2026-03-11"", ""sla"": ""S1""}",True,3,Prepare the 2026-03-11 Boston itinerary with urgent handling.,22,3,1,16,all_low
{'dispatch': True},520.4112849896774,1,chained,"{""dispatch"": ""BOS-20260311-S1""}",True,1,Prepare the 2026-03-11 Boston itinerary with urgent handling.,22,1,2,16,all_low
"{'city': True, 'date': True, 'priority': True}",491.9407900888473,1,chained,"{""city"": ""Boston"", ""date"": ""2026-03-11"", ""priority"": ""urgent""}",True,3,Prepare the 2026-03-11 Boston itinerary with urgent handling.,22,3,0,16,low_stage_0
"{'airport': True, 'sla': True, 'date': True}",1602.2040219977498,1,chained,"{""airport"": ""BOS"", ""date"": ""2026-03-11"", ""sla"": ""S1""}",True,3,Prepare the 2026-03-11 Boston itinerary with urgent handling.,22,3,1,128,low_stage_0
{'dispatch': True},1507.8112030168995,1,chained,"{""dispatch"": ""BOS-20260311-S1""}",True,1,Prepare the 2026-03-11 Boston itinerary with urgent handling.,22,1,2,128,low_stage_0
"{'city': True, 'date': True, 'priority': True}",1471.6515840264037,1,chained,"{""city"": ""Boston"", ""date"": ""2026-03-11"", ""priority"": ""urgent""}",True,3,Prepare the 2026-03-11 Boston itinerary with urgent handling.,22,3,0,128,low_stage_1
"{'airport': True, 'sla': True, 'date': True}",574.4159599998966,1,chained,"{""airport"": ""BOS"", ""date"": ""2026-03-11"", ""sla"": ""S1""}",True,3,Prepare the 2026-03-11 Boston itinerary with urgent handling.,22,3,1,16,low_stage_1
{'dispatch': True},1505.5438799317926,1,chained,"{""dispatch"": ""BOS-20260311-S1""}",True,1,Prepare the 2026-03-11 Boston itinerary with urgent handling.,22,1,2,128,low_stage_1
"{'city': True, 'date': True, 'priority': True}",1470.7271779188886,1,chained,"{""city"": ""Boston"", ""date"": ""2026-03-11"", ""priority"": ""urgent""}",True,3,Prepare the 2026-03-11 Boston itinerary with urgent handling.,22,3,0,128,low_stage_2
"{'airport': True, 'sla': True, 'date': True}",1601.7256790073588,1,chained,"{""airport"": ""BOS"", ""date"": ""2026-03-11"", ""sla"": ""S1""}",True,3,Prepare the 2026-03-11 Boston itinerary with urgent handling.,22,3,1,128,low_stage_2
{'dispatch': True},521.8637390062213,1,chained,"{""dispatch"": ""BOS-20260311-S1""}",True,1,Prepare the 2026-03-11 Boston itinerary with urgent handling.,22,1,2,16,low_stage_2
"{'city': True, 'date': True, 'priority': True}",1471.8623919179663,2,chained,"{""city"": ""Toronto"", ""date"": ""2027-08-18"", ""priority"": ""economy""}",True,3,Open a economy trip ticket to Toronto for 2027-08-18.,23,3,0,128,all_high
"{'airport': True, 'sla': True, 'date': True}",1600.5121860653162,2,chained,"{""airport"": ""YYZ"", ""date"": ""2027-08-18"", ""sla"": ""S3""}",True,3,Open a economy trip ticket to Toronto for 2027-08-18.,23,3,1,128,all_high
{'dispatch': True},1506.2835169956088,2,chained,"{""dispatch"": ""YYZ-20270818-S3""}",True,1,Open a economy trip ticket to Toronto for 2027-08-18.,23,1,2,128,all_high
"{'city': True, 'date': True, 'priority': True}",492.92107205837965,2,chained,"{""city"": ""Toronto"", ""date"": ""2027-08-18"", ""priority"": ""economy""}",True,3,Open a economy trip ticket to Toronto for 2027-08-18.,23,3,0,16,all_low
"{'airport': True, 'sla': True, 'date': True}",573.4858840005472,2,chained,"{""airport"": ""YYZ"", ""date"": ""2027-08-18"", ""sla"": ""S3""}",True,3,Open a economy trip ticket to Toronto for 2027-08-18.,23,3,1,16,all_low
{'dispatch': True},520.5453489907086,2,chained,"{""dispatch"": ""YYZ-20270818-S3""}",True,1,Open a economy trip ticket to Toronto for 2027-08-18.,23,1,2,16,all_low
"{'city': True, 'date': True, 'priority': True}",492.2746409429237,2,chained,"{""city"": ""Toronto"", ""date"": ""2027-08-18"", ""priority"": ""economy""}",True,3,Open a economy trip ticket to Toronto for 2027-08-18.,23,3,0,16,low_stage_0
"{'airport': True, 'sla': True, 'date': True}",1601.1185520328581,2,chained,"{""airport"": ""YYZ"", ""date"": ""2027-08-18"", ""sla"": ""S3""}",True,3,Open a economy trip ticket to Toronto for 2027-08-18.,23,3,1,128,low_stage_0
{'dispatch': True},1505.8854960370809,2,chained,"{""dispatch"": ""YYZ-20270818-S3""}",True,1,Open a economy trip ticket to Toronto for 2027-08-18.,23,1,2,128,low_stage_0
"{'city': True, 'date': True, 'priority': True}",1471.70604695566,2,chained,"{""city"": ""Toronto"", ""date"": ""2027-08-18"", ""priority"": ""economy""}",True,3,Open a economy trip ticket to Toronto for 2027-08-18.,23,3,0,128,low_stage_1
"{'airport': True, 'sla': True, 'date': True}",574.8900159960613,2,chained,"{""airport"": ""YYZ"", ""date"": ""2027-08-18"", ""sla"": ""S3""}",True,3,Open a economy trip ticket to Toronto for 2027-08-18.,23,3,1,16,low_stage_1
{'dispatch': True},1505.7134500239044,2,chained,"{""dispatch"": ""YYZ-20270818-S3""}",True,1,Open a economy trip ticket to Toronto for 2027-08-18.,23,1,2,128,low_stage_1
"{'city': True, 'date': True, 'priority': True}",1471.8758179806173,2,chained,"{""city"": ""Toronto"", ""date"": ""2027-08-18"", ""priority"": ""economy""}",True,3,Open a economy trip ticket to Toronto for 2027-08-18.,23,3,0,128,low_stage_2
"{'airport': True, 'sla': True, 'date': True}",1601.791272056289,2,chained,"{""airport"": ""YYZ"", ""date"": ""2027-08-18"", ""sla"": ""S3""}",True,3,Open a economy trip ticket to Toronto for 2027-08-18.,23,3,1,128,low_stage_2
{'dispatch': True},521.1841959971935,2,chained,"{""dispatch"": ""YYZ-20270818-S3""}",True,1,Open a economy trip ticket to Toronto for 2027-08-18.,23,1,2,16,low_stage_2
"{'city': True, 'date': True, 'priority': True}",1470.9623620146886,0,chained,"{""city"": ""Seoul"", ""date"": ""2026-01-01"", ""priority"": ""economy""}",True,3,Create a economy travel dispatch for Seoul on 2026-01-01.,24,3,0,128,all_high
"{'airport': True, 'sla': True, 'date': True}",1600.93718895223,0,chained,"{""airport"": ""ICN"", ""date"": ""2026-01-01"", ""sla"": ""S3""}",True,3,Create a economy travel dispatch for Seoul on 2026-01-01.,24,3,1,128,all_high
{'dispatch': True},1506.0664570191875,0,chained,"{""dispatch"": ""ICN-20260101-S3""}",True,1,Create a economy travel dispatch for Seoul on 2026-01-01.,24,1,2,128,all_high
"{'city': True, 'date': True, 'priority': True}",492.8893930045888,0,chained,"{""city"": ""Seoul"", ""date"": ""2026-01-01"", ""priority"": ""economy""}",True,3,Create a economy travel dispatch for Seoul on 2026-01-01.,24,3,0,16,all_low
"{'airport': True, 'sla': True, 'date': True}",573.416291968897,0,chained,"{""airport"": ""ICN"", ""date"": ""2026-01-01"", ""sla"": ""S3""}",True,3,Create a economy travel dispatch for Seoul on 2026-01-01.,24,3,1,16,all_low
{'dispatch': True},520.2817709650844,0,chained,"{""dispatch"": ""ICN-20260101-S3""}",True,1,Create a economy travel dispatch for Seoul on 2026-01-01.,24,1,2,16,all_low
"{'city': True, 'date': True, 'priority': True}",492.0263820094988,0,chained,"{""city"": ""Seoul"", ""date"": ""2026-01-01"", ""priority"": ""economy""}",True,3,Create a economy travel dispatch for Seoul on 2026-01-01.,24,3,0,16,low_stage_0
"{'airport': True, 'sla': True, 'date': True}",1600.9225520538166,0,chained,"{""airport"": ""ICN"", ""date"": ""2026-01-01"", ""sla"": ""S3""}",True,3,Create a economy travel dispatch for Seoul on 2026-01-01.,24,3,1,128,low_stage_0
{'dispatch': True},1506.1045091133565,0,chained,"{""dispatch"": ""ICN-20260101-S3""}",True,1,Create a economy travel dispatch for Seoul on 2026-01-01.,24,1,2,128,low_stage_0
"{'city': True, 'date': True, 'priority': True}",1471.8289289157838,0,chained,"{""city"": ""Seoul"", ""date"": ""2026-01-01"", ""priority"": ""economy""}",True,3,Create a economy travel dispatch for Seoul on 2026-01-01.,24,3,0,128,low_stage_1
"{'airport': True, 'sla': True, 'date': True}",575.3811639733613,0,chained,"{""airport"": ""ICN"", ""date"": ""2026-01-01"", ""sla"": ""S3""}",True,3,Create a economy travel dispatch for Seoul on 2026-01-01.,24,3,1,16,low_stage_1
{'dispatch': True},1506.271703983657,0,chained,"{""dispatch"": ""ICN-20260101-S3""}",True,1,Create a economy travel dispatch for Seoul on 2026-01-01.,24,1,2,128,low_stage_1
"{'city': True, 'date': True, 'priority': True}",1471.069184015505,0,chained,"{""city"": ""Seoul"", ""date"": ""2026-01-01"", ""priority"": ""economy""}",True,3,Create a economy travel dispatch for Seoul on 2026-01-01.,24,3,0,128,low_stage_2
"{'airport': True, 'sla': True, 'date': True}",1600.8414690149948,0,chained,"{""airport"": ""ICN"", ""date"": ""2026-01-01"", ""sla"": ""S3""}",True,3,Create a economy travel dispatch for Seoul on 2026-01-01.,24,3,1,128,low_stage_2
{'dispatch': True},520.3006869414821,0,chained,"{""dispatch"": ""ICN-20260101-S3""}",True,1,Create a economy travel dispatch for Seoul on 2026-01-01.,24,1,2,16,low_stage_2
"{'city': True, 'date': True, 'priority': True}",1471.750169992447,1,chained,"{""city"": ""Tokyo"", ""date"": ""2027-06-08"", ""priority"": ""standard""}",True,3,Set up standard routing for the Tokyo visit dated 2027-06-08.,25,3,0,128,all_high
"{'airport': True, 'sla': True, 'date': True}",1600.3314850386232,1,chained,"{""airport"": ""NRT"", ""date"": ""2027-06-08"", ""sla"": ""S2""}",True,3,Set up standard routing for the Tokyo visit dated 2027-06-08.,25,3,1,128,all_high
{'dispatch': True},1505.9166540158913,1,chained,"{""dispatch"": ""NRT-20270608-S2""}",True,1,Set up standard routing for the Tokyo visit dated 2027-06-08.,25,1,2,128,all_high
"{'city': True, 'date': True, 'priority': True}",493.44730598386377,1,chained,"{""city"": ""Tokyo"", ""date"": ""2027-06-08"", ""priority"": ""standard""}",True,3,Set up standard routing for the Tokyo visit dated 2027-06-08.,25,3,0,16,all_low
"{'airport': True, 'sla': True, 'date': True}",573.6255269730464,1,chained,"{""airport"": ""NRT"", ""date"": ""2027-06-08"", ""sla"": ""S2""}",True,3,Set up standard routing for the Tokyo visit dated 2027-06-08.,25,3,1,16,all_low
{'dispatch': True},519.985310966149,1,chained,"{""dispatch"": ""NRT-20270608-S2""}",True,1,Set up standard routing for the Tokyo visit dated 2027-06-08.,25,1,2,16,all_low
"{'city': True, 'date': True, 'priority': True}",492.4427689984441,1,chained,"{""city"": ""Tokyo"", ""date"": ""2027-06-08"", ""priority"": ""standard""}",True,3,Set up standard routing for the Tokyo visit dated 2027-06-08.,25,3,0,16,low_stage_0
"{'airport': True, 'sla': True, 'date': True}",1600.9334129048511,1,chained,"{""airport"": ""NRT"", ""date"": ""2027-06-08"", ""sla"": ""S2""}",True,3,Set up standard routing for the Tokyo visit dated 2027-06-08.,25,3,1,128,low_stage_0
{'dispatch': True},1506.179149961099,1,chained,"{""dispatch"": ""NRT-20270608-S2""}",True,1,Set up standard routing for the Tokyo visit dated 2027-06-08.,25,1,2,128,low_stage_0
"{'city': True, 'date': True, 'priority': True}",1472.3738490138203,1,chained,"{""city"": ""Tokyo"", ""date"": ""2027-06-08"", ""priority"": ""standard""}",True,3,Set up standard routing for the Tokyo visit dated 2027-06-08.,25,3,0,128,low_stage_1
"{'airport': True, 'sla': True, 'date': True}",575.1252400223166,1,chained,"{""airport"": ""NRT"", ""date"": ""2027-06-08"", ""sla"": ""S2""}",True,3,Set up standard routing for the Tokyo visit dated 2027-06-08.,25,3,1,16,low_stage_1
{'dispatch': True},1505.6066190591082,1,chained,"{""dispatch"": ""NRT-20270608-S2""}",True,1,Set up standard routing for the Tokyo visit dated 2027-06-08.,25,1,2,128,low_stage_1
"{'city': True, 'date': True, 'priority': True}",1473.2396930921823,1,chained,"{""city"": ""Tokyo"", ""date"": ""2027-06-08"", ""priority"": ""standard""}",True,3,Set up standard routing for the Tokyo visit dated 2027-06-08.,25,3,0,128,low_stage_2
"{'airport': True, 'sla': True, 'date': True}",1600.481629022397,1,chained,"{""airport"": ""NRT"", ""date"": ""2027-06-08"", ""sla"": ""S2""}",True,3,Set up standard routing for the Tokyo visit dated 2027-06-08.,25,3,1,128,low_stage_2
{'dispatch': True},521.0736570879817,1,chained,"{""dispatch"": ""NRT-20270608-S2""}",True,1,Set up standard routing for the Tokyo visit dated 2027-06-08.,25,1,2,16,low_stage_2
"{'city': True, 'date': True, 'priority': True}",1470.5393729964271,2,chained,"{""city"": ""Paris"", ""date"": ""2026-11-15"", ""priority"": ""standard""}",True,3,Prepare the 2026-11-15 Paris itinerary with standard handling.,26,3,0,128,all_high
"{'airport': True, 'sla': True, 'date': True}",1601.6526010353118,2,chained,"{""airport"": ""CDG"", ""date"": ""2026-11-15"", ""sla"": ""S2""}",True,3,Prepare the 2026-11-15 Paris itinerary with standard handling.,26,3,1,128,all_high
{'dispatch': False},1505.6744769681245,2,chained,"{""dispatch"": ""CDG-261115-S2""}",False,0,Prepare the 2026-11-15 Paris itinerary with standard handling.,26,1,2,128,all_high
"{'city': True, 'date': True, 'priority': True}",492.7378660067916,2,chained,"{""city"": ""Paris"", ""date"": ""2026-11-15"", ""priority"": ""standard""}",True,3,Prepare the 2026-11-15 Paris itinerary with standard handling.,26,3,0,16,all_low
"{'airport': True, 'sla': True, 'date': True}",573.5631090356037,2,chained,"{""airport"": ""CDG"", ""date"": ""2026-11-15"", ""sla"": ""S2""}",True,3,Prepare the 2026-11-15 Paris itinerary with standard handling.,26,3,1,16,all_low
{'dispatch': False},520.4825800610706,2,chained,"{""dispatch"": ""CDG-261115-S2""}",False,0,Prepare the 2026-11-15 Paris itinerary with standard handling.,26,1,2,16,all_low
"{'city': True, 'date': True, 'priority': True}",492.0387149322778,2,chained,"{""city"": ""Paris"", ""date"": ""2026-11-15"", ""priority"": ""standard""}",True,3,Prepare the 2026-11-15 Paris itinerary with standard handling.,26,3,0,16,low_stage_0
"{'airport': True, 'sla': True, 'date': True}",1600.359617965296,2,chained,"{""airport"": ""CDG"", ""date"": ""2026-11-15"", ""sla"": ""S2""}",True,3,Prepare the 2026-11-15 Paris itinerary with standard handling.,26,3,1,128,low_stage_0
{'dispatch': False},1506.1275019543245,2,chained,"{""dispatch"": ""CDG-261115-S2""}",False,0,Prepare the 2026-11-15 Paris itinerary with standard handling.,26,1,2,128,low_stage_0
"{'city': True, 'date': True, 'priority': True}",1471.369220991619,2,chained,"{""city"": ""Paris"", ""date"": ""2026-11-15"", ""priority"": ""standard""}",True,3,Prepare the 2026-11-15 Paris itinerary with standard handling.,26,3,0,128,low_stage_1
"{'airport': True, 'sla': True, 'date': True}",575.152411009185,2,chained,"{""airport"": ""CDG"", ""date"": ""2026-11-15"", ""sla"": ""S2""}",True,3,Prepare the 2026-11-15 Paris itinerary with standard handling.,26,3,1,16,low_stage_1
{'dispatch': False},1506.2470879638568,2,chained,"{""dispatch"": ""CDG-261115-S2""}",False,0,Prepare the 2026-11-15 Paris itinerary with standard handling.,26,1,2,128,low_stage_1
"{'city': True, 'date': True, 'priority': True}",1470.4202690627426,2,chained,"{""city"": ""Paris"", ""date"": ""2026-11-15"", ""priority"": ""standard""}",True,3,Prepare the 2026-11-15 Paris itinerary with standard handling.,26,3,0,128,low_stage_2
"{'airport': True, 'sla': True, 'date': True}",1601.0329300770536,2,chained,"{""airport"": ""CDG"", ""date"": ""2026-11-15"", ""sla"": ""S2""}",True,3,Prepare the 2026-11-15 Paris itinerary with standard handling.,26,3,1,128,low_stage_2
{'dispatch': False},521.5574610047042,2,chained,"{""dispatch"": ""CDG-261115-S2""}",False,0,Prepare the 2026-11-15 Paris itinerary with standard handling.,26,1,2,16,low_stage_2
"{'city': True, 'date': True, 'priority': True}",1471.2386940373108,0,chained,"{""city"": ""Austin"", ""date"": ""2027-04-22"", ""priority"": ""economy""}",True,3,Open a economy trip ticket to Austin for 2027-04-22.,27,3,0,128,all_high
"{'airport': True, 'sla': True, 'date': True}",1600.6597250234336,0,chained,"{""airport"": ""AUS"", ""date"": ""2027-04-22"", ""sla"": ""S3""}",True,3,Open a economy trip ticket to Austin for 2027-04-22.,27,3,1,128,all_high
{'dispatch': True},1505.9385149506852,0,chained,"{""dispatch"": ""AUS-20270422-S3""}",True,1,Open a economy trip ticket to Austin for 2027-04-22.,27,1,2,128,all_high
"{'city': True, 'date': True, 'priority': True}",492.3340840032324,0,chained,"{""city"": ""Austin"", ""date"": ""2027-04-22"", ""priority"": ""economy""}",True,3,Open a economy trip ticket to Austin for 2027-04-22.,27,3,0,16,all_low
"{'airport': True, 'sla': True, 'date': True}",573.9539969945326,0,chained,"{""airport"": ""AUS"", ""date"": ""2027-04-22"", ""sla"": ""S3""}",True,3,Open a economy trip ticket to Austin for 2027-04-22.,27,3,1,16,all_low
{'dispatch': False},520.1956479577348,0,chained,"{""dispatch"": ""AUS-270422-S3""}",False,0,Open a economy trip ticket to Austin for 2027-04-22.,27,1,2,16,all_low
"{'city': True, 'date': True, 'priority': True}",491.76487897057086,0,chained,"{""city"": ""Austin"", ""date"": ""2027-04-22"", ""priority"": ""economy""}",True,3,Open a economy trip ticket to Austin for 2027-04-22.,27,3,0,16,low_stage_0
"{'airport': True, 'sla': True, 'date': True}",1601.3191009406,0,chained,"{""airport"": ""AUS"", ""date"": ""2027-04-22"", ""sla"": ""S3""}",True,3,Open a economy trip ticket to Austin for 2027-04-22.,27,3,1,128,low_stage_0
{'dispatch': True},1506.3428890425712,0,chained,"{""dispatch"": ""AUS-20270422-S3""}",True,1,Open a economy trip ticket to Austin for 2027-04-22.,27,1,2,128,low_stage_0
"{'city': True, 'date': True, 'priority': True}",1472.9165339376777,0,chained,"{""city"": ""Austin"", ""date"": ""2027-04-22"", ""priority"": ""economy""}",True,3,Open a economy trip ticket to Austin for 2027-04-22.,27,3,0,128,low_stage_1
"{'airport': True, 'sla': True, 'date': True}",575.0042110448703,0,chained,"{""airport"": ""AUS"", ""date"": ""2027-04-22"", ""sla"": ""S3""}",True,3,Open a economy trip ticket to Austin for 2027-04-22.,27,3,1,16,low_stage_1
{'dispatch': True},1511.1188399605453,0,chained,"{""dispatch"": ""AUS-20270422-S3""}",True,1,Open a economy trip ticket to Austin for 2027-04-22.,27,1,2,128,low_stage_1
"{'city': True, 'date': True, 'priority': True}",1473.1011219555512,0,chained,"{""city"": ""Austin"", ""date"": ""2027-04-22"", ""priority"": ""economy""}",True,3,Open a economy trip ticket to Austin for 2027-04-22.,27,3,0,128,low_stage_2
"{'airport': True, 'sla': True, 'date': True}",1601.2259549461305,0,chained,"{""airport"": ""AUS"", ""date"": ""2027-04-22"", ""sla"": ""S3""}",True,3,Open a economy trip ticket to Austin for 2027-04-22.,27,3,1,128,low_stage_2
{'dispatch': False},521.1319470545277,0,chained,"{""dispatch"": ""AUS-270422-S3""}",False,0,Open a economy trip ticket to Austin for 2027-04-22.,27,1,2,16,low_stage_2
"{'city': True, 'date': True, 'priority': True}",1470.9721909603104,1,chained,"{""city"": ""London"", ""date"": ""2026-09-05"", ""priority"": ""urgent""}",True,3,Create a urgent travel dispatch for London on 2026-09-05.,28,3,0,128,all_high
"{'airport': True, 'sla': True, 'date': True}",1600.8629091084003,1,chained,"{""airport"": ""LHR"", ""date"": ""2026-09-05"", ""sla"": ""S1""}",True,3,Create a urgent travel dispatch for London on 2026-09-05.,28,3,1,128,all_high
{'dispatch': True},1506.302954046987,1,chained,"{""dispatch"": ""LHR-20260905-S1""}",True,1,Create a urgent travel dispatch for London on 2026-09-05.,28,1,2,128,all_high
"{'city': True, 'date': True, 'priority': True}",494.4722020300105,1,chained,"{""city"": ""London"", ""date"": ""2026-09-05"", ""priority"": ""urgent""}",True,3,Create a urgent travel dispatch for London on 2026-09-05.,28,3,0,16,all_low
"{'airport': True, 'sla': True, 'date': True}",573.1638349825516,1,chained,"{""airport"": ""LHR"", ""date"": ""2026-09-05"", ""sla"": ""S1""}",True,3,Create a urgent travel dispatch for London on 2026-09-05.,28,3,1,16,all_low
{'dispatch': True},519.8334050364792,1,chained,"{""dispatch"": ""LHR-20260905-S1""}",True,1,Create a urgent travel dispatch for London on 2026-09-05.,28,1,2,16,all_low
"{'city': True, 'date': True, 'priority': True}",492.6697079790756,1,chained,"{""city"": ""London"", ""date"": ""2026-09-05"", ""priority"": ""urgent""}",True,3,Create a urgent travel dispatch for London on 2026-09-05.,28,3,0,16,low_stage_0
"{'airport': True, 'sla': True, 'date': True}",1600.5887410137802,1,chained,"{""airport"": ""LHR"", ""date"": ""2026-09-05"", ""sla"": ""S1""}",True,3,Create a urgent travel dispatch for London on 2026-09-05.,28,3,1,128,low_stage_0
{'dispatch': True},1505.8023380115628,1,chained,"{""dispatch"": ""LHR-20260905-S1""}",True,1,Create a urgent travel dispatch for London on 2026-09-05.,28,1,2,128,low_stage_0
"{'city': True, 'date': True, 'priority': True}",1472.3883260739967,1,chained,"{""city"": ""London"", ""date"": ""2026-09-05"", ""priority"": ""urgent""}",True,3,Create a urgent travel dispatch for London on 2026-09-05.,28,3,0,128,low_stage_1
"{'airport': True, 'sla': True, 'date': True}",574.756984016858,1,chained,"{""airport"": ""LHR"", ""date"": ""2026-09-05"", ""sla"": ""S1""}",True,3,Create a urgent travel dispatch for London on 2026-09-05.,28,3,1,16,low_stage_1
{'dispatch': True},1506.2824609922245,1,chained,"{""dispatch"": ""LHR-20260905-S1""}",True,1,Create a urgent travel dispatch for London on 2026-09-05.,28,1,2,128,low_stage_1
"{'city': True, 'date': True, 'priority': True}",1471.3324450422078,1,chained,"{""city"": ""London"", ""date"": ""2026-09-05"", ""priority"": ""urgent""}",True,3,Create a urgent travel dispatch for London on 2026-09-05.,28,3,0,128,low_stage_2
"{'airport': True, 'sla': True, 'date': True}",1601.1265029665083,1,chained,"{""airport"": ""LHR"", ""date"": ""2026-09-05"", ""sla"": ""S1""}",True,3,Create a urgent travel dispatch for London on 2026-09-05.,28,3,1,128,low_stage_2
{'dispatch': True},521.8240880640224,1,chained,"{""dispatch"": ""LHR-20260905-S1""}",True,1,Create a urgent travel dispatch for London on 2026-09-05.,28,1,2,16,low_stage_2
"{'city': True, 'date': True, 'priority': True}",1471.8926220666617,2,chained,"{""city"": ""Amsterdam"", ""date"": ""2027-02-12"", ""priority"": ""standard""}",True,3,Set up standard routing for the Amsterdam visit dated 2027-02-12.,29,3,0,128,all_high
"{'airport': True, 'sla': True, 'date': True}",1601.870976970531,2,chained,"{""airport"": ""AMS"", ""date"": ""2027-02-12"", ""sla"": ""S2""}",True,3,Set up standard routing for the Amsterdam visit dated 2027-02-12.,29,3,1,128,all_high
{'dispatch': True},1505.5575739825144,2,chained,"{""dispatch"": ""AMS-20270212-S2""}",True,1,Set up standard routing for the Amsterdam visit dated 2027-02-12.,29,1,2,128,all_high
"{'city': True, 'date': True, 'priority': True}",493.3860000455752,2,chained,"{""city"": ""Amsterdam"", ""date"": ""2027-02-12"", ""priority"": ""standard""}",True,3,Set up standard routing for the Amsterdam visit dated 2027-02-12.,29,3,0,16,all_low
"{'airport': True, 'sla': True, 'date': True}",572.5525430170819,2,chained,"{""airport"": ""AMS"", ""date"": ""2027-02-12"", ""sla"": ""S2""}",True,3,Set up standard routing for the Amsterdam visit dated 2027-02-12.,29,3,1,16,all_low
{'dispatch': True},520.6307970220223,2,chained,"{""dispatch"": ""AMS-20270212-S2""}",True,1,Set up standard routing for the Amsterdam visit dated 2027-02-12.,29,1,2,16,all_low
"{'city': True, 'date': True, 'priority': True}",492.94082005508244,2,chained,"{""city"": ""Amsterdam"", ""date"": ""2027-02-12"", ""priority"": ""standard""}",True,3,Set up standard routing for the Amsterdam visit dated 2027-02-12.,29,3,0,16,low_stage_0
"{'airport': True, 'sla': True, 'date': True}",1600.3250899957493,2,chained,"{""airport"": ""AMS"", ""date"": ""2027-02-12"", ""sla"": ""S2""}",True,3,Set up standard routing for the Amsterdam visit dated 2027-02-12.,29,3,1,128,low_stage_0
{'dispatch': True},1505.548877059482,2,chained,"{""dispatch"": ""AMS-20270212-S2""}",True,1,Set up standard routing for the Amsterdam visit dated 2027-02-12.,29,1,2,128,low_stage_0
"{'city': True, 'date': True, 'priority': True}",1472.9853039607406,2,chained,"{""city"": ""Amsterdam"", ""date"": ""2027-02-12"", ""priority"": ""standard""}",True,3,Set up standard routing for the Amsterdam visit dated 2027-02-12.,29,3,0,128,low_stage_1
"{'airport': True, 'sla': True, 'date': True}",575.4919409519061,2,chained,"{""airport"": ""AMS"", ""date"": ""2027-02-12"", ""sla"": ""S2""}",True,3,Set up standard routing for the Amsterdam visit dated 2027-02-12.,29,3,1,16,low_stage_1
{'dispatch': True},1505.1160199800506,2,chained,"{""dispatch"": ""AMS-20270212-S2""}",True,1,Set up standard routing for the Amsterdam visit dated 2027-02-12.,29,1,2,128,low_stage_1
"{'city': True, 'date': True, 'priority': True}",1472.0589750213549,2,chained,"{""city"": ""Amsterdam"", ""date"": ""2027-02-12"", ""priority"": ""standard""}",True,3,Set up standard routing for the Amsterdam visit dated 2027-02-12.,29,3,0,128,low_stage_2
"{'airport': True, 'sla': True, 'date': True}",1600.2040409948677,2,chained,"{""airport"": ""AMS"", ""date"": ""2027-02-12"", ""sla"": ""S2""}",True,3,Set up standard routing for the Amsterdam visit dated 2027-02-12.,29,3,1,128,low_stage_2
{'dispatch': True},521.5067500248551,2,chained,"{""dispatch"": ""AMS-20270212-S2""}",True,1,Set up standard routing for the Amsterdam visit dated 2027-02-12.,29,1,2,16,low_stage_2
