base_request_id,final_success,hard_stage,request,request_index,stage_ready_count,targets,total_generation_ms,variant
0,True,0,Create a economy travel dispatch for Seoul on 2026-01-01.,0,3,"{""airport"": ""ICN"", ""city"": ""Seoul"", ""date"": ""2026-01-01"", ""dispatch"": ""ICN-20260101-S3"", ""priority"": ""economy"", ""sla"": ""S3""}",4509.354358073324,all_high
0,True,0,Create a economy travel dispatch for Seoul on 2026-01-01.,0,3,"{""airport"": ""ICN"", ""city"": ""Seoul"", ""date"": ""2026-01-01"", ""dispatch"": ""ICN-20260101-S3"", ""priority"": ""economy"", ""sla"": ""S3""}",1557.3035709094256,all_low
0,True,0,Create a economy travel dispatch for Seoul on 2026-01-01.,0,3,"{""airport"": ""ICN"", ""city"": ""Seoul"", ""date"": ""2026-01-01"", ""dispatch"": ""ICN-20260101-S3"", ""priority"": ""economy"", ""sla"": ""S3""}",3549.4620099198073,low_stage_0
0,True,0,Create a economy travel dispatch for Seoul on 2026-01-01.,0,3,"{""airport"": ""ICN"", ""city"": ""Seoul"", ""date"": ""2026-01-01"", ""dispatch"": ""ICN-20260101-S3"", ""priority"": ""economy"", ""sla"": ""S3""}",3507.1897441521287,low_stage_1
0,True,0,Create a economy travel dispatch for Seoul on 2026-01-01.,0,3,"{""airport"": ""ICN"", ""city"": ""Seoul"", ""date"": ""2026-01-01"", ""dispatch"": ""ICN-20260101-S3"", ""priority"": ""economy"", ""sla"": ""S3""}",3546.9951587729156,low_stage_2
0,True,1,Create a economy travel dispatch for Seoul on 2026-01-01.,1,3,"{""airport"": ""ICN"", ""city"": ""Seoul"", ""date"": ""2026-01-01"", ""dispatch"": ""ICN-20260101-S3"", ""priority"": ""economy"", ""sla"": ""S3""}",4533.978156046942,all_high
0,True,1,Create a economy travel dispatch for Seoul on 2026-01-01.,1,3,"{""airport"": ""ICN"", ""city"": ""Seoul"", ""date"": ""2026-01-01"", ""dispatch"": ""ICN-20260101-S3"", ""priority"": ""economy"", ""sla"": ""S3""}",1569.0224759746343,all_low
0,True,1,Create a economy travel dispatch for Seoul on 2026-01-01.,1,3,"{""airport"": ""ICN"", ""city"": ""Seoul"", ""date"": ""2026-01-01"", ""dispatch"": ""ICN-20260101-S3"", ""priority"": ""economy"", ""sla"": ""S3""}",3570.866963942535,low_stage_0
0,True,1,Create a economy travel dispatch for Seoul on 2026-01-01.,1,3,"{""airport"": ""ICN"", ""city"": ""Seoul"", ""date"": ""2026-01-01"", ""dispatch"": ""ICN-20260101-S3"", ""priority"": ""economy"", ""sla"": ""S3""}",3524.5511869434267,low_stage_1
0,True,1,Create a economy travel dispatch for Seoul on 2026-01-01.,1,3,"{""airport"": ""ICN"", ""city"": ""Seoul"", ""date"": ""2026-01-01"", ""dispatch"": ""ICN-20260101-S3"", ""priority"": ""economy"", ""sla"": ""S3""}",3579.886651947163,low_stage_2
0,True,2,Create a economy travel dispatch for Seoul on 2026-01-01.,2,3,"{""airport"": ""ICN"", ""city"": ""Seoul"", ""date"": ""2026-01-01"", ""dispatch"": ""ICN-20260101-S3"", ""priority"": ""economy"", ""sla"": ""S3""}",4556.768515962176,all_high
0,True,2,Create a economy travel dispatch for Seoul on 2026-01-01.,2,3,"{""airport"": ""ICN"", ""city"": ""Seoul"", ""date"": ""2026-01-01"", ""dispatch"": ""ICN-20260101-S3"", ""priority"": ""economy"", ""sla"": ""S3""}",1576.2945759342983,all_low
0,True,2,Create a economy travel dispatch for Seoul on 2026-01-01.,2,3,"{""airport"": ""ICN"", ""city"": ""Seoul"", ""date"": ""2026-01-01"", ""dispatch"": ""ICN-20260101-S3"", ""priority"": ""economy"", ""sla"": ""S3""}",3586.937423911877,low_stage_0
0,True,2,Create a economy travel dispatch for Seoul on 2026-01-01.,2,3,"{""airport"": ""ICN"", ""city"": ""Seoul"", ""date"": ""2026-01-01"", ""dispatch"": ""ICN-20260101-S3"", ""priority"": ""economy"", ""sla"": ""S3""}",3538.9764548745006,low_stage_1
0,True,2,Create a economy travel dispatch for Seoul on 2026-01-01.,2,3,"{""airport"": ""ICN"", ""city"": ""Seoul"", ""date"": ""2026-01-01"", ""dispatch"": ""ICN-20260101-S3"", ""priority"": ""economy"", ""sla"": ""S3""}",3578.828042023815,low_stage_2
1,True,0,Set up standard routing for the Tokyo visit dated 2027-06-08.,3,3,"{""airport"": ""NRT"", ""city"": ""Tokyo"", ""date"": ""2027-06-08"", ""dispatch"": ""NRT-20270608-S2"", ""priority"": ""standard"", ""sla"": ""S2""}",4570.0564089929685,all_high
1,True,0,Set up standard routing for the Tokyo visit dated 2027-06-08.,3,3,"{""airport"": ""NRT"", ""city"": ""Tokyo"", ""date"": ""2027-06-08"", ""dispatch"": ""NRT-20270608-S2"", ""priority"": ""standard"", ""sla"": ""S2""}",1582.825978868641,all_low
1,True,0,Set up standard routing for the Tokyo visit dated 2027-06-08.,3,3,"{""airport"": ""NRT"", ""city"": ""Tokyo"", ""date"": ""2027-06-08"", ""dispatch"": ""NRT-20270608-S2"", ""priority"": ""standard"", ""sla"": ""S2""}",3594.39069905784,low_stage_0
1,True,0,Set up standard routing for the Tokyo visit dated 2027-06-08.,3,3,"{""airport"": ""NRT"", ""city"": ""Tokyo"", ""date"": ""2027-06-08"", ""dispatch"": ""NRT-20270608-S2"", ""priority"": ""standard"", ""sla"": ""S2""}",3547.6701009320095,low_stage_1
1,True,0,Set up standard routing for the Tokyo visit dated 2027-06-08.,3,3,"{""airport"": ""NRT"", ""city"": ""Tokyo"", ""date"": ""2027-06-08"", ""dispatch"": ""NRT-20270608-S2"", ""priority"": ""standard"", ""sla"": ""S2""}",3591.9585801893845,low_stage_2
1,True,1,Set up standard routing for the Tokyo visit dated 2027-06-08.,4,3,"{""airport"": ""NRT"", ""city"": ""Tokyo"", ""date"": ""2027-06-08"", ""dispatch"": ""NRT-20270608-S2"", ""priority"": ""standard"", ""sla"": ""S2""}",4577.272018184885,all_high
1,True,1,Set up standard routing for the Tokyo visit dated 2027-06-08.,4,3,"{""airport"": ""NRT"", ""city"": ""Tokyo"", ""date"": ""2027-06-08"", ""dispatch"": ""NRT-20270608-S2"", ""priority"": ""standard"", ""sla"": ""S2""}",1585.2513529825956,all_low
1,True,1,Set up standard routing for the Tokyo visit dated 2027-06-08.,4,3,"{""airport"": ""NRT"", ""city"": ""Tokyo"", ""date"": ""2027-06-08"", ""dispatch"": ""NRT-20270608-S2"", ""priority"": ""standard"", ""sla"": ""S2""}",3598.106013960205,low_stage_0
1,True,1,Set up standard routing for the Tokyo visit dated 2027-06-08.,4,3,"{""airport"": ""NRT"", ""city"": ""Tokyo"", ""date"": ""2027-06-08"", ""dispatch"": ""NRT-20270608-S2"", ""priority"": ""standard"", ""sla"": ""S2""}",3553.4034749725834,low_stage_1
1,True,1,Set up standard routing for the Tokyo visit dated 2027-06-08.,4,3,"{""airport"": ""NRT"", ""city"": ""Tokyo"", ""date"": ""2027-06-08"", ""dispatch"": ""NRT-20270608-S2"", ""priority"": ""standard"", ""sla"": ""S2""}",3594.1134828608483,low_stage_2
1,True,2,Set up standard routing for the Tokyo visit dated 2027-06-08.,5,3,"{""airport"": ""NRT"", ""city"": ""Tokyo"", ""date"": ""2027-06-08"", ""dispatch"": ""NRT-20270608-S2"", ""priority"": ""standard"", ""sla"": ""S2""}",4579.8866810509935,all_high
1,True,2,Set up standard routing for the Tokyo visit dated 2027-06-08.,5,3,"{""airport"": ""NRT"", ""city"": ""Tokyo"", ""date"": ""2027-06-08"", ""dispatch"": ""NRT-20270608-S2"", ""priority"": ""standard"", ""sla"": ""S2""}",1586.207135929726,all_low
1,True,2,Set up standard routing for the Tokyo visit dated 2027-06-08.,5,3,"{""airport"": ""NRT"", ""city"": ""Tokyo"", ""date"": ""2027-06-08"", ""dispatch"": ""NRT-20270608-S2"", ""priority"": ""standard"", ""sla"": ""S2""}",3600.870199035853,low_stage_0
1,True,2,Set up standard routing for the Tokyo visit dated 2027-06-08.,5,3,"{""airport"": ""NRT"", ""city"": ""Tokyo"", ""date"": ""2027-06-08"", ""dispatch"": ""NRT-20270608-S2"", ""priority"": ""standard"", ""sla"": ""S2""}",3555.500961956568,low_stage_1
1,True,2,Set up standard routing for the Tokyo visit dated 2027-06-08.,5,3,"{""airport"": ""NRT"", ""city"": ""Tokyo"", ""date"": ""2027-06-08"", ""dispatch"": ""NRT-20270608-S2"", ""priority"": ""standard"", ""sla"": ""S2""}",3594.9461240088567,low_stage_2
2,True,0,Prepare the 2026-11-15 Paris itinerary with economy handling.,6,3,"{""airport"": ""CDG"", ""city"": ""Paris"", ""date"": ""2026-11-15"", ""dispatch"": ""CDG-20261115-S3"", ""priority"": ""economy"", ""sla"": ""S3""}",4586.090923985466,all_high
2,True,0,Prepare the 2026-11-15 Paris itinerary with economy handling.,6,3,"{""airport"": ""CDG"", ""city"": ""Paris"", ""date"": ""2026-11-15"", ""dispatch"": ""CDG-20261115-S3"", ""priority"": ""economy"", ""sla"": ""S3""}",1586.634732899256,all_low
2,True,0,Prepare the 2026-11-15 Paris itinerary with economy handling.,6,3,"{""airport"": ""CDG"", ""city"": ""Paris"", ""date"": ""2026-11-15"", ""dispatch"": ""CDG-20261115-S3"", ""priority"": ""economy"", ""sla"": ""S3""}",3607.7118738321587,low_stage_0
2,True,0,Prepare the 2026-11-15 Paris itinerary with economy handling.,6,3,"{""airport"": ""CDG"", ""city"": ""Paris"", ""date"": ""2026-11-15"", ""dispatch"": ""CDG-20261115-S3"", ""priority"": ""economy"", ""sla"": ""S3""}",3557.3201939696446,low_stage_1
2,True,0,Prepare the 2026-11-15 Paris itinerary with economy handling.,6,3,"{""airport"": ""CDG"", ""city"": ""Paris"", ""date"": ""2026-11-15"", ""dispatch"": ""CDG-20261115-S3"", ""priority"": ""economy"", ""sla"": ""S3""}",3598.4632280888036,low_stage_2
2,True,1,Prepare the 2026-11-15 Paris itinerary with economy handling.,7,3,"{""airport"": ""CDG"", ""city"": ""Paris"", ""date"": ""2026-11-15"", ""dispatch"": ""CDG-20261115-S3"", ""priority"": ""economy"", ""sla"": ""S3""}",4586.135805933736,all_high
2,True,1,Prepare the 2026-11-15 Paris itinerary with economy handling.,7,3,"{""airport"": ""CDG"", ""city"": ""Paris"", ""date"": ""2026-11-15"", ""dispatch"": ""CDG-20261115-S3"", ""priority"": ""economy"", ""sla"": ""S3""}",1588.0734589882195,all_low
2,True,1,Prepare the 2026-11-15 Paris itinerary with economy handling.,7,3,"{""airport"": ""CDG"", ""city"": ""Paris"", ""date"": ""2026-11-15"", ""dispatch"": ""CDG-20261115-S3"", ""priority"": ""economy"", ""sla"": ""S3""}",3605.879241018556,low_stage_0
2,True,1,Prepare the 2026-11-15 Paris itinerary with economy handling.,7,3,"{""airport"": ""CDG"", ""city"": ""Paris"", ""date"": ""2026-11-15"", ""dispatch"": ""CDG-20261115-S3"", ""priority"": ""economy"", ""sla"": ""S3""}",3568.0594849400222,low_stage_1
2,True,1,Prepare the 2026-11-15 Paris itinerary with economy handling.,7,3,"{""airport"": ""CDG"", ""city"": ""Paris"", ""date"": ""2026-11-15"", ""dispatch"": ""CDG-20261115-S3"", ""priority"": ""economy"", ""sla"": ""S3""}",3601.3714658329263,low_stage_2
2,True,2,Prepare the 2026-11-15 Paris itinerary with economy handling.,8,3,"{""airport"": ""CDG"", ""city"": ""Paris"", ""date"": ""2026-11-15"", ""dispatch"": ""CDG-20261115-S3"", ""priority"": ""economy"", ""sla"": ""S3""}",4589.675137074664,all_high
2,True,2,Prepare the 2026-11-15 Paris itinerary with economy handling.,8,3,"{""airport"": ""CDG"", ""city"": ""Paris"", ""date"": ""2026-11-15"", ""dispatch"": ""CDG-20261115-S3"", ""priority"": ""economy"", ""sla"": ""S3""}",1589.6228820784017,all_low
2,True,2,Prepare the 2026-11-15 Paris itinerary with economy handling.,8,3,"{""airport"": ""CDG"", ""city"": ""Paris"", ""date"": ""2026-11-15"", ""dispatch"": ""CDG-20261115-S3"", ""priority"": ""economy"", ""sla"": ""S3""}",3607.217086129822,low_stage_0
2,True,2,Prepare the 2026-11-15 Paris itinerary with economy handling.,8,3,"{""airport"": ""CDG"", ""city"": ""Paris"", ""date"": ""2026-11-15"", ""dispatch"": ""CDG-20261115-S3"", ""priority"": ""economy"", ""sla"": ""S3""}",3560.189023031853,low_stage_1
2,True,2,Prepare the 2026-11-15 Paris itinerary with economy handling.,8,3,"{""airport"": ""CDG"", ""city"": ""Paris"", ""date"": ""2026-11-15"", ""dispatch"": ""CDG-20261115-S3"", ""priority"": ""economy"", ""sla"": ""S3""}",3602.2013910114765,low_stage_2
3,True,0,Open a economy trip ticket to Austin for 2027-04-22.,9,3,"{""airport"": ""AUS"", ""city"": ""Austin"", ""date"": ""2027-04-22"", ""dispatch"": ""AUS-20270422-S3"", ""priority"": ""economy"", ""sla"": ""S3""}",4588.588826009072,all_high
3,False,0,Open a economy trip ticket to Austin for 2027-04-22.,9,2,"{""airport"": ""AUS"", ""city"": ""Austin"", ""date"": ""2027-04-22"", ""dispatch"": ""AUS-20270422-S3"", ""priority"": ""economy"", ""sla"": ""S3""}",1589.3369029508904,all_low
3,True,0,Open a economy trip ticket to Austin for 2027-04-22.,9,3,"{""airport"": ""AUS"", ""city"": ""Austin"", ""date"": ""2027-04-22"", ""dispatch"": ""AUS-20270422-S3"", ""priority"": ""economy"", ""sla"": ""S3""}",3610.9893440734595,low_stage_0
3,True,0,Open a economy trip ticket to Austin for 2027-04-22.,9,3,"{""airport"": ""AUS"", ""city"": ""Austin"", ""date"": ""2027-04-22"", ""dispatch"": ""AUS-20270422-S3"", ""priority"": ""economy"", ""sla"": ""S3""}",3563.005437841639,low_stage_1
3,False,0,Open a economy trip ticket to Austin for 2027-04-22.,9,2,"{""airport"": ""AUS"", ""city"": ""Austin"", ""date"": ""2027-04-22"", ""dispatch"": ""AUS-20270422-S3"", ""priority"": ""economy"", ""sla"": ""S3""}",3601.851284969598,low_stage_2
3,True,1,Open a economy trip ticket to Austin for 2027-04-22.,10,3,"{""airport"": ""AUS"", ""city"": ""Austin"", ""date"": ""2027-04-22"", ""dispatch"": ""AUS-20270422-S3"", ""priority"": ""economy"", ""sla"": ""S3""}",4589.990345877595,all_high
3,False,1,Open a economy trip ticket to Austin for 2027-04-22.,10,2,"{""airport"": ""AUS"", ""city"": ""Austin"", ""date"": ""2027-04-22"", ""dispatch"": ""AUS-20270422-S3"", ""priority"": ""economy"", ""sla"": ""S3""}",1589.3280380405486,all_low
3,True,1,Open a economy trip ticket to Austin for 2027-04-22.,10,3,"{""airport"": ""AUS"", ""city"": ""Austin"", ""date"": ""2027-04-22"", ""dispatch"": ""AUS-20270422-S3"", ""priority"": ""economy"", ""sla"": ""S3""}",3607.666450086981,low_stage_0
3,True,1,Open a economy trip ticket to Austin for 2027-04-22.,10,3,"{""airport"": ""AUS"", ""city"": ""Austin"", ""date"": ""2027-04-22"", ""dispatch"": ""AUS-20270422-S3"", ""priority"": ""economy"", ""sla"": ""S3""}",3560.570448054932,low_stage_1
3,False,1,Open a economy trip ticket to Austin for 2027-04-22.,10,2,"{""airport"": ""AUS"", ""city"": ""Austin"", ""date"": ""2027-04-22"", ""dispatch"": ""AUS-20270422-S3"", ""priority"": ""economy"", ""sla"": ""S3""}",3604.5385180041194,low_stage_2
3,True,2,Open a economy trip ticket to Austin for 2027-04-22.,11,3,"{""airport"": ""AUS"", ""city"": ""Austin"", ""date"": ""2027-04-22"", ""dispatch"": ""AUS-20270422-S3"", ""priority"": ""economy"", ""sla"": ""S3""}",4587.779243011028,all_high
3,False,2,Open a economy trip ticket to Austin for 2027-04-22.,11,2,"{""airport"": ""AUS"", ""city"": ""Austin"", ""date"": ""2027-04-22"", ""dispatch"": ""AUS-20270422-S3"", ""priority"": ""economy"", ""sla"": ""S3""}",1589.0150970080867,all_low
3,True,2,Open a economy trip ticket to Austin for 2027-04-22.,11,3,"{""airport"": ""AUS"", ""city"": ""Austin"", ""date"": ""2027-04-22"", ""dispatch"": ""AUS-20270422-S3"", ""priority"": ""economy"", ""sla"": ""S3""}",3608.2902770722285,low_stage_0
3,True,2,Open a economy trip ticket to Austin for 2027-04-22.,11,3,"{""airport"": ""AUS"", ""city"": ""Austin"", ""date"": ""2027-04-22"", ""dispatch"": ""AUS-20270422-S3"", ""priority"": ""economy"", ""sla"": ""S3""}",3559.868231997825,low_stage_1
3,False,2,Open a economy trip ticket to Austin for 2027-04-22.,11,2,"{""airport"": ""AUS"", ""city"": ""Austin"", ""date"": ""2027-04-22"", ""dispatch"": ""AUS-20270422-S3"", ""priority"": ""economy"", ""sla"": ""S3""}",3601.3186710188165,low_stage_2
4,True,0,Create a economy travel dispatch for London on 2026-09-05.,12,3,"{""airport"": ""LHR"", ""city"": ""London"", ""date"": ""2026-09-05"", ""dispatch"": ""LHR-20260905-S3"", ""priority"": ""economy"", ""sla"": ""S3""}",4589.019222999923,all_high
4,True,0,Create a economy travel dispatch for London on 2026-09-05.,12,3,"{""airport"": ""LHR"", ""city"": ""London"", ""date"": ""2026-09-05"", ""dispatch"": ""LHR-20260905-S3"", ""priority"": ""economy"", ""sla"": ""S3""}",1588.6479740729555,all_low
4,True,0,Create a economy travel dispatch for London on 2026-09-05.,12,3,"{""airport"": ""LHR"", ""city"": ""London"", ""date"": ""2026-09-05"", ""dispatch"": ""LHR-20260905-S3"", ""priority"": ""economy"", ""sla"": ""S3""}",3606.48273199331,low_stage_0
4,True,0,Create a economy travel dispatch for London on 2026-09-05.,12,3,"{""airport"": ""LHR"", ""city"": ""London"", ""date"": ""2026-09-05"", ""dispatch"": ""LHR-20260905-S3"", ""priority"": ""economy"", ""sla"": ""S3""}",3560.389622929506,low_stage_1
4,True,0,Create a economy travel dispatch for London on 2026-09-05.,12,3,"{""airport"": ""LHR"", ""city"": ""London"", ""date"": ""2026-09-05"", ""dispatch"": ""LHR-20260905-S3"", ""priority"": ""economy"", ""sla"": ""S3""}",3601.9936001393944,low_stage_2
4,True,1,Create a economy travel dispatch for London on 2026-09-05.,13,3,"{""airport"": ""LHR"", ""city"": ""London"", ""date"": ""2026-09-05"", ""dispatch"": ""LHR-20260905-S3"", ""priority"": ""economy"", ""sla"": ""S3""}",4587.893589981832,all_high
4,True,1,Create a economy travel dispatch for London on 2026-09-05.,13,3,"{""airport"": ""LHR"", ""city"": ""London"", ""date"": ""2026-09-05"", ""dispatch"": ""LHR-20260905-S3"", ""priority"": ""economy"", ""sla"": ""S3""}",1589.3167869653553,all_low
4,True,1,Create a economy travel dispatch for London on 2026-09-05.,13,3,"{""airport"": ""LHR"", ""city"": ""London"", ""date"": ""2026-09-05"", ""dispatch"": ""LHR-20260905-S3"", ""priority"": ""economy"", ""sla"": ""S3""}",3607.604564051144,low_stage_0
4,True,1,Create a economy travel dispatch for London on 2026-09-05.,13,3,"{""airport"": ""LHR"", ""city"": ""London"", ""date"": ""2026-09-05"", ""dispatch"": ""LHR-20260905-S3"", ""priority"": ""economy"", ""sla"": ""S3""}",3561.918750987388,low_stage_1
4,True,1,Create a economy travel dispatch for London on 2026-09-05.,13,3,"{""airport"": ""LHR"", ""city"": ""London"", ""date"": ""2026-09-05"", ""dispatch"": ""LHR-20260905-S3"", ""priority"": ""economy"", ""sla"": ""S3""}",3601.6932738712057,low_stage_2
4,True,2,Create a economy travel dispatch for London on 2026-09-05.,14,3,"{""airport"": ""LHR"", ""city"": ""London"", ""date"": ""2026-09-05"", ""dispatch"": ""LHR-20260905-S3"", ""priority"": ""economy"", ""sla"": ""S3""}",4588.140554958954,all_high
4,True,2,Create a economy travel dispatch for London on 2026-09-05.,14,3,"{""airport"": ""LHR"", ""city"": ""London"", ""date"": ""2026-09-05"", ""dispatch"": ""LHR-20260905-S3"", ""priority"": ""economy"", ""sla"": ""S3""}",1588.603511103429,all_low
4,True,2,Create a economy travel dispatch for London on 2026-09-05.,14,3,"{""airport"": ""LHR"", ""city"": ""London"", ""date"": ""2026-09-05"", ""dispatch"": ""LHR-20260905-S3"", ""priority"": ""economy"", ""sla"": ""S3""}",3606.063153827563,low_stage_0
4,True,2,Create a economy travel dispatch for London on 2026-09-05.,14,3,"{""airport"": ""LHR"", ""city"": ""London"", ""date"": ""2026-09-05"", ""dispatch"": ""LHR-20260905-S3"", ""priority"": ""economy"", ""sla"": ""S3""}",3559.1141651384532,low_stage_1
4,True,2,Create a economy travel dispatch for London on 2026-09-05.,14,3,"{""airport"": ""LHR"", ""city"": ""London"", ""date"": ""2026-09-05"", ""dispatch"": ""LHR-20260905-S3"", ""priority"": ""economy"", ""sla"": ""S3""}",3605.0099849235266,low_stage_2
5,True,0,Set up economy routing for the Amsterdam visit dated 2027-02-12.,15,3,"{""airport"": ""AMS"", ""city"": ""Amsterdam"", ""date"": ""2027-02-12"", ""dispatch"": ""AMS-20270212-S3"", ""priority"": ""economy"", ""sla"": ""S3""}",4587.389105930924,all_high
5,True,0,Set up economy routing for the Amsterdam visit dated 2027-02-12.,15,3,"{""airport"": ""AMS"", ""city"": ""Amsterdam"", ""date"": ""2027-02-12"", ""dispatch"": ""AMS-20270212-S3"", ""priority"": ""economy"", ""sla"": ""S3""}",1590.7151950523257,all_low
5,True,0,Set up economy routing for the Amsterdam visit dated 2027-02-12.,15,3,"{""airport"": ""AMS"", ""city"": ""Amsterdam"", ""date"": ""2027-02-12"", ""dispatch"": ""AMS-20270212-S3"", ""priority"": ""economy"", ""sla"": ""S3""}",3605.3935610689223,low_stage_0
5,True,0,Set up economy routing for the Amsterdam visit dated 2027-02-12.,15,3,"{""airport"": ""AMS"", ""city"": ""Amsterdam"", ""date"": ""2027-02-12"", ""dispatch"": ""AMS-20270212-S3"", ""priority"": ""economy"", ""sla"": ""S3""}",3559.044688940048,low_stage_1
5,True,0,Set up economy routing for the Amsterdam visit dated 2027-02-12.,15,3,"{""airport"": ""AMS"", ""city"": ""Amsterdam"", ""date"": ""2027-02-12"", ""dispatch"": ""AMS-20270212-S3"", ""priority"": ""economy"", ""sla"": ""S3""}",3602.860548067838,low_stage_2
5,True,1,Set up economy routing for the Amsterdam visit dated 2027-02-12.,16,3,"{""airport"": ""AMS"", ""city"": ""Amsterdam"", ""date"": ""2027-02-12"", ""dispatch"": ""AMS-20270212-S3"", ""priority"": ""economy"", ""sla"": ""S3""}",4586.755516007543,all_high
5,True,1,Set up economy routing for the Amsterdam visit dated 2027-02-12.,16,3,"{""airport"": ""AMS"", ""city"": ""Amsterdam"", ""date"": ""2027-02-12"", ""dispatch"": ""AMS-20270212-S3"", ""priority"": ""economy"", ""sla"": ""S3""}",1588.9503940707073,all_low
5,True,1,Set up economy routing for the Amsterdam visit dated 2027-02-12.,16,3,"{""airport"": ""AMS"", ""city"": ""Amsterdam"", ""date"": ""2027-02-12"", ""dispatch"": ""AMS-20270212-S3"", ""priority"": ""economy"", ""sla"": ""S3""}",3605.5593440541998,low_stage_0
5,True,1,Set up economy routing for the Amsterdam visit dated 2027-02-12.,16,3,"{""airport"": ""AMS"", ""city"": ""Amsterdam"", ""date"": ""2027-02-12"", ""dispatch"": ""AMS-20270212-S3"", ""priority"": ""economy"", ""sla"": ""S3""}",3566.157457069494,low_stage_1
5,True,1,Set up economy routing for the Amsterdam visit dated 2027-02-12.,16,3,"{""airport"": ""AMS"", ""city"": ""Amsterdam"", ""date"": ""2027-02-12"", ""dispatch"": ""AMS-20270212-S3"", ""priority"": ""economy"", ""sla"": ""S3""}",3601.0563030140474,low_stage_2
5,True,2,Set up economy routing for the Amsterdam visit dated 2027-02-12.,17,3,"{""airport"": ""AMS"", ""city"": ""Amsterdam"", ""date"": ""2027-02-12"", ""dispatch"": ""AMS-20270212-S3"", ""priority"": ""economy"", ""sla"": ""S3""}",4588.256589951925,all_high
5,True,2,Set up economy routing for the Amsterdam visit dated 2027-02-12.,17,3,"{""airport"": ""AMS"", ""city"": ""Amsterdam"", ""date"": ""2027-02-12"", ""dispatch"": ""AMS-20270212-S3"", ""priority"": ""economy"", ""sla"": ""S3""}",1589.415370952338,all_low
5,True,2,Set up economy routing for the Amsterdam visit dated 2027-02-12.,17,3,"{""airport"": ""AMS"", ""city"": ""Amsterdam"", ""date"": ""2027-02-12"", ""dispatch"": ""AMS-20270212-S3"", ""priority"": ""economy"", ""sla"": ""S3""}",3606.368621927686,low_stage_0
5,True,2,Set up economy routing for the Amsterdam visit dated 2027-02-12.,17,3,"{""airport"": ""AMS"", ""city"": ""Amsterdam"", ""date"": ""2027-02-12"", ""dispatch"": ""AMS-20270212-S3"", ""priority"": ""economy"", ""sla"": ""S3""}",3560.125930001959,low_stage_1
5,True,2,Set up economy routing for the Amsterdam visit dated 2027-02-12.,17,3,"{""airport"": ""AMS"", ""city"": ""Amsterdam"", ""date"": ""2027-02-12"", ""dispatch"": ""AMS-20270212-S3"", ""priority"": ""economy"", ""sla"": ""S3""}",3599.718858138658,low_stage_2
6,True,0,Prepare the 2026-07-19 Madrid itinerary with urgent handling.,18,3,"{""airport"": ""MAD"", ""city"": ""Madrid"", ""date"": ""2026-07-19"", ""dispatch"": ""MAD-20260719-S1"", ""priority"": ""urgent"", ""sla"": ""S1""}",4584.295422071591,all_high
6,True,0,Prepare the 2026-07-19 Madrid itinerary with urgent handling.,18,3,"{""airport"": ""MAD"", ""city"": ""Madrid"", ""date"": ""2026-07-19"", ""dispatch"": ""MAD-20260719-S1"", ""priority"": ""urgent"", ""sla"": ""S1""}",1588.0945560056716,all_low
6,True,0,Prepare the 2026-07-19 Madrid itinerary with urgent handling.,18,3,"{""airport"": ""MAD"", ""city"": ""Madrid"", ""date"": ""2026-07-19"", ""dispatch"": ""MAD-20260719-S1"", ""priority"": ""urgent"", ""sla"": ""S1""}",3603.974536061287,low_stage_0
6,True,0,Prepare the 2026-07-19 Madrid itinerary with urgent handling.,18,3,"{""airport"": ""MAD"", ""city"": ""Madrid"", ""date"": ""2026-07-19"", ""dispatch"": ""MAD-20260719-S1"", ""priority"": ""urgent"", ""sla"": ""S1""}",3559.232933097519,low_stage_1
6,True,0,Prepare the 2026-07-19 Madrid itinerary with urgent handling.,18,3,"{""airport"": ""MAD"", ""city"": ""Madrid"", ""date"": ""2026-07-19"", ""dispatch"": ""MAD-20260719-S1"", ""priority"": ""urgent"", ""sla"": ""S1""}",3599.8921759892255,low_stage_2
6,True,1,Prepare the 2026-07-19 Madrid itinerary with urgent handling.,19,3,"{""airport"": ""MAD"", ""city"": ""Madrid"", ""date"": ""2026-07-19"", ""dispatch"": ""MAD-20260719-S1"", ""priority"": ""urgent"", ""sla"": ""S1""}",4587.268347968347,all_high
6,True,1,Prepare the 2026-07-19 Madrid itinerary with urgent handling.,19,3,"{""airport"": ""MAD"", ""city"": ""Madrid"", ""date"": ""2026-07-19"", ""dispatch"": ""MAD-20260719-S1"", ""priority"": ""urgent"", ""sla"": ""S1""}",1588.6303870938718,all_low
6,True,1,Prepare the 2026-07-19 Madrid itinerary with urgent handling.,19,3,"{""airport"": ""MAD"", ""city"": ""Madrid"", ""date"": ""2026-07-19"", ""dispatch"": ""MAD-20260719-S1"", ""priority"": ""urgent"", ""sla"": ""S1""}",3606.028703856282,low_stage_0
6,True,1,Prepare the 2026-07-19 Madrid itinerary with urgent handling.,19,3,"{""airport"": ""MAD"", ""city"": ""Madrid"", ""date"": ""2026-07-19"", ""dispatch"": ""MAD-20260719-S1"", ""priority"": ""urgent"", ""sla"": ""S1""}",3558.794415090233,low_stage_1
6,True,1,Prepare the 2026-07-19 Madrid itinerary with urgent handling.,19,3,"{""airport"": ""MAD"", ""city"": ""Madrid"", ""date"": ""2026-07-19"", ""dispatch"": ""MAD-20260719-S1"", ""priority"": ""urgent"", ""sla"": ""S1""}",3598.2298760209233,low_stage_2
6,True,2,Prepare the 2026-07-19 Madrid itinerary with urgent handling.,20,3,"{""airport"": ""MAD"", ""city"": ""Madrid"", ""date"": ""2026-07-19"", ""dispatch"": ""MAD-20260719-S1"", ""priority"": ""urgent"", ""sla"": ""S1""}",4584.775150055066,all_high
6,True,2,Prepare the 2026-07-19 Madrid itinerary with urgent handling.,20,3,"{""airport"": ""MAD"", ""city"": ""Madrid"", ""date"": ""2026-07-19"", ""dispatch"": ""MAD-20260719-S1"", ""priority"": ""urgent"", ""sla"": ""S1""}",1587.455376982689,all_low
6,True,2,Prepare the 2026-07-19 Madrid itinerary with urgent handling.,20,3,"{""airport"": ""MAD"", ""city"": ""Madrid"", ""date"": ""2026-07-19"", ""dispatch"": ""MAD-20260719-S1"", ""priority"": ""urgent"", ""sla"": ""S1""}",3604.637057171203,low_stage_0
6,True,2,Prepare the 2026-07-19 Madrid itinerary with urgent handling.,20,3,"{""airport"": ""MAD"", ""city"": ""Madrid"", ""date"": ""2026-07-19"", ""dispatch"": ""MAD-20260719-S1"", ""priority"": ""urgent"", ""sla"": ""S1""}",3559.28235698957,low_stage_1
6,True,2,Prepare the 2026-07-19 Madrid itinerary with urgent handling.,20,3,"{""airport"": ""MAD"", ""city"": ""Madrid"", ""date"": ""2026-07-19"", ""dispatch"": ""MAD-20260719-S1"", ""priority"": ""urgent"", ""sla"": ""S1""}",3599.528350052424,low_stage_2
7,False,0,Open a standard trip ticket to Rome for 2027-12-02.,21,2,"{""airport"": ""FCO"", ""city"": ""Rome"", ""date"": ""2027-12-02"", ""dispatch"": ""FCO-20271202-S2"", ""priority"": ""standard"", ""sla"": ""S2""}",4588.158636935987,all_high
7,False,0,Open a standard trip ticket to Rome for 2027-12-02.,21,2,"{""airport"": ""FCO"", ""city"": ""Rome"", ""date"": ""2027-12-02"", ""dispatch"": ""FCO-20271202-S2"", ""priority"": ""standard"", ""sla"": ""S2""}",1588.9532029395923,all_low
7,False,0,Open a standard trip ticket to Rome for 2027-12-02.,21,2,"{""airport"": ""FCO"", ""city"": ""Rome"", ""date"": ""2027-12-02"", ""dispatch"": ""FCO-20271202-S2"", ""priority"": ""standard"", ""sla"": ""S2""}",3606.966397841461,low_stage_0
7,False,0,Open a standard trip ticket to Rome for 2027-12-02.,21,2,"{""airport"": ""FCO"", ""city"": ""Rome"", ""date"": ""2027-12-02"", ""dispatch"": ""FCO-20271202-S2"", ""priority"": ""standard"", ""sla"": ""S2""}",3559.4419189728796,low_stage_1
7,False,0,Open a standard trip ticket to Rome for 2027-12-02.,21,2,"{""airport"": ""FCO"", ""city"": ""Rome"", ""date"": ""2027-12-02"", ""dispatch"": ""FCO-20271202-S2"", ""priority"": ""standard"", ""sla"": ""S2""}",3601.318313856609,low_stage_2
7,False,1,Open a standard trip ticket to Rome for 2027-12-02.,22,2,"{""airport"": ""FCO"", ""city"": ""Rome"", ""date"": ""2027-12-02"", ""dispatch"": ""FCO-20271202-S2"", ""priority"": ""standard"", ""sla"": ""S2""}",4587.3025299515575,all_high
7,False,1,Open a standard trip ticket to Rome for 2027-12-02.,22,2,"{""airport"": ""FCO"", ""city"": ""Rome"", ""date"": ""2027-12-02"", ""dispatch"": ""FCO-20271202-S2"", ""priority"": ""standard"", ""sla"": ""S2""}",1588.5476449038833,all_low
7,False,1,Open a standard trip ticket to Rome for 2027-12-02.,22,2,"{""airport"": ""FCO"", ""city"": ""Rome"", ""date"": ""2027-12-02"", ""dispatch"": ""FCO-20271202-S2"", ""priority"": ""standard"", ""sla"": ""S2""}",3610.6249261647463,low_stage_0
7,False,1,Open a standard trip ticket to Rome for 2027-12-02.,22,2,"{""airport"": ""FCO"", ""city"": ""Rome"", ""date"": ""2027-12-02"", ""dispatch"": ""FCO-20271202-S2"", ""priority"": ""standard"", ""sla"": ""S2""}",3560.7883508782834,low_stage_1
7,False,1,Open a standard trip ticket to Rome for 2027-12-02.,22,2,"{""airport"": ""FCO"", ""city"": ""Rome"", ""date"": ""2027-12-02"", ""dispatch"": ""FCO-20271202-S2"", ""priority"": ""standard"", ""sla"": ""S2""}",3601.5016209566966,low_stage_2
7,False,2,Open a standard trip ticket to Rome for 2027-12-02.,23,2,"{""airport"": ""FCO"", ""city"": ""Rome"", ""date"": ""2027-12-02"", ""dispatch"": ""FCO-20271202-S2"", ""priority"": ""standard"", ""sla"": ""S2""}",4590.570048079826,all_high
7,False,2,Open a standard trip ticket to Rome for 2027-12-02.,23,2,"{""airport"": ""FCO"", ""city"": ""Rome"", ""date"": ""2027-12-02"", ""dispatch"": ""FCO-20271202-S2"", ""priority"": ""standard"", ""sla"": ""S2""}",1588.5036828694865,all_low
7,False,2,Open a standard trip ticket to Rome for 2027-12-02.,23,2,"{""airport"": ""FCO"", ""city"": ""Rome"", ""date"": ""2027-12-02"", ""dispatch"": ""FCO-20271202-S2"", ""priority"": ""standard"", ""sla"": ""S2""}",3606.4243650762364,low_stage_0
7,False,2,Open a standard trip ticket to Rome for 2027-12-02.,23,2,"{""airport"": ""FCO"", ""city"": ""Rome"", ""date"": ""2027-12-02"", ""dispatch"": ""FCO-20271202-S2"", ""priority"": ""standard"", ""sla"": ""S2""}",3559.7897929837927,low_stage_1
7,False,2,Open a standard trip ticket to Rome for 2027-12-02.,23,2,"{""airport"": ""FCO"", ""city"": ""Rome"", ""date"": ""2027-12-02"", ""dispatch"": ""FCO-20271202-S2"", ""priority"": ""standard"", ""sla"": ""S2""}",3604.1728550335392,low_stage_2
8,True,0,Create a standard travel dispatch for Berlin on 2026-05-09.,24,3,"{""airport"": ""BER"", ""city"": ""Berlin"", ""date"": ""2026-05-09"", ""dispatch"": ""BER-20260509-S2"", ""priority"": ""standard"", ""sla"": ""S2""}",4586.393432924524,all_high
8,True,0,Create a standard travel dispatch for Berlin on 2026-05-09.,24,3,"{""airport"": ""BER"", ""city"": ""Berlin"", ""date"": ""2026-05-09"", ""dispatch"": ""BER-20260509-S2"", ""priority"": ""standard"", ""sla"": ""S2""}",1588.313133106567,all_low
8,True,0,Create a standard travel dispatch for Berlin on 2026-05-09.,24,3,"{""airport"": ""BER"", ""city"": ""Berlin"", ""date"": ""2026-05-09"", ""dispatch"": ""BER-20260509-S2"", ""priority"": ""standard"", ""sla"": ""S2""}",3607.315670000389,low_stage_0
8,True,0,Create a standard travel dispatch for Berlin on 2026-05-09.,24,3,"{""airport"": ""BER"", ""city"": ""Berlin"", ""date"": ""2026-05-09"", ""dispatch"": ""BER-20260509-S2"", ""priority"": ""standard"", ""sla"": ""S2""}",3559.044316993095,low_stage_1
8,True,0,Create a standard travel dispatch for Berlin on 2026-05-09.,24,3,"{""airport"": ""BER"", ""city"": ""Berlin"", ""date"": ""2026-05-09"", ""dispatch"": ""BER-20260509-S2"", ""priority"": ""standard"", ""sla"": ""S2""}",3601.977539015934,low_stage_2
8,True,1,Create a standard travel dispatch for Berlin on 2026-05-09.,25,3,"{""airport"": ""BER"", ""city"": ""Berlin"", ""date"": ""2026-05-09"", ""dispatch"": ""BER-20260509-S2"", ""priority"": ""standard"", ""sla"": ""S2""}",4586.345792980865,all_high
8,True,1,Create a standard travel dispatch for Berlin on 2026-05-09.,25,3,"{""airport"": ""BER"", ""city"": ""Berlin"", ""date"": ""2026-05-09"", ""dispatch"": ""BER-20260509-S2"", ""priority"": ""standard"", ""sla"": ""S2""}",1588.3607839932665,all_low
8,True,1,Create a standard travel dispatch for Berlin on 2026-05-09.,25,3,"{""airport"": ""BER"", ""city"": ""Berlin"", ""date"": ""2026-05-09"", ""dispatch"": ""BER-20260509-S2"", ""priority"": ""standard"", ""sla"": ""S2""}",3607.3506152024493,low_stage_0
8,True,1,Create a standard travel dispatch for Berlin on 2026-05-09.,25,3,"{""airport"": ""BER"", ""city"": ""Berlin"", ""date"": ""2026-05-09"", ""dispatch"": ""BER-20260509-S2"", ""priority"": ""standard"", ""sla"": ""S2""}",3559.2665870208293,low_stage_1
8,True,1,Create a standard travel dispatch for Berlin on 2026-05-09.,25,3,"{""airport"": ""BER"", ""city"": ""Berlin"", ""date"": ""2026-05-09"", ""dispatch"": ""BER-20260509-S2"", ""priority"": ""standard"", ""sla"": ""S2""}",3605.958005064167,low_stage_2
8,True,2,Create a standard travel dispatch for Berlin on 2026-05-09.,26,3,"{""airport"": ""BER"", ""city"": ""Berlin"", ""date"": ""2026-05-09"", ""dispatch"": ""BER-20260509-S2"", ""priority"": ""standard"", ""sla"": ""S2""}",4587.023382890038,all_high
8,True,2,Create a standard travel dispatch for Berlin on 2026-05-09.,26,3,"{""airport"": ""BER"", ""city"": ""Berlin"", ""date"": ""2026-05-09"", ""dispatch"": ""BER-20260509-S2"", ""priority"": ""standard"", ""sla"": ""S2""}",1588.4881450328976,all_low
8,True,2,Create a standard travel dispatch for Berlin on 2026-05-09.,26,3,"{""airport"": ""BER"", ""city"": ""Berlin"", ""date"": ""2026-05-09"", ""dispatch"": ""BER-20260509-S2"", ""priority"": ""standard"", ""sla"": ""S2""}",3613.13844693359,low_stage_0
8,True,2,Create a standard travel dispatch for Berlin on 2026-05-09.,26,3,"{""airport"": ""BER"", ""city"": ""Berlin"", ""date"": ""2026-05-09"", ""dispatch"": ""BER-20260509-S2"", ""priority"": ""standard"", ""sla"": ""S2""}",3558.6911430582404,low_stage_1
8,True,2,Create a standard travel dispatch for Berlin on 2026-05-09.,26,3,"{""airport"": ""BER"", ""city"": ""Berlin"", ""date"": ""2026-05-09"", ""dispatch"": ""BER-20260509-S2"", ""priority"": ""standard"", ""sla"": ""S2""}",3599.9774751253426,low_stage_2
9,False,0,Set up urgent routing for the Dubai visit dated 2027-10-16.,27,2,"{""airport"": ""DXB"", ""city"": ""Dubai"", ""date"": ""2027-10-16"", ""dispatch"": ""DXB-20271016-S1"", ""priority"": ""urgent"", ""sla"": ""S1""}",4589.149904088117,all_high
9,False,0,Set up urgent routing for the Dubai visit dated 2027-10-16.,27,2,"{""airport"": ""DXB"", ""city"": ""Dubai"", ""date"": ""2027-10-16"", ""dispatch"": ""DXB-20271016-S1"", ""priority"": ""urgent"", ""sla"": ""S1""}",1589.1463831067085,all_low
9,False,0,Set up urgent routing for the Dubai visit dated 2027-10-16.,27,2,"{""airport"": ""DXB"", ""city"": ""Dubai"", ""date"": ""2027-10-16"", ""dispatch"": ""DXB-20271016-S1"", ""priority"": ""urgent"", ""sla"": ""S1""}",3608.502333983779,low_stage_0
9,False,0,Set up urgent routing for the Dubai visit dated 2027-10-16.,27,2,"{""airport"": ""DXB"", ""city"": ""Dubai"", ""date"": ""2027-10-16"", ""dispatch"": ""DXB-20271016-S1"", ""priority"": ""urgent"", ""sla"": ""S1""}",3563.1152070127428,low_stage_1
9,False,0,Set up urgent routing for the Dubai visit dated 2027-10-16.,27,2,"{""airport"": ""DXB"", ""city"": ""Dubai"", ""date"": ""2027-10-16"", ""dispatch"": ""DXB-20271016-S1"", ""priority"": ""urgent"", ""sla"": ""S1""}",3604.5669179875404,low_stage_2
9,False,1,Set up urgent routing for the Dubai visit dated 2027-10-16.,28,2,"{""airport"": ""DXB"", ""city"": ""Dubai"", ""date"": ""2027-10-16"", ""dispatch"": ""DXB-20271016-S1"", ""priority"": ""urgent"", ""sla"": ""S1""}",4588.413111981936,all_high
9,False,1,Set up urgent routing for the Dubai visit dated 2027-10-16.,28,2,"{""airport"": ""DXB"", ""city"": ""Dubai"", ""date"": ""2027-10-16"", ""dispatch"": ""DXB-20271016-S1"", ""priority"": ""urgent"", ""sla"": ""S1""}",1590.0201770709828,all_low
9,False,1,Set up urgent routing for the Dubai visit dated 2027-10-16.,28,2,"{""airport"": ""DXB"", ""city"": ""Dubai"", ""date"": ""2027-10-16"", ""dispatch"": ""DXB-20271016-S1"", ""priority"": ""urgent"", ""sla"": ""S1""}",3606.066317879595,low_stage_0
9,False,1,Set up urgent routing for the Dubai visit dated 2027-10-16.,28,2,"{""airport"": ""DXB"", ""city"": ""Dubai"", ""date"": ""2027-10-16"", ""dispatch"": ""DXB-20271016-S1"", ""priority"": ""urgent"", ""sla"": ""S1""}",3560.186732094735,low_stage_1
9,False,1,Set up urgent routing for the Dubai visit dated 2027-10-16.,28,2,"{""airport"": ""DXB"", ""city"": ""Dubai"", ""date"": ""2027-10-16"", ""dispatch"": ""DXB-20271016-S1"", ""priority"": ""urgent"", ""sla"": ""S1""}",3603.0194549821317,low_stage_2
9,False,2,Set up urgent routing for the Dubai visit dated 2027-10-16.,29,2,"{""airport"": ""DXB"", ""city"": ""Dubai"", ""date"": ""2027-10-16"", ""dispatch"": ""DXB-20271016-S1"", ""priority"": ""urgent"", ""sla"": ""S1""}",4587.187741068192,all_high
9,False,2,Set up urgent routing for the Dubai visit dated 2027-10-16.,29,2,"{""airport"": ""DXB"", ""city"": ""Dubai"", ""date"": ""2027-10-16"", ""dispatch"": ""DXB-20271016-S1"", ""priority"": ""urgent"", ""sla"": ""S1""}",1588.7703659245744,all_low
9,False,2,Set up urgent routing for the Dubai visit dated 2027-10-16.,29,2,"{""airport"": ""DXB"", ""city"": ""Dubai"", ""date"": ""2027-10-16"", ""dispatch"": ""DXB-20271016-S1"", ""priority"": ""urgent"", ""sla"": ""S1""}",3606.217903085053,low_stage_0
9,False,2,Set up urgent routing for the Dubai visit dated 2027-10-16.,29,2,"{""airport"": ""DXB"", ""city"": ""Dubai"", ""date"": ""2027-10-16"", ""dispatch"": ""DXB-20271016-S1"", ""priority"": ""urgent"", ""sla"": ""S1""}",3561.762476922013,low_stage_1
9,False,2,Set up urgent routing for the Dubai visit dated 2027-10-16.,29,2,"{""airport"": ""DXB"", ""city"": ""Dubai"", ""date"": ""2027-10-16"", ""dispatch"": ""DXB-20271016-S1"", ""priority"": ""urgent"", ""sla"": ""S1""}",3602.2192230448127,low_stage_2
