base_request_id,field_correct,generation_ms,hard_stage,mode,observed,ready,ready_count,request,request_index,required_count,stage_index,steps
0,"{'city': True, 'date': True, 'priority': True}",2250.9593919385225,0,isolated,"{""city"": ""Seoul"", ""date"": ""2026-01-01"", ""priority"": ""economy""}",True,3,Create a economy travel dispatch for Seoul on 2026-01-01.,0,3,0,128
0,"{'city': True, 'date': True, 'priority': True}",247.26765602827072,0,isolated,"{""city"": ""Seoul"", ""date"": ""2026-01-01"", ""priority"": ""economy""}",True,3,Create a economy travel dispatch for Seoul on 2026-01-01.,0,3,0,8
0,"{'airport': True, 'sla': True, 'date': True}",1676.7953479429707,0,isolated,"{""airport"": ""ICN"", ""date"": ""2026-01-01"", ""sla"": ""S3""}",True,3,Create a economy travel dispatch for Seoul on 2026-01-01.,0,3,1,128
0,"{'airport': True, 'sla': True, 'date': True}",312.75263894349337,0,isolated,"{""airport"": ""ICN"", ""date"": ""2026-01-01"", ""sla"": ""S3""}",True,3,Create a economy travel dispatch for Seoul on 2026-01-01.,0,3,1,8
0,{'dispatch': True},1497.246547951363,0,isolated,"{""dispatch"": ""ICN-20260101-S3""}",True,1,Create a economy travel dispatch for Seoul on 2026-01-01.,0,1,2,128
0,{'dispatch': True},270.2307610306889,0,isolated,"{""dispatch"": ""ICN-20260101-S3""}",True,1,Create a economy travel dispatch for Seoul on 2026-01-01.,0,1,2,8
0,"{'city': True, 'date': True, 'priority': True}",1452.8267389396206,1,isolated,"{""city"": ""Seoul"", ""date"": ""2026-01-01"", ""priority"": ""economy""}",True,3,Create a economy travel dispatch for Seoul on 2026-01-01.,1,3,0,128
0,"{'city': True, 'date': True, 'priority': True}",248.15714405849576,1,isolated,"{""city"": ""Seoul"", ""date"": ""2026-01-01"", ""priority"": ""economy""}",True,3,Create a economy travel dispatch for Seoul on 2026-01-01.,1,3,0,8
0,"{'airport': True, 'sla': True, 'date': True}",1580.290031968616,1,isolated,"{""airport"": ""ICN"", ""date"": ""2026-01-01"", ""sla"": ""S3""}",True,3,Create a economy travel dispatch for Seoul on 2026-01-01.,1,3,1,128
0,"{'airport': True, 'sla': True, 'date': True}",313.02162702195346,1,isolated,"{""airport"": ""ICN"", ""date"": ""2026-01-01"", ""sla"": ""S3""}",True,3,Create a economy travel dispatch for Seoul on 2026-01-01.,1,3,1,8
0,{'dispatch': True},1487.5534439925104,1,isolated,"{""dispatch"": ""ICN-20260101-S3""}",True,1,Create a economy travel dispatch for Seoul on 2026-01-01.,1,1,2,128
0,{'dispatch': True},271.7133379774168,1,isolated,"{""dispatch"": ""ICN-20260101-S3""}",True,1,Create a economy travel dispatch for Seoul on 2026-01-01.,1,1,2,8
0,"{'city': True, 'date': True, 'priority': True}",1460.6871670112014,2,isolated,"{""city"": ""Seoul"", ""date"": ""2026-01-01"", ""priority"": ""economy""}",True,3,Create a economy travel dispatch for Seoul on 2026-01-01.,2,3,0,128
0,"{'city': True, 'date': True, 'priority': True}",248.59313701745123,2,isolated,"{""city"": ""Seoul"", ""date"": ""2026-01-01"", ""priority"": ""economy""}",True,3,Create a economy travel dispatch for Seoul on 2026-01-01.,2,3,0,8
0,"{'airport': True, 'sla': True, 'date': True}",1587.8308250103146,2,isolated,"{""airport"": ""ICN"", ""date"": ""2026-01-01"", ""sla"": ""S3""}",True,3,Create a economy travel dispatch for Seoul on 2026-01-01.,2,3,1,128
0,"{'airport': True, 'sla': True, 'date': True}",315.18138106912374,2,isolated,"{""airport"": ""ICN"", ""date"": ""2026-01-01"", ""sla"": ""S3""}",True,3,Create a economy travel dispatch for Seoul on 2026-01-01.,2,3,1,8
0,{'dispatch': True},1494.372347020544,2,isolated,"{""dispatch"": ""ICN-20260101-S3""}",True,1,Create a economy travel dispatch for Seoul on 2026-01-01.,2,1,2,128
0,{'dispatch': True},274.73712095525116,2,isolated,"{""dispatch"": ""ICN-20260101-S3""}",True,1,Create a economy travel dispatch for Seoul on 2026-01-01.,2,1,2,8
1,"{'city': True, 'date': True, 'priority': True}",1467.4028950976208,0,isolated,"{""city"": ""Tokyo"", ""date"": ""2027-06-08"", ""priority"": ""standard""}",True,3,Set up standard routing for the Tokyo visit dated 2027-06-08.,3,3,0,128
1,"{'city': True, 'date': True, 'priority': True}",249.96440298855305,0,isolated,"{""city"": ""Tokyo"", ""date"": ""2027-06-08"", ""priority"": ""standard""}",True,3,Set up standard routing for the Tokyo visit dated 2027-06-08.,3,3,0,8
1,"{'airport': True, 'sla': True, 'date': True}",1593.5366470366716,0,isolated,"{""airport"": ""NRT"", ""date"": ""2027-06-08"", ""sla"": ""S2""}",True,3,Set up standard routing for the Tokyo visit dated 2027-06-08.,3,3,1,128
1,"{'airport': True, 'sla': True, 'date': True}",318.57747002504766,0,isolated,"{""airport"": ""NRT"", ""date"": ""2027-06-08"", ""sla"": ""S2""}",True,3,Set up standard routing for the Tokyo visit dated 2027-06-08.,3,3,1,8
1,{'dispatch': True},1498.325172928162,0,isolated,"{""dispatch"": ""NRT-20270608-S2""}",True,1,Set up standard routing for the Tokyo visit dated 2027-06-08.,3,1,2,128
1,{'dispatch': True},275.47171304468066,0,isolated,"{""dispatch"": ""NRT-20270608-S2""}",True,1,Set up standard routing for the Tokyo visit dated 2027-06-08.,3,1,2,8
1,"{'city': True, 'date': True, 'priority': True}",1469.6683420334011,1,isolated,"{""city"": ""Tokyo"", ""date"": ""2027-06-08"", ""priority"": ""standard""}",True,3,Set up standard routing for the Tokyo visit dated 2027-06-08.,4,3,0,128
1,"{'city': True, 'date': True, 'priority': True}",250.42999105062336,1,isolated,"{""city"": ""Tokyo"", ""date"": ""2027-06-08"", ""priority"": ""standard""}",True,3,Set up standard routing for the Tokyo visit dated 2027-06-08.,4,3,0,8
1,"{'airport': True, 'sla': True, 'date': True}",1596.7882209224626,1,isolated,"{""airport"": ""NRT"", ""date"": ""2027-06-08"", ""sla"": ""S2""}",True,3,Set up standard routing for the Tokyo visit dated 2027-06-08.,4,3,1,128
1,"{'airport': True, 'sla': True, 'date': True}",320.2236860524863,1,isolated,"{""airport"": ""NRT"", ""date"": ""2027-06-08"", ""sla"": ""S2""}",True,3,Set up standard routing for the Tokyo visit dated 2027-06-08.,4,3,1,8
1,{'dispatch': True},1502.5805799523368,1,isolated,"{""dispatch"": ""NRT-20270608-S2""}",True,1,Set up standard routing for the Tokyo visit dated 2027-06-08.,4,1,2,128
1,{'dispatch': True},276.58164594322443,1,isolated,"{""dispatch"": ""NRT-20270608-S2""}",True,1,Set up standard routing for the Tokyo visit dated 2027-06-08.,4,1,2,8
1,"{'city': True, 'date': True, 'priority': True}",1471.918307011947,2,isolated,"{""city"": ""Tokyo"", ""date"": ""2027-06-08"", ""priority"": ""standard""}",True,3,Set up standard routing for the Tokyo visit dated 2027-06-08.,5,3,0,128
1,"{'city': True, 'date': True, 'priority': True}",251.09510601032525,2,isolated,"{""city"": ""Tokyo"", ""date"": ""2027-06-08"", ""priority"": ""standard""}",True,3,Set up standard routing for the Tokyo visit dated 2027-06-08.,5,3,0,8
1,"{'airport': True, 'sla': True, 'date': True}",1599.0100619383156,2,isolated,"{""airport"": ""NRT"", ""date"": ""2027-06-08"", ""sla"": ""S2""}",True,3,Set up standard routing for the Tokyo visit dated 2027-06-08.,5,3,1,128
1,"{'airport': True, 'sla': True, 'date': True}",320.5832940293476,2,isolated,"{""airport"": ""NRT"", ""date"": ""2027-06-08"", ""sla"": ""S2""}",True,3,Set up standard routing for the Tokyo visit dated 2027-06-08.,5,3,1,8
1,{'dispatch': True},1504.3843829771504,2,isolated,"{""dispatch"": ""NRT-20270608-S2""}",True,1,Set up standard routing for the Tokyo visit dated 2027-06-08.,5,1,2,128
1,{'dispatch': True},276.1936340248212,2,isolated,"{""dispatch"": ""NRT-20270608-S2""}",True,1,Set up standard routing for the Tokyo visit dated 2027-06-08.,5,1,2,8
2,"{'city': True, 'date': True, 'priority': True}",1471.2768259923905,0,isolated,"{""city"": ""Paris"", ""date"": ""2026-11-15"", ""priority"": ""economy""}",True,3,Prepare the 2026-11-15 Paris itinerary with economy handling.,6,3,0,128
2,"{'city': True, 'date': True, 'priority': True}",250.79508102498949,0,isolated,"{""city"": ""Paris"", ""date"": ""2026-11-15"", ""priority"": ""economy""}",True,3,Prepare the 2026-11-15 Paris itinerary with economy handling.,6,3,0,8
2,"{'airport': True, 'sla': True, 'date': True}",1599.2079599527642,0,isolated,"{""airport"": ""CDG"", ""date"": ""2026-11-15"", ""sla"": ""S3""}",True,3,Prepare the 2026-11-15 Paris itinerary with economy handling.,6,3,1,128
2,"{'airport': True, 'sla': True, 'date': True}",320.46176004223526,0,isolated,"{""airport"": ""CDG"", ""date"": ""2026-11-15"", ""sla"": ""S3""}",True,3,Prepare the 2026-11-15 Paris itinerary with economy handling.,6,3,1,8
2,{'dispatch': True},1504.6975229633972,0,isolated,"{""dispatch"": ""CDG-20261115-S3""}",True,1,Prepare the 2026-11-15 Paris itinerary with economy handling.,6,1,2,128
2,{'dispatch': False},277.12647488806397,0,isolated,"{""dispatch"": ""CDG-261611-S3""}",False,0,Prepare the 2026-11-15 Paris itinerary with economy handling.,6,1,2,8
2,"{'city': True, 'date': True, 'priority': True}",1472.1470610238612,1,isolated,"{""city"": ""Paris"", ""date"": ""2026-11-15"", ""priority"": ""economy""}",True,3,Prepare the 2026-11-15 Paris itinerary with economy handling.,7,3,0,128
2,"{'city': True, 'date': True, 'priority': True}",250.58094505220652,1,isolated,"{""city"": ""Paris"", ""date"": ""2026-11-15"", ""priority"": ""economy""}",True,3,Prepare the 2026-11-15 Paris itinerary with economy handling.,7,3,0,8
2,"{'airport': True, 'sla': True, 'date': True}",1601.8316249828786,1,isolated,"{""airport"": ""CDG"", ""date"": ""2026-11-15"", ""sla"": ""S3""}",True,3,Prepare the 2026-11-15 Paris itinerary with economy handling.,7,3,1,128
2,"{'airport': True, 'sla': True, 'date': True}",321.5989050222561,1,isolated,"{""airport"": ""CDG"", ""date"": ""2026-11-15"", ""sla"": ""S3""}",True,3,Prepare the 2026-11-15 Paris itinerary with economy handling.,7,3,1,8
2,{'dispatch': True},1507.2926300344989,1,isolated,"{""dispatch"": ""CDG-20261115-S3""}",True,1,Prepare the 2026-11-15 Paris itinerary with economy handling.,7,1,2,128
2,{'dispatch': False},276.7496749293059,1,isolated,"{""dispatch"": ""CDG-261611-S3""}",False,0,Prepare the 2026-11-15 Paris itinerary with economy handling.,7,1,2,8
2,"{'city': True, 'date': True, 'priority': True}",1472.4899679422379,2,isolated,"{""city"": ""Paris"", ""date"": ""2026-11-15"", ""priority"": ""economy""}",True,3,Prepare the 2026-11-15 Paris itinerary with economy handling.,8,3,0,128
2,"{'city': True, 'date': True, 'priority': True}",251.0444689542055,2,isolated,"{""city"": ""Paris"", ""date"": ""2026-11-15"", ""priority"": ""economy""}",True,3,Prepare the 2026-11-15 Paris itinerary with economy handling.,8,3,0,8
2,"{'airport': True, 'sla': True, 'date': True}",1603.1613129889593,2,isolated,"{""airport"": ""CDG"", ""date"": ""2026-11-15"", ""sla"": ""S3""}",True,3,Prepare the 2026-11-15 Paris itinerary with economy handling.,8,3,1,128
2,"{'airport': True, 'sla': True, 'date': True}",322.3098460584879,2,isolated,"{""airport"": ""CDG"", ""date"": ""2026-11-15"", ""sla"": ""S3""}",True,3,Prepare the 2026-11-15 Paris itinerary with economy handling.,8,3,1,8
2,{'dispatch': True},1507.5944899581373,2,isolated,"{""dispatch"": ""CDG-20261115-S3""}",True,1,Prepare the 2026-11-15 Paris itinerary with economy handling.,8,1,2,128
2,{'dispatch': False},276.9776349887252,2,isolated,"{""dispatch"": ""CDG-261611-S3""}",False,0,Prepare the 2026-11-15 Paris itinerary with economy handling.,8,1,2,8
3,"{'city': True, 'date': True, 'priority': True}",1474.0274290088564,0,isolated,"{""city"": ""Austin"", ""date"": ""2027-04-22"", ""priority"": ""economy""}",True,3,Open a economy trip ticket to Austin for 2027-04-22.,9,3,0,128
3,"{'city': True, 'date': True, 'priority': True}",251.0782330064103,0,isolated,"{""city"": ""Austin"", ""date"": ""2027-04-22"", ""priority"": ""economy""}",True,3,Open a economy trip ticket to Austin for 2027-04-22.,9,3,0,8
3,"{'airport': True, 'sla': True, 'date': True}",1603.6217029904947,0,isolated,"{""airport"": ""AUS"", ""date"": ""2027-04-22"", ""sla"": ""S3""}",True,3,Open a economy trip ticket to Austin for 2027-04-22.,9,3,1,128
3,"{'airport': True, 'sla': True, 'date': True}",321.13598100841045,0,isolated,"{""airport"": ""AUS"", ""date"": ""2027-04-22"", ""sla"": ""S3""}",True,3,Open a economy trip ticket to Austin for 2027-04-22.,9,3,1,8
3,{'dispatch': True},1508.8733959710225,0,isolated,"{""dispatch"": ""AUS-20270422-S3""}",True,1,Open a economy trip ticket to Austin for 2027-04-22.,9,1,2,128
3,{'dispatch': False},277.16503490228206,0,isolated,"{""dispatch"": ""AUS-272422-S3""}",False,0,Open a economy trip ticket to Austin for 2027-04-22.,9,1,2,8
3,"{'city': True, 'date': True, 'priority': True}",1473.4422879992053,1,isolated,"{""city"": ""Austin"", ""date"": ""2027-04-22"", ""priority"": ""economy""}",True,3,Open a economy trip ticket to Austin for 2027-04-22.,10,3,0,128
3,"{'city': True, 'date': True, 'priority': True}",251.40493304934353,1,isolated,"{""city"": ""Austin"", ""date"": ""2027-04-22"", ""priority"": ""economy""}",True,3,Open a economy trip ticket to Austin for 2027-04-22.,10,3,0,8
3,"{'airport': True, 'sla': True, 'date': True}",1603.3507470274344,1,isolated,"{""airport"": ""AUS"", ""date"": ""2027-04-22"", ""sla"": ""S3""}",True,3,Open a economy trip ticket to Austin for 2027-04-22.,10,3,1,128
3,"{'airport': True, 'sla': True, 'date': True}",322.13734195102006,1,isolated,"{""airport"": ""AUS"", ""date"": ""2027-04-22"", ""sla"": ""S3""}",True,3,Open a economy trip ticket to Austin for 2027-04-22.,10,3,1,8
3,{'dispatch': True},1508.4473149618134,1,isolated,"{""dispatch"": ""AUS-20270422-S3""}",True,1,Open a economy trip ticket to Austin for 2027-04-22.,10,1,2,128
3,{'dispatch': False},276.8107069423422,1,isolated,"{""dispatch"": ""AUS-272422-S3""}",False,0,Open a economy trip ticket to Austin for 2027-04-22.,10,1,2,8
3,"{'city': True, 'date': True, 'priority': True}",1477.7718579862267,2,isolated,"{""city"": ""Austin"", ""date"": ""2027-04-22"", ""priority"": ""economy""}",True,3,Open a economy trip ticket to Austin for 2027-04-22.,11,3,0,128
3,"{'city': True, 'date': True, 'priority': True}",251.18667201604694,2,isolated,"{""city"": ""Austin"", ""date"": ""2027-04-22"", ""priority"": ""economy""}",True,3,Open a economy trip ticket to Austin for 2027-04-22.,11,3,0,8
3,"{'airport': True, 'sla': True, 'date': True}",1603.3089170232415,2,isolated,"{""airport"": ""AUS"", ""date"": ""2027-04-22"", ""sla"": ""S3""}",True,3,Open a economy trip ticket to Austin for 2027-04-22.,11,3,1,128
3,"{'airport': True, 'sla': True, 'date': True}",322.2980659920722,2,isolated,"{""airport"": ""AUS"", ""date"": ""2027-04-22"", ""sla"": ""S3""}",True,3,Open a economy trip ticket to Austin for 2027-04-22.,11,3,1,8
3,{'dispatch': True},1507.4118509655818,2,isolated,"{""dispatch"": ""AUS-20270422-S3""}",True,1,Open a economy trip ticket to Austin for 2027-04-22.,11,1,2,128
3,{'dispatch': False},276.9155150745064,2,isolated,"{""dispatch"": ""AUS-272422-S3""}",False,0,Open a economy trip ticket to Austin for 2027-04-22.,11,1,2,8
4,"{'city': True, 'date': True, 'priority': True}",1472.2765279002488,0,isolated,"{""city"": ""London"", ""date"": ""2026-09-05"", ""priority"": ""economy""}",True,3,Create a economy travel dispatch for London on 2026-09-05.,12,3,0,128
4,"{'city': True, 'date': True, 'priority': True}",251.30757899023592,0,isolated,"{""city"": ""London"", ""date"": ""2026-09-05"", ""priority"": ""economy""}",True,3,Create a economy travel dispatch for London on 2026-09-05.,12,3,0,8
4,"{'airport': True, 'sla': True, 'date': True}",1603.1841021031141,0,isolated,"{""airport"": ""LHR"", ""date"": ""2026-09-05"", ""sla"": ""S3""}",True,3,Create a economy travel dispatch for London on 2026-09-05.,12,3,1,128
4,"{'airport': True, 'sla': True, 'date': True}",321.7058680020273,0,isolated,"{""airport"": ""LHR"", ""date"": ""2026-09-05"", ""sla"": ""S3""}",True,3,Create a economy travel dispatch for London on 2026-09-05.,12,3,1,8
4,{'dispatch': True},1507.4498930480331,0,isolated,"{""dispatch"": ""LHR-20260905-S3""}",True,1,Create a economy travel dispatch for London on 2026-09-05.,12,1,2,128
4,{'dispatch': True},276.6678670886904,0,isolated,"{""dispatch"": ""LHR-20260905-S3""}",True,1,Create a economy travel dispatch for London on 2026-09-05.,12,1,2,8
4,"{'city': True, 'date': True, 'priority': True}",1472.8699020342901,1,isolated,"{""city"": ""London"", ""date"": ""2026-09-05"", ""priority"": ""economy""}",True,3,Create a economy travel dispatch for London on 2026-09-05.,13,3,0,128
4,"{'city': True, 'date': True, 'priority': True}",251.31801702082157,1,isolated,"{""city"": ""London"", ""date"": ""2026-09-05"", ""priority"": ""economy""}",True,3,Create a economy travel dispatch for London on 2026-09-05.,13,3,0,8
4,"{'airport': True, 'sla': True, 'date': True}",1603.6395699484274,1,isolated,"{""airport"": ""LHR"", ""date"": ""2026-09-05"", ""sla"": ""S3""}",True,3,Create a economy travel dispatch for London on 2026-09-05.,13,3,1,128
4,"{'airport': True, 'sla': True, 'date': True}",322.1315009286627,1,isolated,"{""airport"": ""LHR"", ""date"": ""2026-09-05"", ""sla"": ""S3""}",True,3,Create a economy travel dispatch for London on 2026-09-05.,13,3,1,8
4,{'dispatch': True},1509.2100360197946,1,isolated,"{""dispatch"": ""LHR-20260905-S3""}",True,1,Create a economy travel dispatch for London on 2026-09-05.,13,1,2,128
4,{'dispatch': True},276.64433396421373,1,isolated,"{""dispatch"": ""LHR-20260905-S3""}",True,1,Create a economy travel dispatch for London on 2026-09-05.,13,1,2,8
4,"{'city': True, 'date': True, 'priority': True}",1472.8843600023538,2,isolated,"{""city"": ""London"", ""date"": ""2026-09-05"", ""priority"": ""economy""}",True,3,Create a economy travel dispatch for London on 2026-09-05.,14,3,0,128
4,"{'city': True, 'date': True, 'priority': True}",251.3593949843198,2,isolated,"{""city"": ""London"", ""date"": ""2026-09-05"", ""priority"": ""economy""}",True,3,Create a economy travel dispatch for London on 2026-09-05.,14,3,0,8
4,"{'airport': True, 'sla': True, 'date': True}",1601.6431929310784,2,isolated,"{""airport"": ""LHR"", ""date"": ""2026-09-05"", ""sla"": ""S3""}",True,3,Create a economy travel dispatch for London on 2026-09-05.,14,3,1,128
4,"{'airport': True, 'sla': True, 'date': True}",321.6876130318269,2,isolated,"{""airport"": ""LHR"", ""date"": ""2026-09-05"", ""sla"": ""S3""}",True,3,Create a economy travel dispatch for London on 2026-09-05.,14,3,1,8
4,{'dispatch': True},1507.5098170200363,2,isolated,"{""dispatch"": ""LHR-20260905-S3""}",True,1,Create a economy travel dispatch for London on 2026-09-05.,14,1,2,128
4,{'dispatch': True},277.0575740141794,2,isolated,"{""dispatch"": ""LHR-20260905-S3""}",True,1,Create a economy travel dispatch for London on 2026-09-05.,14,1,2,8
5,"{'city': True, 'date': True, 'priority': True}",1473.9575939020142,0,isolated,"{""city"": ""Amsterdam"", ""date"": ""2027-02-12"", ""priority"": ""economy""}",True,3,Set up economy routing for the Amsterdam visit dated 2027-02-12.,15,3,0,128
5,"{'city': True, 'date': True, 'priority': True}",251.37652701232582,0,isolated,"{""city"": ""Amsterdam"", ""date"": ""2027-02-12"", ""priority"": ""economy""}",True,3,Set up economy routing for the Amsterdam visit dated 2027-02-12.,15,3,0,8
5,"{'airport': True, 'sla': True, 'date': True}",1603.2116620335728,0,isolated,"{""airport"": ""AMS"", ""date"": ""2027-02-12"", ""sla"": ""S3""}",True,3,Set up economy routing for the Amsterdam visit dated 2027-02-12.,15,3,1,128
5,"{'airport': True, 'sla': True, 'date': True}",321.87548803631216,0,isolated,"{""airport"": ""AMS"", ""date"": ""2027-02-12"", ""sla"": ""S3""}",True,3,Set up economy routing for the Amsterdam visit dated 2027-02-12.,15,3,1,8
5,{'dispatch': True},1507.0931809023023,0,isolated,"{""dispatch"": ""AMS-20270212-S3""}",True,1,Set up economy routing for the Amsterdam visit dated 2027-02-12.,15,1,2,128
5,{'dispatch': True},276.5135879162699,0,isolated,"{""dispatch"": ""AMS-20270212-S3""}",True,1,Set up economy routing for the Amsterdam visit dated 2027-02-12.,15,1,2,8
5,"{'city': True, 'date': True, 'priority': True}",1478.6783809540793,1,isolated,"{""city"": ""Amsterdam"", ""date"": ""2027-02-12"", ""priority"": ""economy""}",True,3,Set up economy routing for the Amsterdam visit dated 2027-02-12.,16,3,0,128
5,"{'city': True, 'date': True, 'priority': True}",251.21012900490314,1,isolated,"{""city"": ""Amsterdam"", ""date"": ""2027-02-12"", ""priority"": ""economy""}",True,3,Set up economy routing for the Amsterdam visit dated 2027-02-12.,16,3,0,8
5,"{'airport': True, 'sla': True, 'date': True}",1601.7024029279128,1,isolated,"{""airport"": ""AMS"", ""date"": ""2027-02-12"", ""sla"": ""S3""}",True,3,Set up economy routing for the Amsterdam visit dated 2027-02-12.,16,3,1,128
5,"{'airport': True, 'sla': True, 'date': True}",321.34241005405784,1,isolated,"{""airport"": ""AMS"", ""date"": ""2027-02-12"", ""sla"": ""S3""}",True,3,Set up economy routing for the Amsterdam visit dated 2027-02-12.,16,3,1,8
5,{'dispatch': True},1507.0498780114576,1,isolated,"{""dispatch"": ""AMS-20270212-S3""}",True,1,Set up economy routing for the Amsterdam visit dated 2027-02-12.,16,1,2,128
5,{'dispatch': True},276.7368950881064,1,isolated,"{""dispatch"": ""AMS-20270212-S3""}",True,1,Set up economy routing for the Amsterdam visit dated 2027-02-12.,16,1,2,8
5,"{'city': True, 'date': True, 'priority': True}",1473.5587259056047,2,isolated,"{""city"": ""Amsterdam"", ""date"": ""2027-02-12"", ""priority"": ""economy""}",True,3,Set up economy routing for the Amsterdam visit dated 2027-02-12.,17,3,0,128
5,"{'city': True, 'date': True, 'priority': True}",251.49603898171335,2,isolated,"{""city"": ""Amsterdam"", ""date"": ""2027-02-12"", ""priority"": ""economy""}",True,3,Set up economy routing for the Amsterdam visit dated 2027-02-12.,17,3,0,8
5,"{'airport': True, 'sla': True, 'date': True}",1602.1413609851152,2,isolated,"{""airport"": ""AMS"", ""date"": ""2027-02-12"", ""sla"": ""S3""}",True,3,Set up economy routing for the Amsterdam visit dated 2027-02-12.,17,3,1,128
5,"{'airport': True, 'sla': True, 'date': True}",321.5433299774304,2,isolated,"{""airport"": ""AMS"", ""date"": ""2027-02-12"", ""sla"": ""S3""}",True,3,Set up economy routing for the Amsterdam visit dated 2027-02-12.,17,3,1,8
5,{'dispatch': True},1507.2305189678445,2,isolated,"{""dispatch"": ""AMS-20270212-S3""}",True,1,Set up economy routing for the Amsterdam visit dated 2027-02-12.,17,1,2,128
5,{'dispatch': True},276.5166580211371,2,isolated,"{""dispatch"": ""AMS-20270212-S3""}",True,1,Set up economy routing for the Amsterdam visit dated 2027-02-12.,17,1,2,8
6,"{'city': True, 'date': True, 'priority': True}",1471.8301719985902,0,isolated,"{""city"": ""Madrid"", ""date"": ""2026-07-19"", ""priority"": ""urgent""}",True,3,Prepare the 2026-07-19 Madrid itinerary with urgent handling.,18,3,0,128
6,"{'city': True, 'date': True, 'priority': True}",251.23941397760063,0,isolated,"{""city"": ""Madrid"", ""date"": ""2026-07-19"", ""priority"": ""urgent""}",True,3,Prepare the 2026-07-19 Madrid itinerary with urgent handling.,18,3,0,8
6,"{'airport': True, 'sla': True, 'date': True}",1602.7795870322734,0,isolated,"{""airport"": ""MAD"", ""date"": ""2026-07-19"", ""sla"": ""S1""}",True,3,Prepare the 2026-07-19 Madrid itinerary with urgent handling.,18,3,1,128
6,"{'airport': True, 'sla': True, 'date': True}",322.14086793828756,0,isolated,"{""airport"": ""MAD"", ""date"": ""2026-07-19"", ""sla"": ""S1""}",True,3,Prepare the 2026-07-19 Madrid itinerary with urgent handling.,18,3,1,8
6,{'dispatch': True},1510.8184419805184,0,isolated,"{""dispatch"": ""MAD-20260719-S1""}",True,1,Prepare the 2026-07-19 Madrid itinerary with urgent handling.,18,1,2,128
6,{'dispatch': True},276.4390429947525,0,isolated,"{""dispatch"": ""MAD-20260719-S1""}",True,1,Prepare the 2026-07-19 Madrid itinerary with urgent handling.,18,1,2,8
6,"{'city': True, 'date': True, 'priority': True}",1471.805754932575,1,isolated,"{""city"": ""Madrid"", ""date"": ""2026-07-19"", ""priority"": ""urgent""}",True,3,Prepare the 2026-07-19 Madrid itinerary with urgent handling.,19,3,0,128
6,"{'city': True, 'date': True, 'priority': True}",250.94370497390628,1,isolated,"{""city"": ""Madrid"", ""date"": ""2026-07-19"", ""priority"": ""urgent""}",True,3,Prepare the 2026-07-19 Madrid itinerary with urgent handling.,19,3,0,8
6,"{'airport': True, 'sla': True, 'date': True}",1603.1437549972907,1,isolated,"{""airport"": ""MAD"", ""date"": ""2026-07-19"", ""sla"": ""S1""}",True,3,Prepare the 2026-07-19 Madrid itinerary with urgent handling.,19,3,1,128
6,"{'airport': True, 'sla': True, 'date': True}",321.18214399088174,1,isolated,"{""airport"": ""MAD"", ""date"": ""2026-07-19"", ""sla"": ""S1""}",True,3,Prepare the 2026-07-19 Madrid itinerary with urgent handling.,19,3,1,8
6,{'dispatch': True},1506.9601560244337,1,isolated,"{""dispatch"": ""MAD-20260719-S1""}",True,1,Prepare the 2026-07-19 Madrid itinerary with urgent handling.,19,1,2,128
6,{'dispatch': True},276.9733159802854,1,isolated,"{""dispatch"": ""MAD-20260719-S1""}",True,1,Prepare the 2026-07-19 Madrid itinerary with urgent handling.,19,1,2,8
6,"{'city': True, 'date': True, 'priority': True}",1471.5815220260993,2,isolated,"{""city"": ""Madrid"", ""date"": ""2026-07-19"", ""priority"": ""urgent""}",True,3,Prepare the 2026-07-19 Madrid itinerary with urgent handling.,20,3,0,128
6,"{'city': True, 'date': True, 'priority': True}",251.08027399983257,2,isolated,"{""city"": ""Madrid"", ""date"": ""2026-07-19"", ""priority"": ""urgent""}",True,3,Prepare the 2026-07-19 Madrid itinerary with urgent handling.,20,3,0,8
6,"{'airport': True, 'sla': True, 'date': True}",1602.244155947119,2,isolated,"{""airport"": ""MAD"", ""date"": ""2026-07-19"", ""sla"": ""S1""}",True,3,Prepare the 2026-07-19 Madrid itinerary with urgent handling.,20,3,1,128
6,"{'airport': True, 'sla': True, 'date': True}",320.7150110974908,2,isolated,"{""airport"": ""MAD"", ""date"": ""2026-07-19"", ""sla"": ""S1""}",True,3,Prepare the 2026-07-19 Madrid itinerary with urgent handling.,20,3,1,8
6,{'dispatch': True},1507.3269880376756,2,isolated,"{""dispatch"": ""MAD-20260719-S1""}",True,1,Prepare the 2026-07-19 Madrid itinerary with urgent handling.,20,1,2,128
6,{'dispatch': True},277.1301029715687,2,isolated,"{""dispatch"": ""MAD-20260719-S1""}",True,1,Prepare the 2026-07-19 Madrid itinerary with urgent handling.,20,1,2,8
7,"{'city': True, 'date': True, 'priority': True}",1472.6377059705555,0,isolated,"{""city"": ""Rome"", ""date"": ""2027-12-02"", ""priority"": ""standard""}",True,3,Open a standard trip ticket to Rome for 2027-12-02.,21,3,0,128
7,"{'city': True, 'date': True, 'priority': True}",251.200329978019,0,isolated,"{""city"": ""Rome"", ""date"": ""2027-12-02"", ""priority"": ""standard""}",True,3,Open a standard trip ticket to Rome for 2027-12-02.,21,3,0,8
7,"{'airport': True, 'sla': True, 'date': True}",1602.8268159134313,0,isolated,"{""airport"": ""FCO"", ""date"": ""2027-12-02"", ""sla"": ""S2""}",True,3,Open a standard trip ticket to Rome for 2027-12-02.,21,3,1,128
7,"{'airport': True, 'sla': True, 'date': True}",321.1836270056665,0,isolated,"{""airport"": ""FCO"", ""date"": ""2027-12-02"", ""sla"": ""S2""}",True,3,Open a standard trip ticket to Rome for 2027-12-02.,21,3,1,8
7,{'dispatch': False},1507.1416089776903,0,isolated,"{""dispatch"": ""FCO-271202-S2""}",False,0,Open a standard trip ticket to Rome for 2027-12-02.,21,1,2,128
7,{'dispatch': False},276.3395499205217,0,isolated,"{""dispatch"": ""FCO-271212-S2""}",False,0,Open a standard trip ticket to Rome for 2027-12-02.,21,1,2,8
7,"{'city': True, 'date': True, 'priority': True}",1472.2509469138458,1,isolated,"{""city"": ""Rome"", ""date"": ""2027-12-02"", ""priority"": ""standard""}",True,3,Open a standard trip ticket to Rome for 2027-12-02.,22,3,0,128
7,"{'city': True, 'date': True, 'priority': True}",250.92496909201145,1,isolated,"{""city"": ""Rome"", ""date"": ""2027-12-02"", ""priority"": ""standard""}",True,3,Open a standard trip ticket to Rome for 2027-12-02.,22,3,0,8
7,"{'airport': True, 'sla': True, 'date': True}",1602.4654450593516,1,isolated,"{""airport"": ""FCO"", ""date"": ""2027-12-02"", ""sla"": ""S2""}",True,3,Open a standard trip ticket to Rome for 2027-12-02.,22,3,1,128
7,"{'airport': True, 'sla': True, 'date': True}",320.81736507825553,1,isolated,"{""airport"": ""FCO"", ""date"": ""2027-12-02"", ""sla"": ""S2""}",True,3,Open a standard trip ticket to Rome for 2027-12-02.,22,3,1,8
7,{'dispatch': False},1507.2267960058525,1,isolated,"{""dispatch"": ""FCO-271202-S2""}",False,0,Open a standard trip ticket to Rome for 2027-12-02.,22,1,2,128
7,{'dispatch': False},277.80798892490566,1,isolated,"{""dispatch"": ""FCO-271212-S2""}",False,0,Open a standard trip ticket to Rome for 2027-12-02.,22,1,2,8
7,"{'city': True, 'date': True, 'priority': True}",1472.964985994622,2,isolated,"{""city"": ""Rome"", ""date"": ""2027-12-02"", ""priority"": ""standard""}",True,3,Open a standard trip ticket to Rome for 2027-12-02.,23,3,0,128
7,"{'city': True, 'date': True, 'priority': True}",251.30683393217623,2,isolated,"{""city"": ""Rome"", ""date"": ""2027-12-02"", ""priority"": ""standard""}",True,3,Open a standard trip ticket to Rome for 2027-12-02.,23,3,0,8
7,"{'airport': True, 'sla': True, 'date': True}",1602.3941909661517,2,isolated,"{""airport"": ""FCO"", ""date"": ""2027-12-02"", ""sla"": ""S2""}",True,3,Open a standard trip ticket to Rome for 2027-12-02.,23,3,1,128
7,"{'airport': True, 'sla': True, 'date': True}",320.9320519817993,2,isolated,"{""airport"": ""FCO"", ""date"": ""2027-12-02"", ""sla"": ""S2""}",True,3,Open a standard trip ticket to Rome for 2027-12-02.,23,3,1,8
7,{'dispatch': False},1512.3328439658508,2,isolated,"{""dispatch"": ""FCO-271202-S2""}",False,0,Open a standard trip ticket to Rome for 2027-12-02.,23,1,2,128
7,{'dispatch': False},276.8633990781382,2,isolated,"{""dispatch"": ""FCO-271212-S2""}",False,0,Open a standard trip ticket to Rome for 2027-12-02.,23,1,2,8
8,"{'city': True, 'date': True, 'priority': True}",1472.4080039886758,0,isolated,"{""city"": ""Berlin"", ""date"": ""2026-05-09"", ""priority"": ""standard""}",True,3,Create a standard travel dispatch for Berlin on 2026-05-09.,24,3,0,128
8,"{'city': True, 'date': True, 'priority': True}",251.1881700484082,0,isolated,"{""city"": ""Berlin"", ""date"": ""2026-05-09"", ""priority"": ""standard""}",True,3,Create a standard travel dispatch for Berlin on 2026-05-09.,24,3,0,8
8,"{'airport': True, 'sla': True, 'date': True}",1602.537711034529,0,isolated,"{""airport"": ""BER"", ""date"": ""2026-05-09"", ""sla"": ""S2""}",True,3,Create a standard travel dispatch for Berlin on 2026-05-09.,24,3,1,128
8,"{'airport': True, 'sla': True, 'date': True}",321.1946679512039,0,isolated,"{""airport"": ""BER"", ""date"": ""2026-05-09"", ""sla"": ""S2""}",True,3,Create a standard travel dispatch for Berlin on 2026-05-09.,24,3,1,8
8,{'dispatch': True},1507.2405809769407,0,isolated,"{""dispatch"": ""BER-20260509-S2""}",True,1,Create a standard travel dispatch for Berlin on 2026-05-09.,24,1,2,128
8,{'dispatch': True},277.095447992906,0,isolated,"{""dispatch"": ""BER-20260509-S2""}",True,1,Create a standard travel dispatch for Berlin on 2026-05-09.,24,1,2,8
8,"{'city': True, 'date': True, 'priority': True}",1472.8558550123125,1,isolated,"{""city"": ""Berlin"", ""date"": ""2026-05-09"", ""priority"": ""standard""}",True,3,Create a standard travel dispatch for Berlin on 2026-05-09.,25,3,0,128
8,"{'city': True, 'date': True, 'priority': True}",251.28691003192216,1,isolated,"{""city"": ""Berlin"", ""date"": ""2026-05-09"", ""priority"": ""standard""}",True,3,Create a standard travel dispatch for Berlin on 2026-05-09.,25,3,0,8
8,"{'airport': True, 'sla': True, 'date': True}",1602.6247699046507,1,isolated,"{""airport"": ""BER"", ""date"": ""2026-05-09"", ""sla"": ""S2""}",True,3,Create a standard travel dispatch for Berlin on 2026-05-09.,25,3,1,128
8,"{'airport': True, 'sla': True, 'date': True}",320.9630489582196,1,isolated,"{""airport"": ""BER"", ""date"": ""2026-05-09"", ""sla"": ""S2""}",True,3,Create a standard travel dispatch for Berlin on 2026-05-09.,25,3,1,8
8,{'dispatch': True},1507.5407659169286,1,isolated,"{""dispatch"": ""BER-20260509-S2""}",True,1,Create a standard travel dispatch for Berlin on 2026-05-09.,25,1,2,128
8,{'dispatch': True},277.6539659826085,1,isolated,"{""dispatch"": ""BER-20260509-S2""}",True,1,Create a standard travel dispatch for Berlin on 2026-05-09.,25,1,2,8
8,"{'city': True, 'date': True, 'priority': True}",1471.679172012955,2,isolated,"{""city"": ""Berlin"", ""date"": ""2026-05-09"", ""priority"": ""standard""}",True,3,Create a standard travel dispatch for Berlin on 2026-05-09.,26,3,0,128
8,"{'city': True, 'date': True, 'priority': True}",251.3210839824751,2,isolated,"{""city"": ""Berlin"", ""date"": ""2026-05-09"", ""priority"": ""standard""}",True,3,Create a standard travel dispatch for Berlin on 2026-05-09.,26,3,0,8
8,"{'airport': True, 'sla': True, 'date': True}",1602.8056809445843,2,isolated,"{""airport"": ""BER"", ""date"": ""2026-05-09"", ""sla"": ""S2""}",True,3,Create a standard travel dispatch for Berlin on 2026-05-09.,26,3,1,128
8,"{'airport': True, 'sla': True, 'date': True}",320.95170801039785,2,isolated,"{""airport"": ""BER"", ""date"": ""2026-05-09"", ""sla"": ""S2""}",True,3,Create a standard travel dispatch for Berlin on 2026-05-09.,26,3,1,8
8,{'dispatch': True},1506.9137719692662,2,isolated,"{""dispatch"": ""BER-20260509-S2""}",True,1,Create a standard travel dispatch for Berlin on 2026-05-09.,26,1,2,128
8,{'dispatch': True},276.9898510305211,2,isolated,"{""dispatch"": ""BER-20260509-S2""}",True,1,Create a standard travel dispatch for Berlin on 2026-05-09.,26,1,2,8
9,"{'city': True, 'date': True, 'priority': True}",1473.4886410878971,0,isolated,"{""city"": ""Dubai"", ""date"": ""2027-10-16"", ""priority"": ""urgent""}",True,3,Set up urgent routing for the Dubai visit dated 2027-10-16.,27,3,0,128
9,"{'city': True, 'date': True, 'priority': True}",251.80417706724256,0,isolated,"{""city"": ""Dubai"", ""date"": ""2027-10-16"", ""priority"": ""urgent""}",True,3,Set up urgent routing for the Dubai visit dated 2027-10-16.,27,3,0,8
9,"{'airport': True, 'sla': True, 'date': True}",1602.018623962067,0,isolated,"{""airport"": ""DXB"", ""date"": ""2027-10-16"", ""sla"": ""S1""}",True,3,Set up urgent routing for the Dubai visit dated 2027-10-16.,27,3,1,128
9,"{'airport': True, 'sla': True, 'date': True}",321.36947801336646,0,isolated,"{""airport"": ""DXB"", ""date"": ""2027-10-16"", ""sla"": ""S1""}",True,3,Set up urgent routing for the Dubai visit dated 2027-10-16.,27,3,1,8
9,{'dispatch': False},1507.5241550803185,0,isolated,"{""dispatch"": ""DXB-271016-S1""}",False,0,Set up urgent routing for the Dubai visit dated 2027-10-16.,27,1,2,128
9,{'dispatch': False},277.51781803090125,0,isolated,"{""dispatch"": ""DXB-271016-S1""}",False,0,Set up urgent routing for the Dubai visit dated 2027-10-16.,27,1,2,8
9,"{'city': True, 'date': True, 'priority': True}",1474.135491065681,1,isolated,"{""city"": ""Dubai"", ""date"": ""2027-10-16"", ""priority"": ""urgent""}",True,3,Set up urgent routing for the Dubai visit dated 2027-10-16.,28,3,0,128
9,"{'city': True, 'date': True, 'priority': True}",251.4731390401721,1,isolated,"{""city"": ""Dubai"", ""date"": ""2027-10-16"", ""priority"": ""urgent""}",True,3,Set up urgent routing for the Dubai visit dated 2027-10-16.,28,3,0,8
9,"{'airport': True, 'sla': True, 'date': True}",1602.3706189589575,1,isolated,"{""airport"": ""DXB"", ""date"": ""2027-10-16"", ""sla"": ""S1""}",True,3,Set up urgent routing for the Dubai visit dated 2027-10-16.,28,3,1,128
9,"{'airport': True, 'sla': True, 'date': True}",321.1985540110618,1,isolated,"{""airport"": ""DXB"", ""date"": ""2027-10-16"", ""sla"": ""S1""}",True,3,Set up urgent routing for the Dubai visit dated 2027-10-16.,28,3,1,8
9,{'dispatch': False},1508.0178830539808,1,isolated,"{""dispatch"": ""DXB-271016-S1""}",False,0,Set up urgent routing for the Dubai visit dated 2027-10-16.,28,1,2,128
9,{'dispatch': False},277.64846407808363,1,isolated,"{""dispatch"": ""DXB-271016-S1""}",False,0,Set up urgent routing for the Dubai visit dated 2027-10-16.,28,1,2,8
9,"{'city': True, 'date': True, 'priority': True}",1474.432292045094,2,isolated,"{""city"": ""Dubai"", ""date"": ""2027-10-16"", ""priority"": ""urgent""}",True,3,Set up urgent routing for the Dubai visit dated 2027-10-16.,29,3,0,128
9,"{'city': True, 'date': True, 'priority': True}",251.08085805550218,2,isolated,"{""city"": ""Dubai"", ""date"": ""2027-10-16"", ""priority"": ""urgent""}",True,3,Set up urgent routing for the Dubai visit dated 2027-10-16.,29,3,0,8
9,"{'airport': True, 'sla': True, 'date': True}",1602.9001889983192,2,isolated,"{""airport"": ""DXB"", ""date"": ""2027-10-16"", ""sla"": ""S1""}",True,3,Set up urgent routing for the Dubai visit dated 2027-10-16.,29,3,1,128
9,"{'airport': True, 'sla': True, 'date': True}",321.58429303672165,2,isolated,"{""airport"": ""DXB"", ""date"": ""2027-10-16"", ""sla"": ""S1""}",True,3,Set up urgent routing for the Dubai visit dated 2027-10-16.,29,3,1,8
9,{'dispatch': False},1507.7549350680783,2,isolated,"{""dispatch"": ""DXB-271016-S1""}",False,0,Set up urgent routing for the Dubai visit dated 2027-10-16.,29,1,2,128
9,{'dispatch': False},277.2614730056375,2,isolated,"{""dispatch"": ""DXB-271016-S1""}",False,0,Set up urgent routing for the Dubai visit dated 2027-10-16.,29,1,2,8
10,"{'city': True, 'date': True, 'priority': True}",1473.2392189325765,0,isolated,"{""city"": ""Boston"", ""date"": ""2026-03-23"", ""priority"": ""urgent""}",True,3,Prepare the 2026-03-23 Boston itinerary with urgent handling.,30,3,0,128
10,"{'city': True, 'date': True, 'priority': True}",251.09451403841376,0,isolated,"{""city"": ""Boston"", ""date"": ""2026-03-23"", ""priority"": ""urgent""}",True,3,Prepare the 2026-03-23 Boston itinerary with urgent handling.,30,3,0,8
10,"{'airport': True, 'sla': True, 'date': True}",1603.215705952607,0,isolated,"{""airport"": ""BOS"", ""date"": ""2026-03-23"", ""sla"": ""S1""}",True,3,Prepare the 2026-03-23 Boston itinerary with urgent handling.,30,3,1,128
10,"{'airport': True, 'sla': True, 'date': True}",321.8135350616649,0,isolated,"{""airport"": ""BOS"", ""date"": ""2026-03-23"", ""sla"": ""S1""}",True,3,Prepare the 2026-03-23 Boston itinerary with urgent handling.,30,3,1,8
10,{'dispatch': True},1507.735138060525,0,isolated,"{""dispatch"": ""BOS-20260323-S1""}",True,1,Prepare the 2026-03-23 Boston itinerary with urgent handling.,30,1,2,128
10,{'dispatch': False},276.4531261054799,0,isolated,"{""dispatch"": ""BOS-202623-S1""}",False,0,Prepare the 2026-03-23 Boston itinerary with urgent handling.,30,1,2,8
10,"{'city': True, 'date': True, 'priority': True}",1471.6845579678193,1,isolated,"{""city"": ""Boston"", ""date"": ""2026-03-23"", ""priority"": ""urgent""}",True,3,Prepare the 2026-03-23 Boston itinerary with urgent handling.,31,3,0,128
10,"{'city': True, 'date': True, 'priority': True}",250.60390192084014,1,isolated,"{""city"": ""Boston"", ""date"": ""2026-03-23"", ""priority"": ""urgent""}",True,3,Prepare the 2026-03-23 Boston itinerary with urgent handling.,31,3,0,8
10,"{'airport': True, 'sla': True, 'date': True}",1604.0565259754658,1,isolated,"{""airport"": ""BOS"", ""date"": ""2026-03-23"", ""sla"": ""S1""}",True,3,Prepare the 2026-03-23 Boston itinerary with urgent handling.,31,3,1,128
10,"{'airport': True, 'sla': True, 'date': True}",321.2837449973449,1,isolated,"{""airport"": ""BOS"", ""date"": ""2026-03-23"", ""sla"": ""S1""}",True,3,Prepare the 2026-03-23 Boston itinerary with urgent handling.,31,3,1,8
10,{'dispatch': True},1507.0447330363095,1,isolated,"{""dispatch"": ""BOS-20260323-S1""}",True,1,Prepare the 2026-03-23 Boston itinerary with urgent handling.,31,1,2,128
10,{'dispatch': False},276.79099701344967,1,isolated,"{""dispatch"": ""BOS-202623-S1""}",False,0,Prepare the 2026-03-23 Boston itinerary with urgent handling.,31,1,2,8
10,"{'city': True, 'date': True, 'priority': True}",1472.683024010621,2,isolated,"{""city"": ""Boston"", ""date"": ""2026-03-23"", ""priority"": ""urgent""}",True,3,Prepare the 2026-03-23 Boston itinerary with urgent handling.,32,3,0,128
10,"{'city': True, 'date': True, 'priority': True}",251.07081304304302,2,isolated,"{""city"": ""Boston"", ""date"": ""2026-03-23"", ""priority"": ""urgent""}",True,3,Prepare the 2026-03-23 Boston itinerary with urgent handling.,32,3,0,8
10,"{'airport': True, 'sla': True, 'date': True}",1602.7236470254138,2,isolated,"{""airport"": ""BOS"", ""date"": ""2026-03-23"", ""sla"": ""S1""}",True,3,Prepare the 2026-03-23 Boston itinerary with urgent handling.,32,3,1,128
10,"{'airport': True, 'sla': True, 'date': True}",321.20727095752954,2,isolated,"{""airport"": ""BOS"", ""date"": ""2026-03-23"", ""sla"": ""S1""}",True,3,Prepare the 2026-03-23 Boston itinerary with urgent handling.,32,3,1,8
10,{'dispatch': True},1507.3444090085104,2,isolated,"{""dispatch"": ""BOS-20260323-S1""}",True,1,Prepare the 2026-03-23 Boston itinerary with urgent handling.,32,1,2,128
10,{'dispatch': False},277.0092280115932,2,isolated,"{""dispatch"": ""BOS-202623-S1""}",False,0,Prepare the 2026-03-23 Boston itinerary with urgent handling.,32,1,2,8
11,"{'city': True, 'date': True, 'priority': True}",1473.7714299699292,0,isolated,"{""city"": ""Toronto"", ""date"": ""2027-08-06"", ""priority"": ""standard""}",True,3,Open a standard trip ticket to Toronto for 2027-08-06.,33,3,0,128
11,"{'city': True, 'date': True, 'priority': True}",251.2594999279827,0,isolated,"{""city"": ""Toronto"", ""date"": ""2027-08-06"", ""priority"": ""standard""}",True,3,Open a standard trip ticket to Toronto for 2027-08-06.,33,3,0,8
11,"{'airport': True, 'sla': True, 'date': True}",1602.9744310071692,0,isolated,"{""airport"": ""YYZ"", ""date"": ""2027-08-06"", ""sla"": ""S2""}",True,3,Open a standard trip ticket to Toronto for 2027-08-06.,33,3,1,128
11,"{'airport': True, 'sla': True, 'date': True}",321.53267599642277,0,isolated,"{""airport"": ""YYZ"", ""date"": ""2027-08-06"", ""sla"": ""S2""}",True,3,Open a standard trip ticket to Toronto for 2027-08-06.,33,3,1,8
11,{'dispatch': True},1507.9794279299676,0,isolated,"{""dispatch"": ""YYZ-20270806-S2""}",True,1,Open a standard trip ticket to Toronto for 2027-08-06.,33,1,2,128
11,{'dispatch': True},277.1805520169437,0,isolated,"{""dispatch"": ""YYZ-20270806-S2""}",True,1,Open a standard trip ticket to Toronto for 2027-08-06.,33,1,2,8
11,"{'city': True, 'date': True, 'priority': True}",1473.7542249495164,1,isolated,"{""city"": ""Toronto"", ""date"": ""2027-08-06"", ""priority"": ""standard""}",True,3,Open a standard trip ticket to Toronto for 2027-08-06.,34,3,0,128
11,"{'city': True, 'date': True, 'priority': True}",251.07141199987382,1,isolated,"{""city"": ""Toronto"", ""date"": ""2027-08-06"", ""priority"": ""standard""}",True,3,Open a standard trip ticket to Toronto for 2027-08-06.,34,3,0,8
11,"{'airport': True, 'sla': True, 'date': True}",1603.5308719146997,1,isolated,"{""airport"": ""YYZ"", ""date"": ""2027-08-06"", ""sla"": ""S2""}",True,3,Open a standard trip ticket to Toronto for 2027-08-06.,34,3,1,128
11,"{'airport': True, 'sla': True, 'date': True}",321.352019906044,1,isolated,"{""airport"": ""YYZ"", ""date"": ""2027-08-06"", ""sla"": ""S2""}",True,3,Open a standard trip ticket to Toronto for 2027-08-06.,34,3,1,8
11,{'dispatch': True},1507.672296022065,1,isolated,"{""dispatch"": ""YYZ-20270806-S2""}",True,1,Open a standard trip ticket to Toronto for 2027-08-06.,34,1,2,128
11,{'dispatch': True},276.66349802166224,1,isolated,"{""dispatch"": ""YYZ-20270806-S2""}",True,1,Open a standard trip ticket to Toronto for 2027-08-06.,34,1,2,8
11,"{'city': True, 'date': True, 'priority': True}",1473.324573948048,2,isolated,"{""city"": ""Toronto"", ""date"": ""2027-08-06"", ""priority"": ""standard""}",True,3,Open a standard trip ticket to Toronto for 2027-08-06.,35,3,0,128
11,"{'city': True, 'date': True, 'priority': True}",251.25960807781667,2,isolated,"{""city"": ""Toronto"", ""date"": ""2027-08-06"", ""priority"": ""standard""}",True,3,Open a standard trip ticket to Toronto for 2027-08-06.,35,3,0,8
11,"{'airport': True, 'sla': True, 'date': True}",1602.6088109938428,2,isolated,"{""airport"": ""YYZ"", ""date"": ""2027-08-06"", ""sla"": ""S2""}",True,3,Open a standard trip ticket to Toronto for 2027-08-06.,35,3,1,128
11,"{'airport': True, 'sla': True, 'date': True}",321.60882488824427,2,isolated,"{""airport"": ""YYZ"", ""date"": ""2027-08-06"", ""sla"": ""S2""}",True,3,Open a standard trip ticket to Toronto for 2027-08-06.,35,3,1,8
11,{'dispatch': True},1507.9585870262235,2,isolated,"{""dispatch"": ""YYZ-20270806-S2""}",True,1,Open a standard trip ticket to Toronto for 2027-08-06.,35,1,2,128
11,{'dispatch': True},276.6799390083179,2,isolated,"{""dispatch"": ""YYZ-20270806-S2""}",True,1,Open a standard trip ticket to Toronto for 2027-08-06.,35,1,2,8
12,"{'city': True, 'date': True, 'priority': True}",1472.6131410570815,0,isolated,"{""city"": ""Seoul"", ""date"": ""2026-01-13"", ""priority"": ""economy""}",True,3,Create a economy travel dispatch for Seoul on 2026-01-13.,36,3,0,128
12,"{'city': True, 'date': True, 'priority': True}",251.19229091797024,0,isolated,"{""city"": ""Seoul"", ""date"": ""2026-01-13"", ""priority"": ""economy""}",True,3,Create a economy travel dispatch for Seoul on 2026-01-13.,36,3,0,8
12,"{'airport': True, 'sla': True, 'date': True}",1602.5100341066718,0,isolated,"{""airport"": ""ICN"", ""date"": ""2026-01-13"", ""sla"": ""S3""}",True,3,Create a economy travel dispatch for Seoul on 2026-01-13.,36,3,1,128
12,"{'airport': True, 'sla': True, 'date': True}",321.9273870345205,0,isolated,"{""airport"": ""ICN"", ""date"": ""2026-01-13"", ""sla"": ""S3""}",True,3,Create a economy travel dispatch for Seoul on 2026-01-13.,36,3,1,8
12,{'dispatch': True},1507.295695017092,0,isolated,"{""dispatch"": ""ICN-20260113-S3""}",True,1,Create a economy travel dispatch for Seoul on 2026-01-13.,36,1,2,128
12,{'dispatch': True},277.04319497570395,0,isolated,"{""dispatch"": ""ICN-20260113-S3""}",True,1,Create a economy travel dispatch for Seoul on 2026-01-13.,36,1,2,8
12,"{'city': True, 'date': True, 'priority': True}",1472.8003380587325,1,isolated,"{""city"": ""Seoul"", ""date"": ""2026-01-13"", ""priority"": ""economy""}",True,3,Create a economy travel dispatch for Seoul on 2026-01-13.,37,3,0,128
12,"{'city': True, 'date': True, 'priority': True}",251.3265700545162,1,isolated,"{""city"": ""Seoul"", ""date"": ""2026-01-13"", ""priority"": ""economy""}",True,3,Create a economy travel dispatch for Seoul on 2026-01-13.,37,3,0,8
12,"{'airport': True, 'sla': True, 'date': True}",1603.0955919995904,1,isolated,"{""airport"": ""ICN"", ""date"": ""2026-01-13"", ""sla"": ""S3""}",True,3,Create a economy travel dispatch for Seoul on 2026-01-13.,37,3,1,128
12,"{'airport': True, 'sla': True, 'date': True}",320.9609698969871,1,isolated,"{""airport"": ""ICN"", ""date"": ""2026-01-13"", ""sla"": ""S3""}",True,3,Create a economy travel dispatch for Seoul on 2026-01-13.,37,3,1,8
12,{'dispatch': True},1507.7946069650352,1,isolated,"{""dispatch"": ""ICN-20260113-S3""}",True,1,Create a economy travel dispatch for Seoul on 2026-01-13.,37,1,2,128
12,{'dispatch': True},277.93337998446077,1,isolated,"{""dispatch"": ""ICN-20260113-S3""}",True,1,Create a economy travel dispatch for Seoul on 2026-01-13.,37,1,2,8
12,"{'city': True, 'date': True, 'priority': True}",1473.047198029235,2,isolated,"{""city"": ""Seoul"", ""date"": ""2026-01-13"", ""priority"": ""economy""}",True,3,Create a economy travel dispatch for Seoul on 2026-01-13.,38,3,0,128
12,"{'city': True, 'date': True, 'priority': True}",251.33960391394794,2,isolated,"{""city"": ""Seoul"", ""date"": ""2026-01-13"", ""priority"": ""economy""}",True,3,Create a economy travel dispatch for Seoul on 2026-01-13.,38,3,0,8
12,"{'airport': True, 'sla': True, 'date': True}",1602.903880062513,2,isolated,"{""airport"": ""ICN"", ""date"": ""2026-01-13"", ""sla"": ""S3""}",True,3,Create a economy travel dispatch for Seoul on 2026-01-13.,38,3,1,128
12,"{'airport': True, 'sla': True, 'date': True}",321.03004097007215,2,isolated,"{""airport"": ""ICN"", ""date"": ""2026-01-13"", ""sla"": ""S3""}",True,3,Create a economy travel dispatch for Seoul on 2026-01-13.,38,3,1,8
12,{'dispatch': True},1507.5204389868304,2,isolated,"{""dispatch"": ""ICN-20260113-S3""}",True,1,Create a economy travel dispatch for Seoul on 2026-01-13.,38,1,2,128
12,{'dispatch': True},277.39420195575804,2,isolated,"{""dispatch"": ""ICN-20260113-S3""}",True,1,Create a economy travel dispatch for Seoul on 2026-01-13.,38,1,2,8
13,"{'city': True, 'date': True, 'priority': True}",1476.9252850674093,0,isolated,"{""city"": ""Tokyo"", ""date"": ""2027-06-20"", ""priority"": ""standard""}",True,3,Set up standard routing for the Tokyo visit dated 2027-06-20.,39,3,0,128
13,"{'city': True, 'date': True, 'priority': True}",250.8328480180353,0,isolated,"{""city"": ""Tokyo"", ""date"": ""2027-06-20"", ""priority"": ""standard""}",True,3,Set up standard routing for the Tokyo visit dated 2027-06-20.,39,3,0,8
13,"{'airport': True, 'sla': True, 'date': True}",1603.0192180769518,0,isolated,"{""airport"": ""NRT"", ""date"": ""2027-06-20"", ""sla"": ""S2""}",True,3,Set up standard routing for the Tokyo visit dated 2027-06-20.,39,3,1,128
13,"{'airport': True, 'sla': True, 'date': True}",321.6784759424627,0,isolated,"{""airport"": ""NRT"", ""date"": ""2027-06-20"", ""sla"": ""S2""}",True,3,Set up standard routing for the Tokyo visit dated 2027-06-20.,39,3,1,8
13,{'dispatch': True},1508.0053850542754,0,isolated,"{""dispatch"": ""NRT-20270620-S2""}",True,1,Set up standard routing for the Tokyo visit dated 2027-06-20.,39,1,2,128
13,{'dispatch': False},276.87214501202106,0,isolated,"{""dispatch"": ""NRT-272620-S2""}",False,0,Set up standard routing for the Tokyo visit dated 2027-06-20.,39,1,2,8
13,"{'city': True, 'date': True, 'priority': True}",1473.8412480801344,1,isolated,"{""city"": ""Tokyo"", ""date"": ""2027-06-20"", ""priority"": ""standard""}",True,3,Set up standard routing for the Tokyo visit dated 2027-06-20.,40,3,0,128
13,"{'city': True, 'date': True, 'priority': True}",251.51555601041764,1,isolated,"{""city"": ""Tokyo"", ""date"": ""2027-06-20"", ""priority"": ""standard""}",True,3,Set up standard routing for the Tokyo visit dated 2027-06-20.,40,3,0,8
13,"{'airport': True, 'sla': True, 'date': True}",1602.3051569936797,1,isolated,"{""airport"": ""NRT"", ""date"": ""2027-06-20"", ""sla"": ""S2""}",True,3,Set up standard routing for the Tokyo visit dated 2027-06-20.,40,3,1,128
13,"{'airport': True, 'sla': True, 'date': True}",321.16564305033535,1,isolated,"{""airport"": ""NRT"", ""date"": ""2027-06-20"", ""sla"": ""S2""}",True,3,Set up standard routing for the Tokyo visit dated 2027-06-20.,40,3,1,8
13,{'dispatch': True},1507.706796983257,1,isolated,"{""dispatch"": ""NRT-20270620-S2""}",True,1,Set up standard routing for the Tokyo visit dated 2027-06-20.,40,1,2,128
13,{'dispatch': False},276.79152600467205,1,isolated,"{""dispatch"": ""NRT-272620-S2""}",False,0,Set up standard routing for the Tokyo visit dated 2027-06-20.,40,1,2,8
13,"{'city': True, 'date': True, 'priority': True}",1474.0636389469728,2,isolated,"{""city"": ""Tokyo"", ""date"": ""2027-06-20"", ""priority"": ""standard""}",True,3,Set up standard routing for the Tokyo visit dated 2027-06-20.,41,3,0,128
13,"{'city': True, 'date': True, 'priority': True}",251.475456985645,2,isolated,"{""city"": ""Tokyo"", ""date"": ""2027-06-20"", ""priority"": ""standard""}",True,3,Set up standard routing for the Tokyo visit dated 2027-06-20.,41,3,0,8
13,"{'airport': True, 'sla': True, 'date': True}",1603.244806989096,2,isolated,"{""airport"": ""NRT"", ""date"": ""2027-06-20"", ""sla"": ""S2""}",True,3,Set up standard routing for the Tokyo visit dated 2027-06-20.,41,3,1,128
13,"{'airport': True, 'sla': True, 'date': True}",321.34110492188483,2,isolated,"{""airport"": ""NRT"", ""date"": ""2027-06-20"", ""sla"": ""S2""}",True,3,Set up standard routing for the Tokyo visit dated 2027-06-20.,41,3,1,8
13,{'dispatch': True},1508.4687460912392,2,isolated,"{""dispatch"": ""NRT-20270620-S2""}",True,1,Set up standard routing for the Tokyo visit dated 2027-06-20.,41,1,2,128
13,{'dispatch': False},276.59547596704215,2,isolated,"{""dispatch"": ""NRT-272620-S2""}",False,0,Set up standard routing for the Tokyo visit dated 2027-06-20.,41,1,2,8
14,"{'city': True, 'date': True, 'priority': True}",1472.4868810735643,0,isolated,"{""city"": ""Paris"", ""date"": ""2026-11-03"", ""priority"": ""standard""}",True,3,Prepare the 2026-11-03 Paris itinerary with standard handling.,42,3,0,128
14,"{'city': True, 'date': True, 'priority': True}",251.1236930731684,0,isolated,"{""city"": ""Paris"", ""date"": ""2026-11-03"", ""priority"": ""standard""}",True,3,Prepare the 2026-11-03 Paris itinerary with standard handling.,42,3,0,8
14,"{'airport': True, 'sla': True, 'date': True}",1602.27968392428,0,isolated,"{""airport"": ""CDG"", ""date"": ""2026-11-03"", ""sla"": ""S2""}",True,3,Prepare the 2026-11-03 Paris itinerary with standard handling.,42,3,1,128
14,"{'airport': True, 'sla': True, 'date': True}",321.0105209145695,0,isolated,"{""airport"": ""CDG"", ""date"": ""2026-11-03"", ""sla"": ""S2""}",True,3,Prepare the 2026-11-03 Paris itinerary with standard handling.,42,3,1,8
14,{'dispatch': True},1507.573395036161,0,isolated,"{""dispatch"": ""CDG-20261103-S2""}",True,1,Prepare the 2026-11-03 Paris itinerary with standard handling.,42,1,2,128
14,{'dispatch': True},276.7305209999904,0,isolated,"{""dispatch"": ""CDG-20261103-S2""}",True,1,Prepare the 2026-11-03 Paris itinerary with standard handling.,42,1,2,8
14,"{'city': True, 'date': True, 'priority': True}",1472.4498009309173,1,isolated,"{""city"": ""Paris"", ""date"": ""2026-11-03"", ""priority"": ""standard""}",True,3,Prepare the 2026-11-03 Paris itinerary with standard handling.,43,3,0,128
14,"{'city': True, 'date': True, 'priority': True}",250.69805898237973,1,isolated,"{""city"": ""Paris"", ""date"": ""2026-11-03"", ""priority"": ""standard""}",True,3,Prepare the 2026-11-03 Paris itinerary with standard handling.,43,3,0,8
14,"{'airport': True, 'sla': True, 'date': True}",1602.91433299426,1,isolated,"{""airport"": ""CDG"", ""date"": ""2026-11-03"", ""sla"": ""S2""}",True,3,Prepare the 2026-11-03 Paris itinerary with standard handling.,43,3,1,128
14,"{'airport': True, 'sla': True, 'date': True}",321.8264520401135,1,isolated,"{""airport"": ""CDG"", ""date"": ""2026-11-03"", ""sla"": ""S2""}",True,3,Prepare the 2026-11-03 Paris itinerary with standard handling.,43,3,1,8
14,{'dispatch': True},1507.8574130311608,1,isolated,"{""dispatch"": ""CDG-20261103-S2""}",True,1,Prepare the 2026-11-03 Paris itinerary with standard handling.,43,1,2,128
14,{'dispatch': True},276.6692870063707,1,isolated,"{""dispatch"": ""CDG-20261103-S2""}",True,1,Prepare the 2026-11-03 Paris itinerary with standard handling.,43,1,2,8
14,"{'city': True, 'date': True, 'priority': True}",1477.341057965532,2,isolated,"{""city"": ""Paris"", ""date"": ""2026-11-03"", ""priority"": ""standard""}",True,3,Prepare the 2026-11-03 Paris itinerary with standard handling.,44,3,0,128
14,"{'city': True, 'date': True, 'priority': True}",250.54833001922816,2,isolated,"{""city"": ""Paris"", ""date"": ""2026-11-03"", ""priority"": ""standard""}",True,3,Prepare the 2026-11-03 Paris itinerary with standard handling.,44,3,0,8
14,"{'airport': True, 'sla': True, 'date': True}",1602.6033300440758,2,isolated,"{""airport"": ""CDG"", ""date"": ""2026-11-03"", ""sla"": ""S2""}",True,3,Prepare the 2026-11-03 Paris itinerary with standard handling.,44,3,1,128
14,"{'airport': True, 'sla': True, 'date': True}",321.43609097693115,2,isolated,"{""airport"": ""CDG"", ""date"": ""2026-11-03"", ""sla"": ""S2""}",True,3,Prepare the 2026-11-03 Paris itinerary with standard handling.,44,3,1,8
14,{'dispatch': True},1507.3615990113467,2,isolated,"{""dispatch"": ""CDG-20261103-S2""}",True,1,Prepare the 2026-11-03 Paris itinerary with standard handling.,44,1,2,128
14,{'dispatch': True},276.65807504672557,2,isolated,"{""dispatch"": ""CDG-20261103-S2""}",True,1,Prepare the 2026-11-03 Paris itinerary with standard handling.,44,1,2,8
15,"{'city': True, 'date': True, 'priority': True}",1473.9785959245637,0,isolated,"{""city"": ""Austin"", ""date"": ""2027-04-10"", ""priority"": ""standard""}",True,3,Open a standard trip ticket to Austin for 2027-04-10.,45,3,0,128
15,"{'city': True, 'date': True, 'priority': True}",250.85652200505137,0,isolated,"{""city"": ""Austin"", ""date"": ""2027-04-10"", ""priority"": ""standard""}",True,3,Open a standard trip ticket to Austin for 2027-04-10.,45,3,0,8
15,"{'airport': True, 'sla': True, 'date': True}",1603.72946690768,0,isolated,"{""airport"": ""AUS"", ""date"": ""2027-04-10"", ""sla"": ""S2""}",True,3,Open a standard trip ticket to Austin for 2027-04-10.,45,3,1,128
15,"{'airport': True, 'sla': True, 'date': True}",321.2378569878638,0,isolated,"{""airport"": ""AUS"", ""date"": ""2027-04-10"", ""sla"": ""S2""}",True,3,Open a standard trip ticket to Austin for 2027-04-10.,45,3,1,8
15,{'dispatch': True},1507.886691018939,0,isolated,"{""dispatch"": ""AUS-20270410-S2""}",True,1,Open a standard trip ticket to Austin for 2027-04-10.,45,1,2,128
15,{'dispatch': False},276.67575899977237,0,isolated,"{""dispatch"": ""AUS-202704-S2""}",False,0,Open a standard trip ticket to Austin for 2027-04-10.,45,1,2,8
15,"{'city': True, 'date': True, 'priority': True}",1472.7860840503126,1,isolated,"{""city"": ""Austin"", ""date"": ""2027-04-10"", ""priority"": ""standard""}",True,3,Open a standard trip ticket to Austin for 2027-04-10.,46,3,0,128
15,"{'city': True, 'date': True, 'priority': True}",250.7339109433815,1,isolated,"{""city"": ""Austin"", ""date"": ""2027-04-10"", ""priority"": ""standard""}",True,3,Open a standard trip ticket to Austin for 2027-04-10.,46,3,0,8
15,"{'airport': True, 'sla': True, 'date': True}",1603.4789639525115,1,isolated,"{""airport"": ""AUS"", ""date"": ""2027-04-10"", ""sla"": ""S2""}",True,3,Open a standard trip ticket to Austin for 2027-04-10.,46,3,1,128
15,"{'airport': True, 'sla': True, 'date': True}",321.41195505391806,1,isolated,"{""airport"": ""AUS"", ""date"": ""2027-04-10"", ""sla"": ""S2""}",True,3,Open a standard trip ticket to Austin for 2027-04-10.,46,3,1,8
15,{'dispatch': True},1510.6279089814052,1,isolated,"{""dispatch"": ""AUS-20270410-S2""}",True,1,Open a standard trip ticket to Austin for 2027-04-10.,46,1,2,128
15,{'dispatch': False},276.55270602554083,1,isolated,"{""dispatch"": ""AUS-202704-S2""}",False,0,Open a standard trip ticket to Austin for 2027-04-10.,46,1,2,8
15,"{'city': True, 'date': True, 'priority': True}",1473.0648039840162,2,isolated,"{""city"": ""Austin"", ""date"": ""2027-04-10"", ""priority"": ""standard""}",True,3,Open a standard trip ticket to Austin for 2027-04-10.,47,3,0,128
15,"{'city': True, 'date': True, 'priority': True}",251.32131204009056,2,isolated,"{""city"": ""Austin"", ""date"": ""2027-04-10"", ""priority"": ""standard""}",True,3,Open a standard trip ticket to Austin for 2027-04-10.,47,3,0,8
15,"{'airport': True, 'sla': True, 'date': True}",1602.7977680787444,2,isolated,"{""airport"": ""AUS"", ""date"": ""2027-04-10"", ""sla"": ""S2""}",True,3,Open a standard trip ticket to Austin for 2027-04-10.,47,3,1,128
15,"{'airport': True, 'sla': True, 'date': True}",321.8797149602324,2,isolated,"{""airport"": ""AUS"", ""date"": ""2027-04-10"", ""sla"": ""S2""}",True,3,Open a standard trip ticket to Austin for 2027-04-10.,47,3,1,8
15,{'dispatch': True},1507.8335959697142,2,isolated,"{""dispatch"": ""AUS-20270410-S2""}",True,1,Open a standard trip ticket to Austin for 2027-04-10.,47,1,2,128
15,{'dispatch': False},277.08657796029,2,isolated,"{""dispatch"": ""AUS-202704-S2""}",False,0,Open a standard trip ticket to Austin for 2027-04-10.,47,1,2,8
16,"{'city': True, 'date': True, 'priority': True}",1472.4459550343454,0,isolated,"{""city"": ""London"", ""date"": ""2026-09-17"", ""priority"": ""standard""}",True,3,Create a standard travel dispatch for London on 2026-09-17.,48,3,0,128
16,"{'city': True, 'date': True, 'priority': True}",251.39850797131658,0,isolated,"{""city"": ""London"", ""date"": ""2026-09-17"", ""priority"": ""standard""}",True,3,Create a standard travel dispatch for London on 2026-09-17.,48,3,0,8
16,"{'airport': True, 'sla': True, 'date': True}",1602.730399928987,0,isolated,"{""airport"": ""LHR"", ""date"": ""2026-09-17"", ""sla"": ""S2""}",True,3,Create a standard travel dispatch for London on 2026-09-17.,48,3,1,128
16,"{'airport': True, 'sla': True, 'date': True}",321.0329950088635,0,isolated,"{""airport"": ""LHR"", ""date"": ""2026-09-17"", ""sla"": ""S2""}",True,3,Create a standard travel dispatch for London on 2026-09-17.,48,3,1,8
16,{'dispatch': True},1509.2736969236284,0,isolated,"{""dispatch"": ""LHR-20260917-S2""}",True,1,Create a standard travel dispatch for London on 2026-09-17.,48,1,2,128
16,{'dispatch': False},276.8717930885032,0,isolated,"{""dispatch"": ""LHR-202617-S2""}",False,0,Create a standard travel dispatch for London on 2026-09-17.,48,1,2,8
16,"{'city': True, 'date': True, 'priority': True}",1472.4580489564687,1,isolated,"{""city"": ""London"", ""date"": ""2026-09-17"", ""priority"": ""standard""}",True,3,Create a standard travel dispatch for London on 2026-09-17.,49,3,0,128
16,"{'city': True, 'date': True, 'priority': True}",250.87605195585638,1,isolated,"{""city"": ""London"", ""date"": ""2026-09-17"", ""priority"": ""standard""}",True,3,Create a standard travel dispatch for London on 2026-09-17.,49,3,0,8
16,"{'airport': True, 'sla': True, 'date': True}",1603.0761540168896,1,isolated,"{""airport"": ""LHR"", ""date"": ""2026-09-17"", ""sla"": ""S2""}",True,3,Create a standard travel dispatch for London on 2026-09-17.,49,3,1,128
16,"{'airport': True, 'sla': True, 'date': True}",320.7066690083593,1,isolated,"{""airport"": ""LHR"", ""date"": ""2026-09-17"", ""sla"": ""S2""}",True,3,Create a standard travel dispatch for London on 2026-09-17.,49,3,1,8
16,{'dispatch': True},1507.6766399433836,1,isolated,"{""dispatch"": ""LHR-20260917-S2""}",True,1,Create a standard travel dispatch for London on 2026-09-17.,49,1,2,128
16,{'dispatch': False},277.34921395312995,1,isolated,"{""dispatch"": ""LHR-202617-S2""}",False,0,Create a standard travel dispatch for London on 2026-09-17.,49,1,2,8
16,"{'city': True, 'date': True, 'priority': True}",1472.3185290349647,2,isolated,"{""city"": ""London"", ""date"": ""2026-09-17"", ""priority"": ""standard""}",True,3,Create a standard travel dispatch for London on 2026-09-17.,50,3,0,128
16,"{'city': True, 'date': True, 'priority': True}",250.96558302175254,2,isolated,"{""city"": ""London"", ""date"": ""2026-09-17"", ""priority"": ""standard""}",True,3,Create a standard travel dispatch for London on 2026-09-17.,50,3,0,8
16,"{'airport': True, 'sla': True, 'date': True}",1601.9959329860285,2,isolated,"{""airport"": ""LHR"", ""date"": ""2026-09-17"", ""sla"": ""S2""}",True,3,Create a standard travel dispatch for London on 2026-09-17.,50,3,1,128
16,"{'airport': True, 'sla': True, 'date': True}",321.52606698218733,2,isolated,"{""airport"": ""LHR"", ""date"": ""2026-09-17"", ""sla"": ""S2""}",True,3,Create a standard travel dispatch for London on 2026-09-17.,50,3,1,8
16,{'dispatch': True},1507.3504470055923,2,isolated,"{""dispatch"": ""LHR-20260917-S2""}",True,1,Create a standard travel dispatch for London on 2026-09-17.,50,1,2,128
16,{'dispatch': False},277.11406198795885,2,isolated,"{""dispatch"": ""LHR-202617-S2""}",False,0,Create a standard travel dispatch for London on 2026-09-17.,50,1,2,8
17,"{'city': True, 'date': True, 'priority': True}",1474.0603379905224,0,isolated,"{""city"": ""Amsterdam"", ""date"": ""2027-02-24"", ""priority"": ""economy""}",True,3,Set up economy routing for the Amsterdam visit dated 2027-02-24.,51,3,0,128
17,"{'city': True, 'date': True, 'priority': True}",251.3346190098673,0,isolated,"{""city"": ""Amsterdam"", ""date"": ""2027-02-24"", ""priority"": ""economy""}",True,3,Set up economy routing for the Amsterdam visit dated 2027-02-24.,51,3,0,8
17,"{'airport': True, 'sla': True, 'date': True}",1602.3025619797409,0,isolated,"{""airport"": ""AMS"", ""date"": ""2027-02-24"", ""sla"": ""S3""}",True,3,Set up economy routing for the Amsterdam visit dated 2027-02-24.,51,3,1,128
17,"{'airport': True, 'sla': True, 'date': True}",321.0875190561637,0,isolated,"{""airport"": ""AMS"", ""date"": ""2027-02-24"", ""sla"": ""S3""}",True,3,Set up economy routing for the Amsterdam visit dated 2027-02-24.,51,3,1,8
17,{'dispatch': True},1512.1451030718163,0,isolated,"{""dispatch"": ""AMS-20270224-S3""}",True,1,Set up economy routing for the Amsterdam visit dated 2027-02-24.,51,1,2,128
17,{'dispatch': True},276.682837982662,0,isolated,"{""dispatch"": ""AMS-20270224-S3""}",True,1,Set up economy routing for the Amsterdam visit dated 2027-02-24.,51,1,2,8
17,"{'city': True, 'date': True, 'priority': True}",1473.388188984245,1,isolated,"{""city"": ""Amsterdam"", ""date"": ""2027-02-24"", ""priority"": ""economy""}",True,3,Set up economy routing for the Amsterdam visit dated 2027-02-24.,52,3,0,128
17,"{'city': True, 'date': True, 'priority': True}",250.99427695386112,1,isolated,"{""city"": ""Amsterdam"", ""date"": ""2027-02-24"", ""priority"": ""economy""}",True,3,Set up economy routing for the Amsterdam visit dated 2027-02-24.,52,3,0,8
17,"{'airport': True, 'sla': True, 'date': True}",1602.2853590548038,1,isolated,"{""airport"": ""AMS"", ""date"": ""2027-02-24"", ""sla"": ""S3""}",True,3,Set up economy routing for the Amsterdam visit dated 2027-02-24.,52,3,1,128
17,"{'airport': True, 'sla': True, 'date': True}",320.4220309853554,1,isolated,"{""airport"": ""AMS"", ""date"": ""2027-02-24"", ""sla"": ""S3""}",True,3,Set up economy routing for the Amsterdam visit dated 2027-02-24.,52,3,1,8
17,{'dispatch': True},1506.9702279288322,1,isolated,"{""dispatch"": ""AMS-20270224-S3""}",True,1,Set up economy routing for the Amsterdam visit dated 2027-02-24.,52,1,2,128
17,{'dispatch': True},276.83012606576085,1,isolated,"{""dispatch"": ""AMS-20270224-S3""}",True,1,Set up economy routing for the Amsterdam visit dated 2027-02-24.,52,1,2,8
17,"{'city': True, 'date': True, 'priority': True}",1473.613620037213,2,isolated,"{""city"": ""Amsterdam"", ""date"": ""2027-02-24"", ""priority"": ""economy""}",True,3,Set up economy routing for the Amsterdam visit dated 2027-02-24.,53,3,0,128
17,"{'city': True, 'date': True, 'priority': True}",251.518446020782,2,isolated,"{""city"": ""Amsterdam"", ""date"": ""2027-02-24"", ""priority"": ""economy""}",True,3,Set up economy routing for the Amsterdam visit dated 2027-02-24.,53,3,0,8
17,"{'airport': True, 'sla': True, 'date': True}",1602.5759481126443,2,isolated,"{""airport"": ""AMS"", ""date"": ""2027-02-24"", ""sla"": ""S3""}",True,3,Set up economy routing for the Amsterdam visit dated 2027-02-24.,53,3,1,128
17,"{'airport': True, 'sla': True, 'date': True}",320.8273589843884,2,isolated,"{""airport"": ""AMS"", ""date"": ""2027-02-24"", ""sla"": ""S3""}",True,3,Set up economy routing for the Amsterdam visit dated 2027-02-24.,53,3,1,8
17,{'dispatch': True},1506.755999987945,2,isolated,"{""dispatch"": ""AMS-20270224-S3""}",True,1,Set up economy routing for the Amsterdam visit dated 2027-02-24.,53,1,2,128
17,{'dispatch': True},277.11780893150717,2,isolated,"{""dispatch"": ""AMS-20270224-S3""}",True,1,Set up economy routing for the Amsterdam visit dated 2027-02-24.,53,1,2,8
18,"{'city': True, 'date': True, 'priority': True}",1471.9955930486321,0,isolated,"{""city"": ""Madrid"", ""date"": ""2026-07-07"", ""priority"": ""urgent""}",True,3,Prepare the 2026-07-07 Madrid itinerary with urgent handling.,54,3,0,128
18,"{'city': True, 'date': True, 'priority': True}",251.1128099868074,0,isolated,"{""city"": ""Madrid"", ""date"": ""2026-07-07"", ""priority"": ""urgent""}",True,3,Prepare the 2026-07-07 Madrid itinerary with urgent handling.,54,3,0,8
18,"{'airport': True, 'sla': True, 'date': True}",1602.8226440539584,0,isolated,"{""airport"": ""MAD"", ""date"": ""2026-07-07"", ""sla"": ""S1""}",True,3,Prepare the 2026-07-07 Madrid itinerary with urgent handling.,54,3,1,128
18,"{'airport': True, 'sla': True, 'date': True}",320.70477795787156,0,isolated,"{""airport"": ""MAD"", ""date"": ""2026-07-07"", ""sla"": ""S1""}",True,3,Prepare the 2026-07-07 Madrid itinerary with urgent handling.,54,3,1,8
18,{'dispatch': True},1506.9365809904411,0,isolated,"{""dispatch"": ""MAD-20260707-S1""}",True,1,Prepare the 2026-07-07 Madrid itinerary with urgent handling.,54,1,2,128
18,{'dispatch': True},276.8225820036605,0,isolated,"{""dispatch"": ""MAD-20260707-S1""}",True,1,Prepare the 2026-07-07 Madrid itinerary with urgent handling.,54,1,2,8
18,"{'city': True, 'date': True, 'priority': True}",1472.3340020282194,1,isolated,"{""city"": ""Madrid"", ""date"": ""2026-07-07"", ""priority"": ""urgent""}",True,3,Prepare the 2026-07-07 Madrid itinerary with urgent handling.,55,3,0,128
18,"{'city': True, 'date': True, 'priority': True}",250.73993497062474,1,isolated,"{""city"": ""Madrid"", ""date"": ""2026-07-07"", ""priority"": ""urgent""}",True,3,Prepare the 2026-07-07 Madrid itinerary with urgent handling.,55,3,0,8
18,"{'airport': True, 'sla': True, 'date': True}",1602.617495926097,1,isolated,"{""airport"": ""MAD"", ""date"": ""2026-07-07"", ""sla"": ""S1""}",True,3,Prepare the 2026-07-07 Madrid itinerary with urgent handling.,55,3,1,128
18,"{'airport': True, 'sla': True, 'date': True}",321.3551469380036,1,isolated,"{""airport"": ""MAD"", ""date"": ""2026-07-07"", ""sla"": ""S1""}",True,3,Prepare the 2026-07-07 Madrid itinerary with urgent handling.,55,3,1,8
18,{'dispatch': True},1507.205398986116,1,isolated,"{""dispatch"": ""MAD-20260707-S1""}",True,1,Prepare the 2026-07-07 Madrid itinerary with urgent handling.,55,1,2,128
18,{'dispatch': True},276.36809297837317,1,isolated,"{""dispatch"": ""MAD-20260707-S1""}",True,1,Prepare the 2026-07-07 Madrid itinerary with urgent handling.,55,1,2,8
18,"{'city': True, 'date': True, 'priority': True}",1471.809783950448,2,isolated,"{""city"": ""Madrid"", ""date"": ""2026-07-07"", ""priority"": ""urgent""}",True,3,Prepare the 2026-07-07 Madrid itinerary with urgent handling.,56,3,0,128
18,"{'city': True, 'date': True, 'priority': True}",250.70559105370194,2,isolated,"{""city"": ""Madrid"", ""date"": ""2026-07-07"", ""priority"": ""urgent""}",True,3,Prepare the 2026-07-07 Madrid itinerary with urgent handling.,56,3,0,8
18,"{'airport': True, 'sla': True, 'date': True}",1602.7814010158181,2,isolated,"{""airport"": ""MAD"", ""date"": ""2026-07-07"", ""sla"": ""S1""}",True,3,Prepare the 2026-07-07 Madrid itinerary with urgent handling.,56,3,1,128
18,"{'airport': True, 'sla': True, 'date': True}",321.0373129695654,2,isolated,"{""airport"": ""MAD"", ""date"": ""2026-07-07"", ""sla"": ""S1""}",True,3,Prepare the 2026-07-07 Madrid itinerary with urgent handling.,56,3,1,8
18,{'dispatch': True},1507.9166820505634,2,isolated,"{""dispatch"": ""MAD-20260707-S1""}",True,1,Prepare the 2026-07-07 Madrid itinerary with urgent handling.,56,1,2,128
18,{'dispatch': True},277.2499379934743,2,isolated,"{""dispatch"": ""MAD-20260707-S1""}",True,1,Prepare the 2026-07-07 Madrid itinerary with urgent handling.,56,1,2,8
19,"{'city': True, 'date': True, 'priority': True}",1472.964043961838,0,isolated,"{""city"": ""Rome"", ""date"": ""2027-12-14"", ""priority"": ""standard""}",True,3,Open a standard trip ticket to Rome for 2027-12-14.,57,3,0,128
19,"{'city': True, 'date': True, 'priority': True}",251.2940129963681,0,isolated,"{""city"": ""Rome"", ""date"": ""2027-12-14"", ""priority"": ""standard""}",True,3,Open a standard trip ticket to Rome for 2027-12-14.,57,3,0,8
19,"{'airport': True, 'sla': True, 'date': True}",1602.5833470048383,0,isolated,"{""airport"": ""FCO"", ""date"": ""2027-12-14"", ""sla"": ""S2""}",True,3,Open a standard trip ticket to Rome for 2027-12-14.,57,3,1,128
19,"{'airport': True, 'sla': True, 'date': True}",321.1549948900938,0,isolated,"{""airport"": ""FCO"", ""date"": ""2027-12-14"", ""sla"": ""S2""}",True,3,Open a standard trip ticket to Rome for 2027-12-14.,57,3,1,8
19,{'dispatch': True},1507.6340889791027,0,isolated,"{""dispatch"": ""FCO-20271214-S2""}",True,1,Open a standard trip ticket to Rome for 2027-12-14.,57,1,2,128
19,{'dispatch': False},277.51392603386194,0,isolated,"{""dispatch"": ""FCO-271412-S2""}",False,0,Open a standard trip ticket to Rome for 2027-12-14.,57,1,2,8
19,"{'city': True, 'date': True, 'priority': True}",1472.90478204377,1,isolated,"{""city"": ""Rome"", ""date"": ""2027-12-14"", ""priority"": ""standard""}",True,3,Open a standard trip ticket to Rome for 2027-12-14.,58,3,0,128
19,"{'city': True, 'date': True, 'priority': True}",251.396034960635,1,isolated,"{""city"": ""Rome"", ""date"": ""2027-12-14"", ""priority"": ""standard""}",True,3,Open a standard trip ticket to Rome for 2027-12-14.,58,3,0,8
19,"{'airport': True, 'sla': True, 'date': True}",1602.1384469931945,1,isolated,"{""airport"": ""FCO"", ""date"": ""2027-12-14"", ""sla"": ""S2""}",True,3,Open a standard trip ticket to Rome for 2027-12-14.,58,3,1,128
19,"{'airport': True, 'sla': True, 'date': True}",320.8597570192069,1,isolated,"{""airport"": ""FCO"", ""date"": ""2027-12-14"", ""sla"": ""S2""}",True,3,Open a standard trip ticket to Rome for 2027-12-14.,58,3,1,8
19,{'dispatch': True},1507.5344300130382,1,isolated,"{""dispatch"": ""FCO-20271214-S2""}",True,1,Open a standard trip ticket to Rome for 2027-12-14.,58,1,2,128
19,{'dispatch': False},277.0012579858303,1,isolated,"{""dispatch"": ""FCO-271412-S2""}",False,0,Open a standard trip ticket to Rome for 2027-12-14.,58,1,2,8
19,"{'city': True, 'date': True, 'priority': True}",1472.8298290865496,2,isolated,"{""city"": ""Rome"", ""date"": ""2027-12-14"", ""priority"": ""standard""}",True,3,Open a standard trip ticket to Rome for 2027-12-14.,59,3,0,128
19,"{'city': True, 'date': True, 'priority': True}",251.00538600236177,2,isolated,"{""city"": ""Rome"", ""date"": ""2027-12-14"", ""priority"": ""standard""}",True,3,Open a standard trip ticket to Rome for 2027-12-14.,59,3,0,8
19,"{'airport': True, 'sla': True, 'date': True}",1604.202392976731,2,isolated,"{""airport"": ""FCO"", ""date"": ""2027-12-14"", ""sla"": ""S2""}",True,3,Open a standard trip ticket to Rome for 2027-12-14.,59,3,1,128
19,"{'airport': True, 'sla': True, 'date': True}",321.20160094927996,2,isolated,"{""airport"": ""FCO"", ""date"": ""2027-12-14"", ""sla"": ""S2""}",True,3,Open a standard trip ticket to Rome for 2027-12-14.,59,3,1,8
19,{'dispatch': True},1509.4362209783867,2,isolated,"{""dispatch"": ""FCO-20271214-S2""}",True,1,Open a standard trip ticket to Rome for 2027-12-14.,59,1,2,128
19,{'dispatch': False},276.86184202320874,2,isolated,"{""dispatch"": ""FCO-271412-S2""}",False,0,Open a standard trip ticket to Rome for 2027-12-14.,59,1,2,8
