args_correct,detected_tool,generation_ms,num_stages,prompt,ready,request_index,stage_index,steps,target_args,target_tool,tool_correct
True,flight_search,2932.0747209712863,3,"Prepare for the Seoul visit: find flights from DFW to FCO on 2026-01-03, check weather in Seoul on 2026-01-01, and check weather in Rome on 2026-01-03.",True,0,0,128,"{""date"": ""2026-01-03"", ""destination"": ""FCO"", ""origin"": ""DFW""}",flight_search,True
False,flight_search,179.7130840132013,3,"Prepare for the Seoul visit: find flights from DFW to FCO on 2026-01-03, check weather in Seoul on 2026-01-01, and check weather in Rome on 2026-01-03.",False,0,0,4,"{""date"": ""2026-01-03"", ""destination"": ""FCO"", ""origin"": ""DFW""}",flight_search,True
True,weather,2323.6930010607466,3,"Prepare for the Seoul visit: find flights from DFW to FCO on 2026-01-03, check weather in Seoul on 2026-01-01, and check weather in Rome on 2026-01-03.",True,0,1,128,"{""date"": ""2026-01-01"", ""location"": ""Seoul""}",weather,True
True,weather,162.51466900575906,3,"Prepare for the Seoul visit: find flights from DFW to FCO on 2026-01-03, check weather in Seoul on 2026-01-01, and check weather in Rome on 2026-01-03.",True,0,1,4,"{""date"": ""2026-01-01"", ""location"": ""Seoul""}",weather,True
True,weather,2037.0117500424385,3,"Prepare for the Seoul visit: find flights from DFW to FCO on 2026-01-03, check weather in Seoul on 2026-01-01, and check weather in Rome on 2026-01-03.",True,0,2,128,"{""date"": ""2026-01-03"", ""location"": ""Rome""}",weather,True
True,weather,163.36079500615597,3,"Prepare for the Seoul visit: find flights from DFW to FCO on 2026-01-03, check weather in Seoul on 2026-01-01, and check weather in Rome on 2026-01-03.",True,0,2,4,"{""date"": ""2026-01-03"", ""location"": ""Rome""}",weather,True
True,flight_search,2040.9380960045382,3,"Plan the Tokyo trip: find flights from JFK to BER on 2027-06-10, list ops calendar events from 2027-06-08 to 2027-06-10 with keyword interview, and find flights from DFW to NRT on 2027-06-07.",True,1,0,128,"{""date"": ""2027-06-10"", ""destination"": ""BER"", ""origin"": ""JFK""}",flight_search,True
True,flight_search,164.55580899491906,3,"Plan the Tokyo trip: find flights from JFK to BER on 2027-06-10, list ops calendar events from 2027-06-08 to 2027-06-10 with keyword interview, and find flights from DFW to NRT on 2027-06-07.",True,1,0,4,"{""date"": ""2027-06-10"", ""destination"": ""BER"", ""origin"": ""JFK""}",flight_search,True
True,calendar_api,2078.3795609604567,3,"Plan the Tokyo trip: find flights from JFK to BER on 2027-06-10, list ops calendar events from 2027-06-08 to 2027-06-10 with keyword interview, and find flights from DFW to NRT on 2027-06-07.",True,1,1,128,"{""calendar"": ""ops"", ""end_date"": ""2027-06-10"", ""keyword"": ""interview"", ""start_date"": ""2027-06-08""}",calendar_api,True
True,calendar_api,184.28178306203336,3,"Plan the Tokyo trip: find flights from JFK to BER on 2027-06-10, list ops calendar events from 2027-06-08 to 2027-06-10 with keyword interview, and find flights from DFW to NRT on 2027-06-07.",True,1,1,4,"{""calendar"": ""ops"", ""end_date"": ""2027-06-10"", ""keyword"": ""interview"", ""start_date"": ""2027-06-08""}",calendar_api,True
True,flight_search,2066.106057027355,3,"Plan the Tokyo trip: find flights from JFK to BER on 2027-06-10, list ops calendar events from 2027-06-08 to 2027-06-10 with keyword interview, and find flights from DFW to NRT on 2027-06-07.",True,1,2,128,"{""date"": ""2027-06-07"", ""destination"": ""NRT"", ""origin"": ""DFW""}",flight_search,True
True,flight_search,183.97428293246776,3,"Plan the Tokyo trip: find flights from JFK to BER on 2027-06-10, list ops calendar events from 2027-06-08 to 2027-06-10 with keyword interview, and find flights from DFW to NRT on 2027-06-07.",True,1,2,4,"{""date"": ""2027-06-07"", ""destination"": ""NRT"", ""origin"": ""DFW""}",flight_search,True
True,flight_search,2067.9710750700906,3,"Set up the Paris customer meeting: find flights from IAD to CDG on 2026-11-14, find flights from DFW to DXB on 2026-11-17, and check weather in Paris on 2026-11-15.",True,2,0,128,"{""date"": ""2026-11-14"", ""destination"": ""CDG"", ""origin"": ""IAD""}",flight_search,True
True,flight_search,183.68933501187712,3,"Set up the Paris customer meeting: find flights from IAD to CDG on 2026-11-14, find flights from DFW to DXB on 2026-11-17, and check weather in Paris on 2026-11-15.",True,2,0,4,"{""date"": ""2026-11-14"", ""destination"": ""CDG"", ""origin"": ""IAD""}",flight_search,True
True,flight_search,2068.907330976799,3,"Set up the Paris customer meeting: find flights from IAD to CDG on 2026-11-14, find flights from DFW to DXB on 2026-11-17, and check weather in Paris on 2026-11-15.",True,2,1,128,"{""date"": ""2026-11-17"", ""destination"": ""DXB"", ""origin"": ""DFW""}",flight_search,True
True,flight_search,184.04450500383973,3,"Set up the Paris customer meeting: find flights from IAD to CDG on 2026-11-14, find flights from DFW to DXB on 2026-11-17, and check weather in Paris on 2026-11-15.",True,2,1,4,"{""date"": ""2026-11-17"", ""destination"": ""DXB"", ""origin"": ""DFW""}",flight_search,True
True,weather,2047.4515940295532,3,"Set up the Paris customer meeting: find flights from IAD to CDG on 2026-11-14, find flights from DFW to DXB on 2026-11-17, and check weather in Paris on 2026-11-15.",True,2,2,128,"{""date"": ""2026-11-15"", ""location"": ""Paris""}",weather,True
True,weather,166.11230501439422,3,"Set up the Paris customer meeting: find flights from IAD to CDG on 2026-11-14, find flights from DFW to DXB on 2026-11-17, and check weather in Paris on 2026-11-15.",True,2,2,4,"{""date"": ""2026-11-15"", ""location"": ""Paris""}",weather,True
True,flight_search,2072.527952026576,3,"Organize the Austin project stop: find flights from JFK to BOS on 2027-04-24, check weather in Boston on 2027-04-24, and check weather in Austin on 2027-04-22.",True,3,0,128,"{""date"": ""2027-04-24"", ""destination"": ""BOS"", ""origin"": ""JFK""}",flight_search,True
False,flight_search,185.16135192476213,3,"Organize the Austin project stop: find flights from JFK to BOS on 2027-04-24, check weather in Boston on 2027-04-24, and check weather in Austin on 2027-04-22.",False,3,0,4,"{""date"": ""2027-04-24"", ""destination"": ""BOS"", ""origin"": ""JFK""}",flight_search,True
True,weather,2050.0024859793484,3,"Organize the Austin project stop: find flights from JFK to BOS on 2027-04-24, check weather in Boston on 2027-04-24, and check weather in Austin on 2027-04-22.",True,3,1,128,"{""date"": ""2027-04-24"", ""location"": ""Boston""}",weather,True
True,weather,165.48037307802588,3,"Organize the Austin project stop: find flights from JFK to BOS on 2027-04-24, check weather in Boston on 2027-04-24, and check weather in Austin on 2027-04-22.",True,3,1,4,"{""date"": ""2027-04-24"", ""location"": ""Boston""}",weather,True
True,weather,2051.013023010455,3,"Organize the Austin project stop: find flights from JFK to BOS on 2027-04-24, check weather in Boston on 2027-04-24, and check weather in Austin on 2027-04-22.",True,3,2,128,"{""date"": ""2027-04-22"", ""location"": ""Austin""}",weather,True
True,weather,165.58822698425502,3,"Organize the Austin project stop: find flights from JFK to BOS on 2027-04-24, check weather in Boston on 2027-04-24, and check weather in Austin on 2027-04-22.",True,3,2,4,"{""date"": ""2027-04-22"", ""location"": ""Austin""}",weather,True
True,weather,2055.626697023399,3,"Prepare the London partner update: check weather in Toronto on 2026-09-07, fetch CRM contacts at company SAP with role manager in city London, and check weather in London on 2026-09-05.",True,4,0,128,"{""date"": ""2026-09-07"", ""location"": ""Toronto""}",weather,True
True,weather,166.9095599791035,3,"Prepare the London partner update: check weather in Toronto on 2026-09-07, fetch CRM contacts at company SAP with role manager in city London, and check weather in London on 2026-09-05.",True,4,0,4,"{""date"": ""2026-09-07"", ""location"": ""Toronto""}",weather,True
True,crm_api,2051.715277018957,3,"Prepare the London partner update: check weather in Toronto on 2026-09-07, fetch CRM contacts at company SAP with role manager in city London, and check weather in London on 2026-09-05.",True,4,1,128,"{""city"": ""London"", ""company"": ""SAP"", ""role"": ""manager""}",crm_api,True
True,crm_api,165.84651404991746,3,"Prepare the London partner update: check weather in Toronto on 2026-09-07, fetch CRM contacts at company SAP with role manager in city London, and check weather in London on 2026-09-05.",True,4,1,4,"{""city"": ""London"", ""company"": ""SAP"", ""role"": ""manager""}",crm_api,True
True,weather,2056.103880982846,3,"Prepare the London partner update: check weather in Toronto on 2026-09-07, fetch CRM contacts at company SAP with role manager in city London, and check weather in London on 2026-09-05.",True,4,2,128,"{""date"": ""2026-09-05"", ""location"": ""London""}",weather,True
True,weather,166.63999599404633,3,"Prepare the London partner update: check weather in Toronto on 2026-09-07, fetch CRM contacts at company SAP with role manager in city London, and check weather in London on 2026-09-05.",True,4,2,4,"{""date"": ""2026-09-05"", ""location"": ""London""}",weather,True
True,weather,2057.683496037498,3,"Prepare for the Amsterdam visit: check weather in Amsterdam on 2027-02-12, find flights from JFK to SIN on 2027-02-14, and find flights from ATL to AMS on 2027-02-11.",True,5,0,128,"{""date"": ""2027-02-12"", ""location"": ""Amsterdam""}",weather,True
False,weather,167.21949900966138,3,"Prepare for the Amsterdam visit: check weather in Amsterdam on 2027-02-12, find flights from JFK to SIN on 2027-02-14, and find flights from ATL to AMS on 2027-02-11.",False,5,0,4,"{""date"": ""2027-02-12"", ""location"": ""Amsterdam""}",weather,True
True,flight_search,2058.7912460323423,3,"Prepare for the Amsterdam visit: check weather in Amsterdam on 2027-02-12, find flights from JFK to SIN on 2027-02-14, and find flights from ATL to AMS on 2027-02-11.",True,5,1,128,"{""date"": ""2027-02-14"", ""destination"": ""SIN"", ""origin"": ""JFK""}",flight_search,True
False,flight_search,168.18191390484571,3,"Prepare for the Amsterdam visit: check weather in Amsterdam on 2027-02-12, find flights from JFK to SIN on 2027-02-14, and find flights from ATL to AMS on 2027-02-11.",False,5,1,4,"{""date"": ""2027-02-14"", ""destination"": ""SIN"", ""origin"": ""JFK""}",flight_search,True
True,flight_search,2062.0703919557855,3,"Prepare for the Amsterdam visit: check weather in Amsterdam on 2027-02-12, find flights from JFK to SIN on 2027-02-14, and find flights from ATL to AMS on 2027-02-11.",True,5,2,128,"{""date"": ""2027-02-11"", ""destination"": ""AMS"", ""origin"": ""ATL""}",flight_search,True
False,flight_search,167.48864599503577,3,"Prepare for the Amsterdam visit: check weather in Amsterdam on 2027-02-12, find flights from JFK to SIN on 2027-02-14, and find flights from ATL to AMS on 2027-02-11.",False,5,2,4,"{""date"": ""2027-02-11"", ""destination"": ""AMS"", ""origin"": ""ATL""}",flight_search,True
True,flight_search,2063.5303260060027,3,"Plan the Madrid trip: find flights from JFK to MAD on 2026-07-18, check weather in Sydney on 2026-07-21, and check weather in Madrid on 2026-07-19.",True,6,0,128,"{""date"": ""2026-07-18"", ""destination"": ""MAD"", ""origin"": ""JFK""}",flight_search,True
False,flight_search,167.88101592101157,3,"Plan the Madrid trip: find flights from JFK to MAD on 2026-07-18, check weather in Sydney on 2026-07-21, and check weather in Madrid on 2026-07-19.",False,6,0,4,"{""date"": ""2026-07-18"", ""destination"": ""MAD"", ""origin"": ""JFK""}",flight_search,True
True,weather,2060.182210057974,3,"Plan the Madrid trip: find flights from JFK to MAD on 2026-07-18, check weather in Sydney on 2026-07-21, and check weather in Madrid on 2026-07-19.",True,6,1,128,"{""date"": ""2026-07-21"", ""location"": ""Sydney""}",weather,True
True,weather,168.04042807780206,3,"Plan the Madrid trip: find flights from JFK to MAD on 2026-07-18, check weather in Sydney on 2026-07-21, and check weather in Madrid on 2026-07-19.",True,6,1,4,"{""date"": ""2026-07-21"", ""location"": ""Sydney""}",weather,True
True,weather,2062.646087957546,3,"Plan the Madrid trip: find flights from JFK to MAD on 2026-07-18, check weather in Sydney on 2026-07-21, and check weather in Madrid on 2026-07-19.",True,6,2,128,"{""date"": ""2026-07-19"", ""location"": ""Madrid""}",weather,True
True,weather,168.13892300706357,3,"Plan the Madrid trip: find flights from JFK to MAD on 2026-07-18, check weather in Sydney on 2026-07-21, and check weather in Madrid on 2026-07-19.",True,6,2,4,"{""date"": ""2026-07-19"", ""location"": ""Madrid""}",weather,True
True,weather,2063.7569839600474,3,"Set up the Rome customer meeting: check weather in Zurich on 2027-12-04, find flights from BOS to FCO on 2027-12-01, and fetch CRM contacts at company Stripe with role director in city Rome.",True,7,0,128,"{""date"": ""2027-12-04"", ""location"": ""Zurich""}",weather,True
False,weather,168.4708489337936,3,"Set up the Rome customer meeting: check weather in Zurich on 2027-12-04, find flights from BOS to FCO on 2027-12-01, and fetch CRM contacts at company Stripe with role director in city Rome.",False,7,0,4,"{""date"": ""2027-12-04"", ""location"": ""Zurich""}",weather,True
True,flight_search,2085.672165034339,3,"Set up the Rome customer meeting: check weather in Zurich on 2027-12-04, find flights from BOS to FCO on 2027-12-01, and fetch CRM contacts at company Stripe with role director in city Rome.",True,7,1,128,"{""date"": ""2027-12-01"", ""destination"": ""FCO"", ""origin"": ""BOS""}",flight_search,True
True,flight_search,187.58160003926605,3,"Set up the Rome customer meeting: check weather in Zurich on 2027-12-04, find flights from BOS to FCO on 2027-12-01, and fetch CRM contacts at company Stripe with role director in city Rome.",True,7,1,4,"{""date"": ""2027-12-01"", ""destination"": ""FCO"", ""origin"": ""BOS""}",flight_search,True
True,crm_api,2059.825227013789,3,"Set up the Rome customer meeting: check weather in Zurich on 2027-12-04, find flights from BOS to FCO on 2027-12-01, and fetch CRM contacts at company Stripe with role director in city Rome.",True,7,2,128,"{""city"": ""Rome"", ""company"": ""Stripe"", ""role"": ""director""}",crm_api,True
False,crm_api,167.77779208496213,3,"Set up the Rome customer meeting: check weather in Zurich on 2027-12-04, find flights from BOS to FCO on 2027-12-01, and fetch CRM contacts at company Stripe with role director in city Rome.",False,7,2,4,"{""city"": ""Rome"", ""company"": ""Stripe"", ""role"": ""director""}",crm_api,True
True,flight_search,2089.908597059548,3,"Organize the Berlin project stop: find flights from MIA to BER on 2026-05-08, fetch CRM contacts at company Toyota with role analyst in city Berlin, and list research calendar events from 2026-05-09 to 2026-05-11 with keyword interview.",True,8,0,128,"{""date"": ""2026-05-08"", ""destination"": ""BER"", ""origin"": ""MIA""}",flight_search,True
False,flight_search,188.05320002138615,3,"Organize the Berlin project stop: find flights from MIA to BER on 2026-05-08, fetch CRM contacts at company Toyota with role analyst in city Berlin, and list research calendar events from 2026-05-09 to 2026-05-11 with keyword interview.",False,8,0,4,"{""date"": ""2026-05-08"", ""destination"": ""BER"", ""origin"": ""MIA""}",flight_search,True
True,crm_api,2062.9411140689626,3,"Organize the Berlin project stop: find flights from MIA to BER on 2026-05-08, fetch CRM contacts at company Toyota with role analyst in city Berlin, and list research calendar events from 2026-05-09 to 2026-05-11 with keyword interview.",True,8,1,128,"{""city"": ""Berlin"", ""company"": ""Toyota"", ""role"": ""analyst""}",crm_api,True
True,crm_api,168.33718703128397,3,"Organize the Berlin project stop: find flights from MIA to BER on 2026-05-08, fetch CRM contacts at company Toyota with role analyst in city Berlin, and list research calendar events from 2026-05-09 to 2026-05-11 with keyword interview.",True,8,1,4,"{""city"": ""Berlin"", ""company"": ""Toyota"", ""role"": ""analyst""}",crm_api,True
True,calendar_api,2101.760686025955,3,"Organize the Berlin project stop: find flights from MIA to BER on 2026-05-08, fetch CRM contacts at company Toyota with role analyst in city Berlin, and list research calendar events from 2026-05-09 to 2026-05-11 with keyword interview.",True,8,2,128,"{""calendar"": ""research"", ""end_date"": ""2026-05-11"", ""keyword"": ""interview"", ""start_date"": ""2026-05-09""}",calendar_api,True
False,calendar_api,189.62688907049596,3,"Organize the Berlin project stop: find flights from MIA to BER on 2026-05-08, fetch CRM contacts at company Toyota with role analyst in city Berlin, and list research calendar events from 2026-05-09 to 2026-05-11 with keyword interview.",False,8,2,4,"{""calendar"": ""research"", ""end_date"": ""2026-05-11"", ""keyword"": ""interview"", ""start_date"": ""2026-05-09""}",calendar_api,True
True,weather,2068.9814690267667,3,"Prepare the Dubai partner update: check weather in Dubai on 2027-10-16, find flights from LAX to DXB on 2027-10-15, and fetch CRM contacts at company Airbus with role recruiter in city Dubai.",True,9,0,128,"{""date"": ""2027-10-16"", ""location"": ""Dubai""}",weather,True
True,weather,169.09117996692657,3,"Prepare the Dubai partner update: check weather in Dubai on 2027-10-16, find flights from LAX to DXB on 2027-10-15, and fetch CRM contacts at company Airbus with role recruiter in city Dubai.",True,9,0,4,"{""date"": ""2027-10-16"", ""location"": ""Dubai""}",weather,True
True,flight_search,2090.2399020269513,3,"Prepare the Dubai partner update: check weather in Dubai on 2027-10-16, find flights from LAX to DXB on 2027-10-15, and fetch CRM contacts at company Airbus with role recruiter in city Dubai.",True,9,1,128,"{""date"": ""2027-10-15"", ""destination"": ""DXB"", ""origin"": ""LAX""}",flight_search,True
False,flight_search,188.3066580630839,3,"Prepare the Dubai partner update: check weather in Dubai on 2027-10-16, find flights from LAX to DXB on 2027-10-15, and fetch CRM contacts at company Airbus with role recruiter in city Dubai.",False,9,1,4,"{""date"": ""2027-10-15"", ""destination"": ""DXB"", ""origin"": ""LAX""}",flight_search,True
True,crm_api,2063.67752305232,3,"Prepare the Dubai partner update: check weather in Dubai on 2027-10-16, find flights from LAX to DXB on 2027-10-15, and fetch CRM contacts at company Airbus with role recruiter in city Dubai.",True,9,2,128,"{""city"": ""Dubai"", ""company"": ""Airbus"", ""role"": ""recruiter""}",crm_api,True
False,crm_api,168.44465991016477,3,"Prepare the Dubai partner update: check weather in Dubai on 2027-10-16, find flights from LAX to DXB on 2027-10-15, and fetch CRM contacts at company Airbus with role recruiter in city Dubai.",False,9,2,4,"{""city"": ""Dubai"", ""company"": ""Airbus"", ""role"": ""recruiter""}",crm_api,True
True,calendar_api,2104.5188090065494,3,"Prepare for the Boston visit: list research calendar events from 2026-03-23 to 2026-03-25 with keyword workshop, find flights from DFW to SFO on 2026-03-25, and find flights from SEA to BOS on 2026-03-22.",True,10,0,128,"{""calendar"": ""research"", ""end_date"": ""2026-03-25"", ""keyword"": ""workshop"", ""start_date"": ""2026-03-23""}",calendar_api,True
False,calendar_api,189.87324403133243,3,"Prepare for the Boston visit: list research calendar events from 2026-03-23 to 2026-03-25 with keyword workshop, find flights from DFW to SFO on 2026-03-25, and find flights from SEA to BOS on 2026-03-22.",False,10,0,4,"{""calendar"": ""research"", ""end_date"": ""2026-03-25"", ""keyword"": ""workshop"", ""start_date"": ""2026-03-23""}",calendar_api,True
True,flight_search,2092.7343169460073,3,"Prepare for the Boston visit: list research calendar events from 2026-03-23 to 2026-03-25 with keyword workshop, find flights from DFW to SFO on 2026-03-25, and find flights from SEA to BOS on 2026-03-22.",True,10,1,128,"{""date"": ""2026-03-25"", ""destination"": ""SFO"", ""origin"": ""DFW""}",flight_search,True
True,flight_search,188.94701695535332,3,"Prepare for the Boston visit: list research calendar events from 2026-03-23 to 2026-03-25 with keyword workshop, find flights from DFW to SFO on 2026-03-25, and find flights from SEA to BOS on 2026-03-22.",True,10,1,4,"{""date"": ""2026-03-25"", ""destination"": ""SFO"", ""origin"": ""DFW""}",flight_search,True
True,flight_search,2091.6003780439496,3,"Prepare for the Boston visit: list research calendar events from 2026-03-23 to 2026-03-25 with keyword workshop, find flights from DFW to SFO on 2026-03-25, and find flights from SEA to BOS on 2026-03-22.",True,10,2,128,"{""date"": ""2026-03-22"", ""destination"": ""BOS"", ""origin"": ""SEA""}",flight_search,True
False,flight_search,188.7755630305037,3,"Prepare for the Boston visit: list research calendar events from 2026-03-23 to 2026-03-25 with keyword workshop, find flights from DFW to SFO on 2026-03-25, and find flights from SEA to BOS on 2026-03-22.",False,10,2,4,"{""date"": ""2026-03-22"", ""destination"": ""BOS"", ""origin"": ""SEA""}",flight_search,True
True,flight_search,2093.3859458891675,3,"Plan the Toronto trip: find flights from DFW to YYZ on 2027-08-05, list ops calendar events from 2027-08-06 to 2027-08-08 with keyword review, and check weather in Toronto on 2027-08-06.",True,11,0,128,"{""date"": ""2027-08-05"", ""destination"": ""YYZ"", ""origin"": ""DFW""}",flight_search,True
True,flight_search,189.35747095383704,3,"Plan the Toronto trip: find flights from DFW to YYZ on 2027-08-05, list ops calendar events from 2027-08-06 to 2027-08-08 with keyword review, and check weather in Toronto on 2027-08-06.",True,11,0,4,"{""date"": ""2027-08-05"", ""destination"": ""YYZ"", ""origin"": ""DFW""}",flight_search,True
True,calendar_api,2105.8738339925185,3,"Plan the Toronto trip: find flights from DFW to YYZ on 2027-08-05, list ops calendar events from 2027-08-06 to 2027-08-08 with keyword review, and check weather in Toronto on 2027-08-06.",True,11,1,128,"{""calendar"": ""ops"", ""end_date"": ""2027-08-08"", ""keyword"": ""review"", ""start_date"": ""2027-08-06""}",calendar_api,True
False,calendar_api,189.89401299040765,3,"Plan the Toronto trip: find flights from DFW to YYZ on 2027-08-05, list ops calendar events from 2027-08-06 to 2027-08-08 with keyword review, and check weather in Toronto on 2027-08-06.",False,11,1,4,"{""calendar"": ""ops"", ""end_date"": ""2027-08-08"", ""keyword"": ""review"", ""start_date"": ""2027-08-06""}",calendar_api,True
True,weather,2071.0799479857087,3,"Plan the Toronto trip: find flights from DFW to YYZ on 2027-08-05, list ops calendar events from 2027-08-06 to 2027-08-08 with keyword review, and check weather in Toronto on 2027-08-06.",True,11,2,128,"{""date"": ""2027-08-06"", ""location"": ""Toronto""}",weather,True
True,weather,169.69449806492776,3,"Plan the Toronto trip: find flights from DFW to YYZ on 2027-08-05, list ops calendar events from 2027-08-06 to 2027-08-08 with keyword review, and check weather in Toronto on 2027-08-06.",True,11,2,4,"{""date"": ""2027-08-06"", ""location"": ""Toronto""}",weather,True
True,weather,2072.166647994891,3,"Set up the Singapore customer meeting: check weather in Singapore on 2026-01-13, fetch CRM contacts at company HSBC with role partner in city Singapore, and find flights from DFW to LAX on 2026-01-15.",True,12,0,128,"{""date"": ""2026-01-13"", ""location"": ""Singapore""}",weather,True
True,weather,169.99024502001703,3,"Set up the Singapore customer meeting: check weather in Singapore on 2026-01-13, fetch CRM contacts at company HSBC with role partner in city Singapore, and find flights from DFW to LAX on 2026-01-15.",True,12,0,4,"{""date"": ""2026-01-13"", ""location"": ""Singapore""}",weather,True
True,crm_api,2067.6067660097033,3,"Set up the Singapore customer meeting: check weather in Singapore on 2026-01-13, fetch CRM contacts at company HSBC with role partner in city Singapore, and find flights from DFW to LAX on 2026-01-15.",True,12,1,128,"{""city"": ""Singapore"", ""company"": ""HSBC"", ""role"": ""partner""}",crm_api,True
False,crm_api,169.73652702290565,3,"Set up the Singapore customer meeting: check weather in Singapore on 2026-01-13, fetch CRM contacts at company HSBC with role partner in city Singapore, and find flights from DFW to LAX on 2026-01-15.",False,12,1,4,"{""city"": ""Singapore"", ""company"": ""HSBC"", ""role"": ""partner""}",crm_api,True
True,flight_search,2097.827655961737,3,"Set up the Singapore customer meeting: check weather in Singapore on 2026-01-13, fetch CRM contacts at company HSBC with role partner in city Singapore, and find flights from DFW to LAX on 2026-01-15.",True,12,2,128,"{""date"": ""2026-01-15"", ""destination"": ""LAX"", ""origin"": ""DFW""}",flight_search,True
True,flight_search,190.7364419894293,3,"Set up the Singapore customer meeting: check weather in Singapore on 2026-01-13, fetch CRM contacts at company HSBC with role partner in city Singapore, and find flights from DFW to LAX on 2026-01-15.",True,12,2,4,"{""date"": ""2026-01-15"", ""destination"": ""LAX"", ""origin"": ""DFW""}",flight_search,True
True,calendar_api,2110.2194420527667,3,"Organize the Sydney project stop: list ops calendar events from 2027-06-20 to 2027-06-22 with keyword call, find flights from JFK to ICN on 2027-06-22, and check weather in Seoul on 2027-06-22.",True,13,0,128,"{""calendar"": ""ops"", ""end_date"": ""2027-06-22"", ""keyword"": ""call"", ""start_date"": ""2027-06-20""}",calendar_api,True
True,calendar_api,190.5423360876739,3,"Organize the Sydney project stop: list ops calendar events from 2027-06-20 to 2027-06-22 with keyword call, find flights from JFK to ICN on 2027-06-22, and check weather in Seoul on 2027-06-22.",True,13,0,4,"{""calendar"": ""ops"", ""end_date"": ""2027-06-22"", ""keyword"": ""call"", ""start_date"": ""2027-06-20""}",calendar_api,True
True,flight_search,2098.8585100276396,3,"Organize the Sydney project stop: list ops calendar events from 2027-06-20 to 2027-06-22 with keyword call, find flights from JFK to ICN on 2027-06-22, and check weather in Seoul on 2027-06-22.",True,13,1,128,"{""date"": ""2027-06-22"", ""destination"": ""ICN"", ""origin"": ""JFK""}",flight_search,True
False,flight_search,189.96068905107677,3,"Organize the Sydney project stop: list ops calendar events from 2027-06-20 to 2027-06-22 with keyword call, find flights from JFK to ICN on 2027-06-22, and check weather in Seoul on 2027-06-22.",False,13,1,4,"{""date"": ""2027-06-22"", ""destination"": ""ICN"", ""origin"": ""JFK""}",flight_search,True
True,weather,2075.149073963985,3,"Organize the Sydney project stop: list ops calendar events from 2027-06-20 to 2027-06-22 with keyword call, find flights from JFK to ICN on 2027-06-22, and check weather in Seoul on 2027-06-22.",True,13,2,128,"{""date"": ""2027-06-22"", ""location"": ""Seoul""}",weather,True
False,weather,170.77668907586485,3,"Organize the Sydney project stop: list ops calendar events from 2027-06-20 to 2027-06-22 with keyword call, find flights from JFK to ICN on 2027-06-22, and check weather in Seoul on 2027-06-22.",False,13,2,4,"{""date"": ""2027-06-22"", ""location"": ""Seoul""}",weather,True
True,weather,2077.544503030367,3,"Prepare the Zurich partner update: check weather in Zurich on 2026-11-03, fetch CRM contacts at company SAP with role director in city Zurich, and find flights from DFW to NRT on 2026-11-05.",True,14,0,128,"{""date"": ""2026-11-03"", ""location"": ""Zurich""}",weather,True
True,weather,170.4299149569124,3,"Prepare the Zurich partner update: check weather in Zurich on 2026-11-03, fetch CRM contacts at company SAP with role director in city Zurich, and find flights from DFW to NRT on 2026-11-05.",True,14,0,4,"{""date"": ""2026-11-03"", ""location"": ""Zurich""}",weather,True
True,crm_api,2071.362526039593,3,"Prepare the Zurich partner update: check weather in Zurich on 2026-11-03, fetch CRM contacts at company SAP with role director in city Zurich, and find flights from DFW to NRT on 2026-11-05.",True,14,1,128,"{""city"": ""Zurich"", ""company"": ""SAP"", ""role"": ""director""}",crm_api,True
False,crm_api,169.5072540314868,3,"Prepare the Zurich partner update: check weather in Zurich on 2026-11-03, fetch CRM contacts at company SAP with role director in city Zurich, and find flights from DFW to NRT on 2026-11-05.",False,14,1,4,"{""city"": ""Zurich"", ""company"": ""SAP"", ""role"": ""director""}",crm_api,True
True,flight_search,2099.1669660434127,3,"Prepare the Zurich partner update: check weather in Zurich on 2026-11-03, fetch CRM contacts at company SAP with role director in city Zurich, and find flights from DFW to NRT on 2026-11-05.",True,14,2,128,"{""date"": ""2026-11-05"", ""destination"": ""NRT"", ""origin"": ""DFW""}",flight_search,True
False,flight_search,189.9015160743147,3,"Prepare the Zurich partner update: check weather in Zurich on 2026-11-03, fetch CRM contacts at company SAP with role director in city Zurich, and find flights from DFW to NRT on 2026-11-05.",False,14,2,4,"{""date"": ""2026-11-05"", ""destination"": ""NRT"", ""origin"": ""DFW""}",flight_search,True
True,crm_api,2073.7327659735456,3,"Prepare for the Chicago visit: fetch CRM contacts at company Emirates with role analyst in city Chicago, check weather in Chicago on 2027-04-10, and list ops calendar events from 2027-04-10 to 2027-04-12 with keyword interview.",True,15,0,128,"{""city"": ""Chicago"", ""company"": ""Emirates"", ""role"": ""analyst""}",crm_api,True
False,crm_api,169.1808789037168,3,"Prepare for the Chicago visit: fetch CRM contacts at company Emirates with role analyst in city Chicago, check weather in Chicago on 2027-04-10, and list ops calendar events from 2027-04-10 to 2027-04-12 with keyword interview.",False,15,0,4,"{""city"": ""Chicago"", ""company"": ""Emirates"", ""role"": ""analyst""}",crm_api,True
True,weather,2075.103012030013,3,"Prepare for the Chicago visit: fetch CRM contacts at company Emirates with role analyst in city Chicago, check weather in Chicago on 2027-04-10, and list ops calendar events from 2027-04-10 to 2027-04-12 with keyword interview.",True,15,1,128,"{""date"": ""2027-04-10"", ""location"": ""Chicago""}",weather,True
True,weather,170.3284929972142,3,"Prepare for the Chicago visit: fetch CRM contacts at company Emirates with role analyst in city Chicago, check weather in Chicago on 2027-04-10, and list ops calendar events from 2027-04-10 to 2027-04-12 with keyword interview.",True,15,1,4,"{""date"": ""2027-04-10"", ""location"": ""Chicago""}",weather,True
True,calendar_api,2111.693146987818,3,"Prepare for the Chicago visit: fetch CRM contacts at company Emirates with role analyst in city Chicago, check weather in Chicago on 2027-04-10, and list ops calendar events from 2027-04-10 to 2027-04-12 with keyword interview.",True,15,2,128,"{""calendar"": ""ops"", ""end_date"": ""2027-04-12"", ""keyword"": ""interview"", ""start_date"": ""2027-04-10""}",calendar_api,True
True,calendar_api,191.19529705494642,3,"Prepare for the Chicago visit: fetch CRM contacts at company Emirates with role analyst in city Chicago, check weather in Chicago on 2027-04-10, and list ops calendar events from 2027-04-10 to 2027-04-12 with keyword interview.",True,15,2,4,"{""calendar"": ""ops"", ""end_date"": ""2027-04-12"", ""keyword"": ""interview"", ""start_date"": ""2027-04-10""}",calendar_api,True
True,flight_search,2100.396384950727,3,"Plan the New York trip: find flights from DFW to AUS on 2026-09-19, check weather in Austin on 2026-09-19, and list research calendar events from 2026-09-17 to 2026-09-19 with keyword demo.",True,16,0,128,"{""date"": ""2026-09-19"", ""destination"": ""AUS"", ""origin"": ""DFW""}",flight_search,True
False,flight_search,190.2464870363474,3,"Plan the New York trip: find flights from DFW to AUS on 2026-09-19, check weather in Austin on 2026-09-19, and list research calendar events from 2026-09-17 to 2026-09-19 with keyword demo.",False,16,0,4,"{""date"": ""2026-09-19"", ""destination"": ""AUS"", ""origin"": ""DFW""}",flight_search,True
True,weather,2076.3467269716784,3,"Plan the New York trip: find flights from DFW to AUS on 2026-09-19, check weather in Austin on 2026-09-19, and list research calendar events from 2026-09-17 to 2026-09-19 with keyword demo.",True,16,1,128,"{""date"": ""2026-09-19"", ""location"": ""Austin""}",weather,True
True,weather,170.65110197290778,3,"Plan the New York trip: find flights from DFW to AUS on 2026-09-19, check weather in Austin on 2026-09-19, and list research calendar events from 2026-09-17 to 2026-09-19 with keyword demo.",True,16,1,4,"{""date"": ""2026-09-19"", ""location"": ""Austin""}",weather,True
True,calendar_api,2111.2732340116054,3,"Plan the New York trip: find flights from DFW to AUS on 2026-09-19, check weather in Austin on 2026-09-19, and list research calendar events from 2026-09-17 to 2026-09-19 with keyword demo.",True,16,2,128,"{""calendar"": ""research"", ""end_date"": ""2026-09-19"", ""keyword"": ""demo"", ""start_date"": ""2026-09-17""}",calendar_api,True
False,calendar_api,191.35382596869022,3,"Plan the New York trip: find flights from DFW to AUS on 2026-09-19, check weather in Austin on 2026-09-19, and list research calendar events from 2026-09-17 to 2026-09-19 with keyword demo.",False,16,2,4,"{""calendar"": ""research"", ""end_date"": ""2026-09-19"", ""keyword"": ""demo"", ""start_date"": ""2026-09-17""}",calendar_api,True
True,weather,2077.4916069349274,3,"Set up the San Francisco customer meeting: check weather in London on 2027-02-26, find flights from BOS to SFO on 2027-02-23, and check weather in San Francisco on 2027-02-24.",True,17,0,128,"{""date"": ""2027-02-26"", ""location"": ""London""}",weather,True
True,weather,170.9920350695029,3,"Set up the San Francisco customer meeting: check weather in London on 2027-02-26, find flights from BOS to SFO on 2027-02-23, and check weather in San Francisco on 2027-02-24.",True,17,0,4,"{""date"": ""2027-02-26"", ""location"": ""London""}",weather,True
True,flight_search,2100.501553970389,3,"Set up the San Francisco customer meeting: check weather in London on 2027-02-26, find flights from BOS to SFO on 2027-02-23, and check weather in San Francisco on 2027-02-24.",True,17,1,128,"{""date"": ""2027-02-23"", ""destination"": ""SFO"", ""origin"": ""BOS""}",flight_search,True
True,flight_search,191.00937608163804,3,"Set up the San Francisco customer meeting: check weather in London on 2027-02-26, find flights from BOS to SFO on 2027-02-23, and check weather in San Francisco on 2027-02-24.",True,17,1,4,"{""date"": ""2027-02-23"", ""destination"": ""SFO"", ""origin"": ""BOS""}",flight_search,True
True,weather,2078.579770051874,3,"Set up the San Francisco customer meeting: check weather in London on 2027-02-26, find flights from BOS to SFO on 2027-02-23, and check weather in San Francisco on 2027-02-24.",True,17,2,128,"{""date"": ""2027-02-24"", ""location"": ""San Francisco""}",weather,True
True,weather,171.7192669166252,3,"Set up the San Francisco customer meeting: check weather in London on 2027-02-26, find flights from BOS to SFO on 2027-02-23, and check weather in San Francisco on 2027-02-24.",True,17,2,4,"{""date"": ""2027-02-24"", ""location"": ""San Francisco""}",weather,True
True,weather,2078.484470024705,3,"Organize the Seattle project stop: check weather in Seattle on 2026-07-07, find flights from MIA to SEA on 2026-07-06, and list research calendar events from 2026-07-07 to 2026-07-09 with keyword review.",True,18,0,128,"{""date"": ""2026-07-07"", ""location"": ""Seattle""}",weather,True
True,weather,170.88301898911595,3,"Organize the Seattle project stop: check weather in Seattle on 2026-07-07, find flights from MIA to SEA on 2026-07-06, and list research calendar events from 2026-07-07 to 2026-07-09 with keyword review.",True,18,0,4,"{""date"": ""2026-07-07"", ""location"": ""Seattle""}",weather,True
True,flight_search,2100.4306899849325,3,"Organize the Seattle project stop: check weather in Seattle on 2026-07-07, find flights from MIA to SEA on 2026-07-06, and list research calendar events from 2026-07-07 to 2026-07-09 with keyword review.",True,18,1,128,"{""date"": ""2026-07-06"", ""destination"": ""SEA"", ""origin"": ""MIA""}",flight_search,True
False,flight_search,190.7169750193134,3,"Organize the Seattle project stop: check weather in Seattle on 2026-07-07, find flights from MIA to SEA on 2026-07-06, and list research calendar events from 2026-07-07 to 2026-07-09 with keyword review.",False,18,1,4,"{""date"": ""2026-07-06"", ""destination"": ""SEA"", ""origin"": ""MIA""}",flight_search,True
True,calendar_api,2111.6155199706554,3,"Organize the Seattle project stop: check weather in Seattle on 2026-07-07, find flights from MIA to SEA on 2026-07-06, and list research calendar events from 2026-07-07 to 2026-07-09 with keyword review.",True,18,2,128,"{""calendar"": ""research"", ""end_date"": ""2026-07-09"", ""keyword"": ""review"", ""start_date"": ""2026-07-07""}",calendar_api,True
False,calendar_api,191.8194240424782,3,"Organize the Seattle project stop: check weather in Seattle on 2026-07-07, find flights from MIA to SEA on 2026-07-06, and list research calendar events from 2026-07-07 to 2026-07-09 with keyword review.",False,18,2,4,"{""calendar"": ""research"", ""end_date"": ""2026-07-09"", ""keyword"": ""review"", ""start_date"": ""2026-07-07""}",calendar_api,True
True,weather,2080.1044459221885,3,"Prepare the Los Angeles partner update: check weather in Los Angeles on 2027-12-14, find flights from JFK to LAX on 2027-12-13, and find flights from JFK to MAD on 2027-12-16.",True,19,0,128,"{""date"": ""2027-12-14"", ""location"": ""Los Angeles""}",weather,True
True,weather,171.07376898638904,3,"Prepare the Los Angeles partner update: check weather in Los Angeles on 2027-12-14, find flights from JFK to LAX on 2027-12-13, and find flights from JFK to MAD on 2027-12-16.",True,19,0,4,"{""date"": ""2027-12-14"", ""location"": ""Los Angeles""}",weather,True
True,flight_search,2100.3361619077623,3,"Prepare the Los Angeles partner update: check weather in Los Angeles on 2027-12-14, find flights from JFK to LAX on 2027-12-13, and find flights from JFK to MAD on 2027-12-16.",True,19,1,128,"{""date"": ""2027-12-13"", ""destination"": ""LAX"", ""origin"": ""JFK""}",flight_search,True
True,flight_search,190.5589560046792,3,"Prepare the Los Angeles partner update: check weather in Los Angeles on 2027-12-14, find flights from JFK to LAX on 2027-12-13, and find flights from JFK to MAD on 2027-12-16.",True,19,1,4,"{""date"": ""2027-12-13"", ""destination"": ""LAX"", ""origin"": ""JFK""}",flight_search,True
True,flight_search,2080.449547036551,3,"Prepare the Los Angeles partner update: check weather in Los Angeles on 2027-12-14, find flights from JFK to LAX on 2027-12-13, and find flights from JFK to MAD on 2027-12-16.",True,19,2,128,"{""date"": ""2027-12-16"", ""destination"": ""MAD"", ""origin"": ""JFK""}",flight_search,True
False,flight_search,171.01701197680086,3,"Prepare the Los Angeles partner update: check weather in Los Angeles on 2027-12-14, find flights from JFK to LAX on 2027-12-13, and find flights from JFK to MAD on 2027-12-16.",False,19,2,4,"{""date"": ""2027-12-16"", ""destination"": ""MAD"", ""origin"": ""JFK""}",flight_search,True
