policy,request_id,arrival_ms,first_start_ms,completion_ms,latency_ms,first_wait_ms,service_ms,inter_iteration_delay_ms,dispatches,canvas,deadline_ms,service_class,slo_miss
arrival_dense,0,0.0,0.0,539.3754010729026,539.3754010729026,0.0,539.3754010729026,0.0,16,32,20000.0,interactive_short,False
arrival_dense,1,3701.1334692950136,3701.1334692950136,4166.786694259639,465.6532249646257,0.0,465.65322496462613,-4.547473508864641e-13,16,32,23701.133469295015,interactive_short,False
arrival_dense,2,6693.351133783693,6693.351133783693,7158.563667761739,465.21253397804685,0.0,465.21253397804685,0.0,16,32,26693.351133783694,interactive_short,False
arrival_dense,3,7213.609648805001,7213.609648805001,7929.1740848223035,715.5644360173028,0.0,715.5644360173028,0.0,16,32,27213.609648805003,interactive_short,False
arrival_dense,4,7278.86315844528,7300.812788768095,8023.219062795984,744.3559043507048,21.94963032281521,722.4062740278896,0.0,16,64,57278.86315844528,interactive_medium,False
arrival_dense,5,8036.859245562617,8036.859245562617,8503.228521555819,466.3692759932019,0.0,466.3692759932019,0.0,16,32,28036.859245562617,interactive_short,False
arrival_dense,6,8660.100911749432,8660.100911749432,9156.747654755272,496.6467430058401,0.0,496.6467430058401,0.0,16,64,58660.10091174943,interactive_medium,False
arrival_dense,7,9134.03533948673,9156.747654755272,9623.062095784953,489.0267562982226,22.712315268541715,466.3144410296809,0.0,16,32,29134.03533948673,interactive_short,False
arrival_dense,8,14860.277949993648,14860.277949993648,15325.374173045308,465.09622305165976,0.0,465.09622305165976,0.0,16,32,34860.277949993644,interactive_short,False
arrival_dense,9,19041.16364301744,19041.16364301744,19507.125634943164,465.96199192572385,0.0,465.96199192572385,0.0,16,32,39041.16364301744,interactive_short,False
arrival_dense,10,19796.89625150117,19796.89625150117,20261.8617696286,464.96551812742837,0.0,464.96551812742837,0.0,16,32,39796.896251501166,interactive_short,False
arrival_dense,11,21927.86258068714,21927.86258068714,22393.750267797946,465.88768711080775,0.0,465.88768711080775,0.0,16,32,41927.86258068714,interactive_short,False
arrival_dense,12,22935.00624338232,22935.00624338232,23400.482577360905,465.4763339785859,0.0,465.4763339785859,0.0,16,32,42935.00624338232,interactive_short,False
arrival_dense,13,27854.59756969058,27854.59756969058,28320.529203730897,465.93163404031657,0.0,465.93163404031657,0.0,16,32,47854.59756969058,interactive_short,False
arrival_dense,14,29082.721965037814,29082.721965037814,29550.41359204875,467.6916270109359,0.0,467.6916270109359,0.0,16,32,49082.72196503781,interactive_short,False
arrival_dense,15,29698.16547359885,29698.16547359885,30163.85575961401,465.6902860151604,0.0,465.6902860151604,0.0,16,32,49698.16547359885,interactive_short,False
arrival_dense,16,30264.556465194222,30264.556465194222,30730.095623195997,465.5391580017749,0.0,465.5391580017749,0.0,16,32,50264.556465194226,interactive_short,False
arrival_dense,17,31912.746049415626,31912.746049415626,32378.26284746833,465.51679805270396,0.0,465.51679805270396,0.0,16,32,51912.746049415626,interactive_short,False
arrival_dense,18,32522.379747854007,32522.379747854007,33020.28333587821,497.9035880242009,0.0,497.9035880242009,0.0,16,64,82522.37974785401,interactive_medium,False
arrival_dense,19,34279.33903209065,34279.33903209065,34745.32450609273,465.9854740020819,0.0,465.9854740020819,0.0,16,32,54279.33903209065,interactive_short,False
arrival_dense,20,38841.434104668224,38841.434104668224,39339.13670268703,497.70259801880457,0.0,497.70259801880457,0.0,16,64,88841.43410466822,interactive_medium,False
arrival_dense,21,39861.08803365395,39861.08803365395,40327.43735469311,466.3493210391607,0.0,466.3493210391607,0.0,16,32,59861.08803365395,interactive_short,False
arrival_dense,22,40356.26986695478,40356.26986695478,40821.40323088878,465.13336393400095,0.0,465.13336393400095,0.0,16,32,60356.26986695478,interactive_short,False
arrival_dense,23,52369.512732151736,52369.512732151736,52835.59073808657,466.0780059348326,0.0,466.0780059348326,0.0,16,32,72369.51273215174,interactive_short,False
arrival_dense,24,53794.27994670757,53794.27994670757,55196.22951378758,1401.9495670800097,0.0,1401.9495670800097,0.0,16,128,103794.27994670757,interactive_medium,False
arrival_dense,25,53984.901013098686,54005.34077276304,55413.72116282061,1428.820149721927,20.439759664353915,1408.380390057573,0.0,16,32,73984.90101309869,interactive_short,False
arrival_dense,26,54081.426008310475,54085.85436077035,55446.32953081807,1364.9035225075932,4.428352459872258,1360.475170047721,0.0,16,32,74081.42600831047,interactive_short,False
arrival_dense,27,54313.70532508111,54374.14522680981,55535.087344784435,1221.3820197033274,60.439901728699624,1160.9421179746278,0.0,16,32,74313.7053250811,interactive_short,False
arrival_dense,28,56288.45211941025,56288.45211941025,56784.91067934756,496.4585599373095,0.0,496.4585599373095,0.0,16,64,106288.45211941024,interactive_medium,False
arrival_dense,29,59429.64978247119,59429.64978247119,59896.62287944748,466.9730969762895,0.0,466.9730969762895,0.0,16,32,79429.64978247118,interactive_short,False
arrival_dense,30,60526.56619803849,60526.56619803849,61166.07247397871,639.5062759402208,0.0,639.5062759402208,0.0,16,64,110526.56619803849,interactive_medium,False
arrival_dense,31,60657.83688268148,60681.56785404528,61322.4941599484,664.6572772669242,23.730971363802382,640.9263059031218,0.0,16,64,110657.83688268147,interactive_medium,False
arrival_dense,32,61619.13882257829,61619.13882257829,62085.832503660975,466.6936810826883,0.0,466.6936810826883,0.0,16,32,81619.13882257829,interactive_short,False
arrival_dense,33,72723.69066381486,72723.69066381486,73402.44684374318,678.7561799283139,0.0,678.7561799283139,0.0,16,128,122723.69066381486,interactive_medium,False
arrival_dense,34,74229.97063451579,74229.97063451579,74697.41257053932,467.44193602353334,0.0,467.44193602353334,0.0,16,32,94229.97063451579,interactive_short,False
arrival_dense,35,81316.30220281759,81316.30220281759,81782.00495481824,465.70275200065225,0.0,465.70275200065225,0.0,16,32,101316.30220281759,interactive_short,False
arrival_dense,36,85259.69765168004,85259.69765168004,85953.1098537703,693.4122020902578,0.0,693.4122020902578,0.0,16,64,135259.69765168004,interactive_medium,False
arrival_dense,37,85282.79252710378,85290.55641467887,85983.35448779137,700.5619606875844,7.763887575085391,692.798073112499,0.0,16,32,105282.79252710378,interactive_short,False
arrival_dense,38,87833.88638844987,87833.88638844987,88331.41369744478,497.52730899490416,0.0,497.52730899490416,0.0,16,64,137833.88638844987,interactive_medium,False
arrival_dense,39,90123.47343143824,90123.47343143824,90590.53168342847,467.0582519902382,0.0,467.0582519902382,0.0,16,32,110123.47343143824,interactive_short,False
arrival_dense,40,91663.40172295526,91663.40172295526,92161.58204492598,498.1803219707217,0.0,498.1803219707217,0.0,16,64,141663.40172295526,interactive_medium,False
arrival_dense,41,92284.14396253253,92284.14396253253,92751.15723856913,467.0132760365959,0.0,467.0132760365959,0.0,16,32,112284.14396253253,interactive_short,False
arrival_dense,42,94332.79693356025,94332.79693356025,94819.64438760196,486.84745404170826,0.0,486.84745404170826,0.0,16,32,114332.79693356025,interactive_short,False
arrival_dense,43,94569.35564175498,94594.61720857662,95083.5004096386,514.1447678836121,25.261566821631277,488.8832010619808,0.0,16,32,114569.35564175498,interactive_short,False
arrival_dense,44,95710.383938924,95710.383938924,96176.2422968825,465.8583579584956,0.0,465.8583579584956,0.0,16,32,115710.383938924,interactive_short,False
arrival_dense,45,96919.64473665268,96919.64473665268,97386.79493867369,467.15020202100277,0.0,467.15020202100277,0.0,16,32,116919.64473665268,interactive_short,False
arrival_dense,46,103069.88532039958,103069.88532039958,103536.30300147615,466.4176810765639,0.0,466.4176810765639,0.0,16,32,123069.88532039958,interactive_short,False
arrival_dense,47,107242.46222317101,107242.46222317101,107709.43622213321,466.97399896220304,0.0,466.97399896220304,0.0,16,32,127242.46222317101,interactive_short,False
arrival_dense,48,107853.85304417626,107853.85304417626,108320.01368921531,466.16064503905363,0.0,466.16064503905363,0.0,16,32,127853.85304417626,interactive_short,False
arrival_dense,49,109242.49323268616,109242.49323268616,109714.60359171344,472.11035902728327,0.0,472.11035902728327,0.0,16,32,129242.49323268616,interactive_short,False
arrival_dense,50,109636.10971380131,109650.86042971545,110123.92500971639,487.8152959150757,14.75071591413871,473.064580000937,0.0,16,32,129636.10971380131,interactive_short,False
arrival_dense,51,114511.26686386978,114511.26686386978,114977.24975289874,465.98288902896456,0.0,465.98288902896456,0.0,16,32,134511.2668638698,interactive_short,False
arrival_dense,52,118599.70247296519,118599.70247296519,119066.72852197448,467.02604900929146,0.0,467.02604900929146,0.0,16,32,138599.70247296517,interactive_short,False
arrival_dense,53,119308.61383660849,119308.61383660849,119985.58735060542,676.9735139969271,0.0,676.9735139969271,0.0,16,128,169308.61383660848,interactive_medium,False
arrival_dense,54,121346.08869064161,121346.08869064161,121814.26856761593,468.1798769743182,0.0,468.1798769743182,0.0,16,32,141346.08869064163,interactive_short,False
arrival_dense,55,123224.03176327886,123224.03176327886,123701.90443827257,477.872674993705,0.0,477.872674993705,0.0,16,32,143224.03176327888,interactive_short,False
arrival_dense,56,123555.76143677576,123572.77751729659,124053.59905525645,497.8376184806839,17.016080520828837,480.82153795985505,0.0,16,32,143555.76143677576,interactive_short,False
arrival_dense,57,126431.02769785987,126431.02769785987,126928.45846485074,497.43076699087396,0.0,497.43076699087396,0.0,16,64,176431.02769785986,interactive_medium,False
arrival_dense,58,127981.38722849762,127981.38722849762,128449.01411345563,467.6268849580083,0.0,467.6268849580083,0.0,16,32,147981.38722849762,interactive_short,False
arrival_dense,59,130997.19495290522,130997.19495290522,131463.35257196083,466.15761905560794,0.0,466.1576190555934,1.4551915228366852e-11,16,32,150997.19495290524,interactive_short,False
arrival_dense,60,132508.74567605736,132508.74567605736,135078.31000703102,2569.5643309736624,0.0,2569.5643309736624,0.0,16,256,232508.74567605736,interactive_long,False
arrival_dense,61,132509.88979550317,132584.8682920385,135122.48317001452,2612.5933745113434,74.97849653533194,2537.6148779760115,0.0,16,32,152509.88979550317,interactive_short,False
arrival_dense,62,133293.4759617975,133409.57134301955,135348.0916430179,2054.615681220399,116.09538122205413,1938.5202999983449,0.0,16,32,153293.4759617975,interactive_short,False
arrival_dense,63,133332.81378873714,133409.57134301955,135348.0916430179,2015.27785428075,76.75755428240518,1938.5202999983449,0.0,16,32,153332.81378873714,interactive_short,False
packed_mixed_fixed_canvas,0,0.0,0.0,466.8306508974638,466.8306508974638,0.0,466.8306508974638,0.0,16,32,20000.0,interactive_short,False
packed_mixed_fixed_canvas,1,3701.1334692950136,3701.1334692950136,4167.700011342089,466.5665420470755,0.0,466.5665420470759,-4.547473508864641e-13,16,32,23701.133469295015,interactive_short,False
packed_mixed_fixed_canvas,2,6693.351133783693,6693.351133783693,7160.146610781197,466.795476997504,0.0,466.795476997504,0.0,16,32,26693.351133783694,interactive_short,False
packed_mixed_fixed_canvas,3,7213.609648805001,7213.609648805001,8087.184152880805,873.5745040758047,0.0,873.5745040758047,0.0,16,32,27213.609648805003,interactive_short,False
packed_mixed_fixed_canvas,4,7278.86315844528,7300.881824800168,8268.37240089139,989.5092424461109,22.01866635488841,967.4905760912225,0.0,16,64,57278.86315844528,interactive_medium,False
packed_mixed_fixed_canvas,5,8036.859245562617,8087.184152880805,8647.636320873286,610.7770753106688,50.32490731818871,560.4521679924801,0.0,16,32,28036.859245562617,interactive_short,False
packed_mixed_fixed_canvas,6,8660.100911749432,8660.100911749432,9158.948632690262,498.8477209408302,0.0,498.8477209408302,0.0,16,64,58660.10091174943,interactive_medium,False
packed_mixed_fixed_canvas,7,9134.03533948673,9158.948632690262,9625.99291862538,491.9575791386487,24.913293203531794,467.04428593511693,0.0,16,32,29134.03533948673,interactive_short,False
packed_mixed_fixed_canvas,8,14860.277949993648,14860.277949993648,15326.984277010812,466.70632701716386,0.0,466.70632701716386,0.0,16,32,34860.277949993644,interactive_short,False
packed_mixed_fixed_canvas,9,19041.16364301744,19041.16364301744,19507.844682036462,466.68103901902214,0.0,466.68103901902214,0.0,16,32,39041.16364301744,interactive_short,False
packed_mixed_fixed_canvas,10,19796.89625150117,19796.89625150117,20263.50310753391,466.6068560327403,0.0,466.6068560327403,0.0,16,32,39796.896251501166,interactive_short,False
packed_mixed_fixed_canvas,11,21927.86258068714,21927.86258068714,22395.030116600316,467.16753591317683,0.0,467.16753591317683,0.0,16,32,41927.86258068714,interactive_short,False
packed_mixed_fixed_canvas,12,22935.00624338232,22935.00624338232,23402.564649471984,467.55840608966537,0.0,467.55840608966537,0.0,16,32,42935.00624338232,interactive_short,False
packed_mixed_fixed_canvas,13,27854.59756969058,27854.59756969058,28321.853242683486,467.2556729929056,0.0,467.2556729929056,0.0,16,32,47854.59756969058,interactive_short,False
packed_mixed_fixed_canvas,14,29082.721965037814,29082.721965037814,29548.967812966617,466.2458479288034,0.0,466.2458479288034,0.0,16,32,49082.72196503781,interactive_short,False
packed_mixed_fixed_canvas,15,29698.16547359885,29698.16547359885,30165.56739456216,467.40192096331157,0.0,467.40192096331157,0.0,16,32,49698.16547359885,interactive_short,False
packed_mixed_fixed_canvas,16,30264.556465194222,30264.556465194222,30730.65331018403,466.0968449898064,0.0,466.0968449898064,0.0,16,32,50264.556465194226,interactive_short,False
packed_mixed_fixed_canvas,17,31912.746049415626,31912.746049415626,32379.934245410448,467.1881959948223,0.0,467.1881959948223,0.0,16,32,51912.746049415626,interactive_short,False
packed_mixed_fixed_canvas,18,32522.379747854007,32522.379747854007,33020.70108483911,498.32133698510006,0.0,498.32133698510006,0.0,16,64,82522.37974785401,interactive_medium,False
packed_mixed_fixed_canvas,19,34279.33903209065,34279.33903209065,34746.67570907637,467.3366769857239,0.0,467.3366769857239,0.0,16,32,54279.33903209065,interactive_short,False
packed_mixed_fixed_canvas,20,38841.434104668224,38841.434104668224,39340.50271468914,499.0686100209132,0.0,499.0686100209132,0.0,16,64,88841.43410466822,interactive_medium,False
packed_mixed_fixed_canvas,21,39861.08803365395,39861.08803365395,40328.20945355824,467.1214199042879,0.0,467.1214199042879,0.0,16,32,59861.08803365395,interactive_short,False
packed_mixed_fixed_canvas,22,40356.26986695478,40356.26986695478,40822.90848603497,466.6386190801859,0.0,466.6386190801859,0.0,16,32,60356.26986695478,interactive_short,False
packed_mixed_fixed_canvas,23,52369.512732151736,52369.512732151736,52836.31545317995,466.8027210282162,0.0,466.8027210282162,0.0,16,32,72369.51273215174,interactive_short,False
packed_mixed_fixed_canvas,24,53794.27994670757,53794.27994670757,54884.43757459233,1090.1576278847642,0.0,1090.1576278847642,0.0,16,128,103794.27994670757,interactive_medium,False
packed_mixed_fixed_canvas,25,53984.901013098686,54005.843864690425,55102.57334360565,1117.6723305069609,20.942851591738872,1096.729478915222,0.0,16,32,73984.90101309869,interactive_short,False
packed_mixed_fixed_canvas,26,54081.426008310475,54147.51726565944,55167.5132655894,1086.087257278923,66.09125734896224,1019.9959999299608,0.0,16,32,74081.42600831047,interactive_short,False
packed_mixed_fixed_canvas,27,54313.70532508111,54370.644854638405,55256.222825608595,942.5175005274868,56.93952955729765,885.5779709701892,0.0,16,32,74313.7053250811,interactive_short,False
packed_mixed_fixed_canvas,28,56288.45211941025,56288.45211941025,56785.61845845634,497.166339046089,0.0,497.166339046089,0.0,16,64,106288.45211941024,interactive_medium,False
packed_mixed_fixed_canvas,29,59429.64978247119,59429.64978247119,59897.33458541969,467.68480294849724,0.0,467.68480294849724,0.0,16,32,79429.64978247118,interactive_short,False
packed_mixed_fixed_canvas,30,60526.56619803849,60526.56619803849,61168.170076068345,641.603878029855,0.0,641.603878029855,0.0,16,64,110526.56619803849,interactive_medium,False
packed_mixed_fixed_canvas,31,60657.83688268148,60682.11930405334,61324.64953206465,666.8126493831733,24.282421371863165,642.5302280113101,0.0,16,64,110657.83688268147,interactive_medium,False
packed_mixed_fixed_canvas,32,61619.13882257829,61619.13882257829,62086.216456555456,467.07763397716917,0.0,467.07763397716917,0.0,16,32,81619.13882257829,interactive_short,False
packed_mixed_fixed_canvas,33,72723.69066381486,72723.69066381486,73405.00628875577,681.3156249409076,0.0,681.3156249409076,0.0,16,128,122723.69066381486,interactive_medium,False
packed_mixed_fixed_canvas,34,74229.97063451579,74229.97063451579,74698.49196551616,468.52133100037463,0.0,468.52133100037463,0.0,16,32,94229.97063451579,interactive_short,False
packed_mixed_fixed_canvas,35,81316.30220281759,81316.30220281759,81782.59481585801,466.292613040423,0.0,466.292613040423,0.0,16,32,101316.30220281759,interactive_short,False
packed_mixed_fixed_canvas,36,85259.69765168004,85259.69765168004,86198.30621469038,938.608563010348,0.0,938.608563010348,0.0,16,64,135259.69765168004,interactive_medium,False
packed_mixed_fixed_canvas,37,85282.79252710378,85290.48230567452,86227.97156467306,945.1790375692799,7.6897785707406,937.4892589985393,0.0,16,32,105282.79252710378,interactive_short,False
packed_mixed_fixed_canvas,38,87833.88638844987,87833.88638844987,88332.4837064654,498.597318015527,0.0,498.597318015527,0.0,16,64,137833.88638844987,interactive_medium,False
packed_mixed_fixed_canvas,39,90123.47343143824,90123.47343143824,90590.75820037446,467.2847689362243,0.0,467.2847689362243,0.0,16,32,110123.47343143824,interactive_short,False
packed_mixed_fixed_canvas,40,91663.40172295526,91663.40172295526,92162.73145495864,499.3297320033889,0.0,499.3297320033889,0.0,16,64,141663.40172295526,interactive_medium,False
packed_mixed_fixed_canvas,41,92284.14396253253,92284.14396253253,92751.6207045836,467.47674205107614,0.0,467.47674205107614,0.0,16,32,112284.14396253253,interactive_short,False
packed_mixed_fixed_canvas,42,94332.79693356025,94332.79693356025,94820.53226354191,487.73532998166047,0.0,487.73532998166047,0.0,16,32,114332.79693356025,interactive_short,False
packed_mixed_fixed_canvas,43,94569.35564175498,94594.96309255491,95084.56046654619,515.2048247912026,25.60745079992921,489.59737399127334,0.0,16,32,114569.35564175498,interactive_short,False
packed_mixed_fixed_canvas,44,95710.383938924,95710.383938924,96176.67346788972,466.2895289657172,0.0,466.2895289657172,0.0,16,32,115710.383938924,interactive_short,False
packed_mixed_fixed_canvas,45,96919.64473665268,96919.64473665268,97389.17593561621,469.5311989635229,0.0,469.5311989635229,0.0,16,32,116919.64473665268,interactive_short,False
packed_mixed_fixed_canvas,46,103069.88532039958,103069.88532039958,103536.08302835182,466.19770795223303,0.0,466.19770795223303,0.0,16,32,123069.88532039958,interactive_short,False
packed_mixed_fixed_canvas,47,107242.46222317101,107242.46222317101,107709.97975313452,467.5175299635157,0.0,467.5175299635157,0.0,16,32,127242.46222317101,interactive_short,False
packed_mixed_fixed_canvas,48,107853.85304417626,107853.85304417626,108320.15398519045,466.3009410141967,0.0,466.3009410141967,0.0,16,32,127853.85304417626,interactive_short,False
packed_mixed_fixed_canvas,49,109242.49323268616,109242.49323268616,109715.47226468413,472.97903199796565,0.0,472.97903199796565,0.0,16,32,129242.49323268616,interactive_short,False
packed_mixed_fixed_canvas,50,109636.10971380131,109651.55042568533,110125.15907368236,489.0493598810426,15.440711884017219,473.6086479970254,0.0,16,32,129636.10971380131,interactive_short,False
packed_mixed_fixed_canvas,51,114511.26686386978,114511.26686386978,114977.72331785508,466.4564539853018,0.0,466.4564539853018,0.0,16,32,134511.2668638698,interactive_short,False
packed_mixed_fixed_canvas,52,118599.70247296519,118599.70247296519,119067.1845938989,467.48212093370967,0.0,467.48212093370967,0.0,16,32,138599.70247296517,interactive_short,False
packed_mixed_fixed_canvas,53,119308.61383660849,119308.61383660849,119989.60217264867,680.9883360401727,0.0,680.9883360401727,0.0,16,128,169308.61383660848,interactive_medium,False
packed_mixed_fixed_canvas,54,121346.08869064161,121346.08869064161,121814.66668263804,468.57799199642614,0.0,468.57799199642614,0.0,16,32,141346.08869064163,interactive_short,False
packed_mixed_fixed_canvas,55,123224.03176327886,123224.03176327886,123702.43370240157,478.4019391227048,0.0,478.4019391227048,0.0,16,32,143224.03176327888,interactive_short,False
packed_mixed_fixed_canvas,56,123555.76143677576,123573.60119635657,124054.58634438062,498.82490760485234,17.83975958080555,480.9851480240468,0.0,16,32,143555.76143677576,interactive_short,False
packed_mixed_fixed_canvas,57,126431.02769785987,126431.02769785987,126929.13466886462,498.106971004745,0.0,498.106971004745,0.0,16,64,176431.02769785986,interactive_medium,False
packed_mixed_fixed_canvas,58,127981.38722849762,127981.38722849762,128449.16527950772,467.77805101010017,0.0,467.77805101010017,0.0,16,32,147981.38722849762,interactive_short,False
packed_mixed_fixed_canvas,59,130997.19495290522,130997.19495290522,131463.71693087608,466.5219779708568,0.0,466.5219779708423,1.4551915228366852e-11,16,32,150997.19495290524,interactive_short,False
packed_mixed_fixed_canvas,60,132508.74567605736,132508.74567605736,134283.95474309748,1775.209067040123,0.0,1775.209067040123,0.0,16,256,232508.74567605736,interactive_long,False
packed_mixed_fixed_canvas,61,132509.88979550317,132585.54145208275,134325.3413941182,1815.4515986150363,75.6516565795755,1739.7999420354608,0.0,16,32,152509.88979550317,interactive_short,False
packed_mixed_fixed_canvas,62,133293.4759617975,133324.13592312316,134550.48813811102,1257.0121763135248,30.65996132566943,1226.3522149878554,0.0,16,32,153293.4759617975,interactive_short,False
packed_mixed_fixed_canvas,63,133332.81378873714,133433.87326514296,134580.47666811565,1247.6628793785057,101.05947640581871,1146.603402972687,0.0,16,32,153332.81378873714,interactive_short,False
coarse_canvas_queue,0,0.0,0.0,500.224059127504,500.224059127504,0.0,500.224059127504,0.0,16,32,20000.0,interactive_short,False
coarse_canvas_queue,1,3701.1334692950136,3701.1334692950136,4201.198879309954,500.06541001493997,0.0,500.0654100149404,-4.547473508864641e-13,16,32,23701.133469295015,interactive_short,False
coarse_canvas_queue,2,6693.351133783693,6693.351133783693,7193.814006807627,500.46287302393466,0.0,500.46287302393466,0.0,16,32,26693.351133783694,interactive_short,False
coarse_canvas_queue,3,7213.609648805001,7213.609648805001,7882.2246627480545,668.6150139430538,0.0,668.6150139430538,0.0,16,32,27213.609648805003,interactive_short,False
coarse_canvas_queue,4,7278.86315844528,7307.346089766948,7976.892713772255,698.0295553269752,28.48293132166873,669.5466240053065,0.0,16,64,57278.86315844528,interactive_medium,False
coarse_canvas_queue,5,8036.859245562617,8036.859245562617,8536.21805159414,499.3588060315233,0.0,499.3588060315233,0.0,16,32,28036.859245562617,interactive_short,False
coarse_canvas_queue,6,8660.100911749432,8660.100911749432,9159.987596800456,499.88668505102396,0.0,499.88668505102396,0.0,16,64,58660.10091174943,interactive_medium,False
coarse_canvas_queue,7,9134.03533948673,9159.987596800456,9659.820124832586,525.7847853458552,25.952257313725568,499.83252803212963,0.0,16,32,29134.03533948673,interactive_short,False
coarse_canvas_queue,8,14860.277949993648,14860.277949993648,15361.085172932977,500.8072229393292,0.0,500.8072229393292,0.0,16,32,34860.277949993644,interactive_short,False
coarse_canvas_queue,9,19041.16364301744,19041.16364301744,19541.006242022646,499.84259900520556,0.0,499.84259900520556,0.0,16,32,39041.16364301744,interactive_short,False
coarse_canvas_queue,10,19796.89625150117,19796.89625150117,20297.604700492815,500.7084489916451,0.0,500.7084489916451,0.0,16,32,39796.896251501166,interactive_short,False
coarse_canvas_queue,11,21927.86258068714,21927.86258068714,22427.64880571827,499.78622503113,0.0,499.78622503113,0.0,16,32,41927.86258068714,interactive_short,False
coarse_canvas_queue,12,22935.00624338232,22935.00624338232,23436.372569414758,501.36632603243925,0.0,501.36632603243925,0.0,16,32,42935.00624338232,interactive_short,False
coarse_canvas_queue,13,27854.59756969058,27854.59756969058,28354.753391686158,500.15582199557684,0.0,500.15582199557684,0.0,16,32,47854.59756969058,interactive_short,False
coarse_canvas_queue,14,29082.721965037814,29082.721965037814,29583.42206207413,500.7000970363151,0.0,500.7000970363151,0.0,16,32,49082.72196503781,interactive_short,False
coarse_canvas_queue,15,29698.16547359885,29698.16547359885,30198.321597604874,500.1561240060255,0.0,500.1561240060255,0.0,16,32,49698.16547359885,interactive_short,False
coarse_canvas_queue,16,30264.556465194222,30264.556465194222,30765.42769621698,500.87123102275655,0.0,500.87123102275655,0.0,16,32,50264.556465194226,interactive_short,False
coarse_canvas_queue,17,31912.746049415626,31912.746049415626,32412.623035353216,499.8769859375898,0.0,499.8769859375898,0.0,16,32,51912.746049415626,interactive_short,False
coarse_canvas_queue,18,32522.379747854007,32522.379747854007,33022.116575885026,499.7368280310184,0.0,499.7368280310184,0.0,16,64,82522.37974785401,interactive_medium,False
coarse_canvas_queue,19,34279.33903209065,34279.33903209065,34779.27678903812,499.93775694747455,0.0,499.93775694747455,0.0,16,32,54279.33903209065,interactive_short,False
coarse_canvas_queue,20,38841.434104668224,38841.434104668224,39341.267083576895,499.83297890867107,0.0,499.83297890867107,0.0,16,64,88841.43410466822,interactive_medium,False
coarse_canvas_queue,21,39861.08803365395,39861.08803365395,40361.48972568234,500.40169202839024,0.0,500.40169202839024,0.0,16,32,59861.08803365395,interactive_short,False
coarse_canvas_queue,22,40356.26986695478,40361.48972568234,40861.95290767254,505.6830407177549,5.2198587275561295,500.4631819901988,0.0,16,32,60356.26986695478,interactive_short,False
coarse_canvas_queue,23,52369.512732151736,52369.512732151736,52869.883217190465,500.3704850387294,0.0,500.3704850387294,0.0,16,32,72369.51273215174,interactive_short,False
coarse_canvas_queue,24,53794.27994670757,53794.27994670757,55022.94502069187,1228.6650739843026,0.0,1228.6650739843026,0.0,16,128,103794.27994670757,interactive_medium,False
coarse_canvas_queue,25,53984.901013098686,55022.94502069187,56226.754181751196,2241.8531686525093,1038.0440075931838,1203.8091610593256,0.0,16,32,73984.90101309869,interactive_short,False
coarse_canvas_queue,26,54081.426008310475,55022.94502069187,56226.754181751196,2145.328173440721,941.5190123813954,1203.8091610593256,0.0,16,32,74081.42600831047,interactive_short,False
coarse_canvas_queue,27,54313.70532508111,55022.94502069187,56226.754181751196,1913.0488566700878,709.2396956107623,1203.8091610593256,0.0,16,32,74313.7053250811,interactive_short,False
coarse_canvas_queue,28,56288.45211941025,56288.45211941025,56788.12138537269,499.66926596243866,0.0,499.66926596243866,0.0,16,64,106288.45211941024,interactive_medium,False
coarse_canvas_queue,29,59429.64978247119,59429.64978247119,59930.63593933994,500.98615686874837,0.0,500.98615686874837,0.0,16,32,79429.64978247118,interactive_short,False
coarse_canvas_queue,30,60526.56619803849,60526.56619803849,61169.46735102203,642.9011529835407,0.0,642.9011529835407,0.0,16,64,110526.56619803849,interactive_medium,False
coarse_canvas_queue,31,60657.83688268148,60682.45406402377,61326.290874015394,668.4539913339177,24.617181342291587,643.8368099916261,0.0,16,64,110657.83688268147,interactive_medium,False
coarse_canvas_queue,32,61619.13882257829,61619.13882257829,62118.58146757765,499.4426449993625,0.0,499.4426449993625,0.0,16,32,81619.13882257829,interactive_short,False
coarse_canvas_queue,33,72723.69066381486,72723.69066381486,73953.13728280723,1229.4466189923696,0.0,1229.4466189923696,0.0,16,128,122723.69066381486,interactive_medium,False
coarse_canvas_queue,34,74229.97063451579,74229.97063451579,74730.43446956684,500.4638350510504,0.0,500.4638350510504,0.0,16,32,94229.97063451579,interactive_short,False
coarse_canvas_queue,35,81316.30220281759,81316.30220281759,81816.20151782509,499.8993150074966,0.0,499.8993150074966,0.0,16,32,101316.30220281759,interactive_short,False
coarse_canvas_queue,36,85259.69765168004,85259.69765168004,85954.9615196159,695.2638679358643,0.0,695.2638679358643,0.0,16,64,135259.69765168004,interactive_medium,False
coarse_canvas_queue,37,85282.79252710378,85290.91847768024,85986.74859460181,703.9560674980312,8.125950576461037,695.8301169215702,0.0,16,32,105282.79252710378,interactive_short,False
coarse_canvas_queue,38,87833.88638844987,87833.88638844987,88332.82283547375,498.93644702387974,0.0,498.93644702387974,0.0,16,64,137833.88638844987,interactive_medium,False
coarse_canvas_queue,39,90123.47343143824,90123.47343143824,90624.15473147461,500.68130003637634,0.0,500.68130003637634,0.0,16,32,110123.47343143824,interactive_short,False
coarse_canvas_queue,40,91663.40172295526,91663.40172295526,92162.90600296992,499.5042800146621,0.0,499.5042800146621,0.0,16,64,141663.40172295526,interactive_medium,False
coarse_canvas_queue,41,92284.14396253253,92284.14396253253,92784.99491447188,500.8509519393556,0.0,500.8509519393556,0.0,16,32,112284.14396253253,interactive_short,False
coarse_canvas_queue,42,94332.79693356025,94332.79693356025,94937.40739256618,604.6104590059258,0.0,604.6104590059258,0.0,16,32,114332.79693356025,interactive_short,False
coarse_canvas_queue,43,94569.35564175498,94582.98116753003,95188.30014651184,618.9445047568588,13.62552577504539,605.3189789818134,0.0,16,32,114569.35564175498,interactive_short,False
coarse_canvas_queue,44,95710.383938924,95710.383938924,96210.32928088267,499.94534195866436,0.0,499.94534195866436,0.0,16,32,115710.383938924,interactive_short,False
coarse_canvas_queue,45,96919.64473665268,96919.64473665268,97420.91324663181,501.268509979127,0.0,501.268509979127,0.0,16,32,116919.64473665268,interactive_short,False
coarse_canvas_queue,46,103069.88532039958,103069.88532039958,103569.71697732496,499.83165692538023,0.0,499.83165692538023,0.0,16,32,123069.88532039958,interactive_short,False
coarse_canvas_queue,47,107242.46222317101,107242.46222317101,107743.70314917991,501.24092600890435,0.0,501.24092600890435,0.0,16,32,127242.46222317101,interactive_short,False
coarse_canvas_queue,48,107853.85304417626,107853.85304417626,108353.78755625036,499.93451207410544,0.0,499.93451207410544,0.0,16,32,127853.85304417626,interactive_short,False
coarse_canvas_queue,49,109242.49323268616,109242.49323268616,109782.14216660438,539.6489339182153,0.0,539.6489339182153,0.0,16,32,129242.49323268616,interactive_short,False
coarse_canvas_queue,50,109636.10971380131,109649.76078662169,110189.19524562391,553.0855318225949,13.651072820372065,539.4344590022229,0.0,16,32,129636.10971380131,interactive_short,False
coarse_canvas_queue,51,114511.26686386978,114511.26686386978,115011.81288985517,500.5460259853862,0.0,500.5460259853862,0.0,16,32,134511.2668638698,interactive_short,False
coarse_canvas_queue,52,118599.70247296519,118599.70247296519,119100.39240487754,500.6899319123477,0.0,500.6899319123477,0.0,16,32,138599.70247296517,interactive_short,False
coarse_canvas_queue,53,119308.61383660849,119308.61383660849,120537.98256461196,1229.3687280034646,0.0,1229.3687280034646,0.0,16,128,169308.61383660848,interactive_medium,False
coarse_canvas_queue,54,121346.08869064161,121346.08869064161,121846.63828269024,500.54959204862826,0.0,500.54959204862826,0.0,16,32,141346.08869064163,interactive_short,False
coarse_canvas_queue,55,123224.03176327886,123224.03176327886,123788.9025782463,564.8708149674349,0.0,564.8708149674349,0.0,16,32,143224.03176327888,interactive_short,False
coarse_canvas_queue,56,123555.76143677576,123568.38016530334,124133.42739121824,577.6659544424765,12.61872852758097,565.0472259148955,0.0,16,32,143555.76143677576,interactive_short,False
coarse_canvas_queue,57,126431.02769785987,126431.02769785987,126930.33714283451,499.30944497464225,0.0,499.30944497464225,0.0,16,64,176431.02769785986,interactive_medium,False
coarse_canvas_queue,58,127981.38722849762,127981.38722849762,128482.1073254825,500.7200969848782,0.0,500.7200969848782,0.0,16,32,147981.38722849762,interactive_short,False
coarse_canvas_queue,59,130997.19495290522,130997.19495290522,131497.75362191472,500.5586690094933,0.0,500.55866900947876,1.4551915228366852e-11,16,32,150997.19495290524,interactive_short,False
coarse_canvas_queue,60,132508.74567605736,132508.74567605736,133738.39842904074,1229.6527529833838,0.0,1229.6527529833838,0.0,16,256,232508.74567605736,interactive_long,False
coarse_canvas_queue,61,132509.88979550317,133738.39842904074,134942.5840570237,2432.694261520519,1228.5086335375672,1204.1856279829517,0.0,16,32,152509.88979550317,interactive_short,False
coarse_canvas_queue,62,133293.4759617975,133738.39842904074,134942.5840570237,1649.1080952261982,444.9224672432465,1204.1856279829517,0.0,16,32,153293.4759617975,interactive_short,False
coarse_canvas_queue,63,133332.81378873714,133738.39842904074,134942.5840570237,1609.7702682865493,405.58464030359755,1204.1856279829517,0.0,16,32,153332.81378873714,interactive_short,False
exact_canvas_queue,0,0.0,0.0,467.28746203007177,467.28746203007177,0.0,467.28746203007177,0.0,16,32,20000.0,interactive_short,False
exact_canvas_queue,1,3701.1334692950136,3701.1334692950136,4168.292929419107,467.1594601240936,0.0,467.15946012409404,-4.547473508864641e-13,16,32,23701.133469295015,interactive_short,False
exact_canvas_queue,2,6693.351133783693,6693.351133783693,7160.861579729356,467.5104459456634,0.0,467.5104459456634,0.0,16,32,26693.351133783694,interactive_short,False
exact_canvas_queue,3,7213.609648805001,7213.609648805001,7680.8078138803885,467.1981650753878,0.0,467.1981650753878,0.0,16,32,27213.609648805003,interactive_short,False
exact_canvas_queue,4,7278.86315844528,7680.8078138803885,8181.098136871011,902.2349784257312,401.94465543510887,500.29032299062237,0.0,16,64,57278.86315844528,interactive_medium,False
exact_canvas_queue,5,8036.859245562617,8181.098136871011,8649.417528906493,612.5582833438766,144.23889130839416,468.31939203548245,0.0,16,32,28036.859245562617,interactive_short,False
exact_canvas_queue,6,8660.100911749432,8660.100911749432,9159.707935707083,499.6070239576511,0.0,499.6070239576511,0.0,16,64,58660.10091174943,interactive_medium,False
exact_canvas_queue,7,9134.03533948673,9159.707935707083,9627.61393565419,493.5785961674592,25.672596220352716,467.90599994710647,0.0,16,32,29134.03533948673,interactive_short,False
exact_canvas_queue,8,14860.277949993648,14860.277949993648,15327.352991925469,467.07504193182103,0.0,467.07504193182103,0.0,16,32,34860.277949993644,interactive_short,False
exact_canvas_queue,9,19041.16364301744,19041.16364301744,19508.921242969605,467.75759995216504,0.0,467.75759995216504,0.0,16,32,39041.16364301744,interactive_short,False
exact_canvas_queue,10,19796.89625150117,19796.89625150117,20263.6329664971,466.73671499593183,0.0,466.73671499593183,0.0,16,32,39796.896251501166,interactive_short,False
exact_canvas_queue,11,21927.86258068714,21927.86258068714,22395.78628766663,467.9237069794908,0.0,467.9237069794908,0.0,16,32,41927.86258068714,interactive_short,False
exact_canvas_queue,12,22935.00624338232,22935.00624338232,23401.828085423418,466.82184204109944,0.0,466.82184204109944,0.0,16,32,42935.00624338232,interactive_short,False
exact_canvas_queue,13,27854.59756969058,27854.59756969058,28322.327367713937,467.7297980233561,0.0,467.7297980233561,0.0,16,32,47854.59756969058,interactive_short,False
exact_canvas_queue,14,29082.721965037814,29082.721965037814,29549.693630018333,466.97166498051956,0.0,466.97166498051956,0.0,16,32,49082.72196503781,interactive_short,False
exact_canvas_queue,15,29698.16547359885,29698.16547359885,30165.75334557062,467.587871971773,0.0,467.587871971773,0.0,16,32,49698.16547359885,interactive_short,False
exact_canvas_queue,16,30264.556465194222,30264.556465194222,30731.56343908737,467.0069738931488,0.0,467.0069738931488,0.0,16,32,50264.556465194226,interactive_short,False
exact_canvas_queue,17,31912.746049415626,31912.746049415626,32380.18259238296,467.4365429673344,0.0,467.4365429673344,0.0,16,32,51912.746049415626,interactive_short,False
exact_canvas_queue,18,32522.379747854007,32522.379747854007,33021.66714982029,499.28740196628496,0.0,499.28740196628496,0.0,16,64,82522.37974785401,interactive_medium,False
exact_canvas_queue,19,34279.33903209065,34279.33903209065,34747.23622612088,467.897194030229,0.0,467.897194030229,0.0,16,32,54279.33903209065,interactive_short,False
exact_canvas_queue,20,38841.434104668224,38841.434104668224,39341.12031863515,499.6862139669247,0.0,499.6862139669247,0.0,16,64,88841.43410466822,interactive_medium,False
exact_canvas_queue,21,39861.08803365395,39861.08803365395,40329.234398702545,468.14636504859664,0.0,468.14636504859664,0.0,16,32,59861.08803365395,interactive_short,False
exact_canvas_queue,22,40356.26986695478,40356.26986695478,40823.1606519248,466.890784970019,0.0,466.890784970019,0.0,16,32,60356.26986695478,interactive_short,False
exact_canvas_queue,23,52369.512732151736,52369.512732151736,52837.20626412479,467.69353197305463,0.0,467.69353197305463,0.0,16,32,72369.51273215174,interactive_short,False
exact_canvas_queue,24,53794.27994670757,53794.27994670757,54475.72718970539,681.4472429978196,0.0,681.4472429978196,0.0,16,128,103794.27994670757,interactive_medium,False
exact_canvas_queue,25,53984.901013098686,54475.72718970539,55173.593898735155,1188.6928856364684,490.82617660670076,697.8667090297677,0.0,16,32,73984.90101309869,interactive_short,False
exact_canvas_queue,26,54081.426008310475,54475.72718970539,55173.593898735155,1092.16789042468,394.3011813949124,697.8667090297677,0.0,16,32,74081.42600831047,interactive_short,False
exact_canvas_queue,27,54313.70532508111,54475.72718970539,55173.593898735155,859.8885736540469,162.02186462427926,697.8667090297677,0.0,16,32,74313.7053250811,interactive_short,False
exact_canvas_queue,28,56288.45211941025,56288.45211941025,56788.76361543753,500.31149602727965,0.0,500.31149602727965,0.0,16,64,106288.45211941024,interactive_medium,False
exact_canvas_queue,29,59429.64978247119,59429.64978247119,59897.50353545469,467.8537529835012,0.0,467.8537529835012,0.0,16,32,79429.64978247118,interactive_short,False
exact_canvas_queue,30,60526.56619803849,60526.56619803849,61172.49233898576,645.9261409472674,0.0,645.9261409472674,0.0,16,64,110526.56619803849,interactive_medium,False
exact_canvas_queue,31,60657.83688268148,60682.24853102685,61329.33504201457,671.4981593330958,24.411648345376307,647.0865109877195,0.0,16,64,110657.83688268147,interactive_medium,False
exact_canvas_queue,32,61619.13882257829,61619.13882257829,62086.53333961444,467.39451703615487,0.0,467.39451703615487,0.0,16,32,81619.13882257829,interactive_short,False
exact_canvas_queue,33,72723.69066381486,72723.69066381486,73408.9005128202,685.2098490053322,0.0,685.2098490053322,0.0,16,128,122723.69066381486,interactive_medium,False
exact_canvas_queue,34,74229.97063451579,74229.97063451579,74698.33449752435,468.3638630085625,0.0,468.3638630085625,0.0,16,32,94229.97063451579,interactive_short,False
exact_canvas_queue,35,81316.30220281759,81316.30220281759,81783.34463588645,467.04243306885473,0.0,467.04243306885473,0.0,16,32,101316.30220281759,interactive_short,False
exact_canvas_queue,36,85259.69765168004,85259.69765168004,85760.2034727027,500.5058210226707,0.0,500.5058210226707,0.0,16,64,135259.69765168004,interactive_medium,False
exact_canvas_queue,37,85282.79252710378,85760.2034727027,86228.4045297277,945.6120026239223,477.4109455989237,468.2010570249986,0.0,16,32,105282.79252710378,interactive_short,False
exact_canvas_queue,38,87833.88638844987,87833.88638844987,88333.64649244392,499.76010399404913,0.0,499.76010399404913,0.0,16,64,137833.88638844987,interactive_medium,False
exact_canvas_queue,39,90123.47343143824,90123.47343143824,90591.77358549254,468.3001540543046,0.0,468.3001540543046,0.0,16,32,110123.47343143824,interactive_short,False
exact_canvas_queue,40,91663.40172295526,91663.40172295526,92162.83250494229,499.43078198703006,0.0,499.43078198703006,0.0,16,64,141663.40172295526,interactive_medium,False
exact_canvas_queue,41,92284.14396253253,92284.14396253253,92752.23729746255,468.0933349300176,0.0,468.0933349300176,0.0,16,32,112284.14396253253,interactive_short,False
exact_canvas_queue,42,94332.79693356025,94332.79693356025,94821.27689965427,488.4799660940189,0.0,488.4799660940189,0.0,16,32,114332.79693356025,interactive_short,False
exact_canvas_queue,43,94569.35564175498,94595.26943059763,95085.89139065015,516.5357488951704,25.9137888426485,490.6219600525219,0.0,16,32,114569.35564175498,interactive_short,False
exact_canvas_queue,44,95710.383938924,95710.383938924,96176.96163187089,466.5776929468848,0.0,466.5776929468848,0.0,16,32,115710.383938924,interactive_short,False
exact_canvas_queue,45,96919.64473665268,96919.64473665268,97387.83955169185,468.19481503916904,0.0,468.19481503916904,0.0,16,32,116919.64473665268,interactive_short,False
exact_canvas_queue,46,103069.88532039958,103069.88532039958,103536.77439144503,466.8890710454434,0.0,466.8890710454434,0.0,16,32,123069.88532039958,interactive_short,False
exact_canvas_queue,47,107242.46222317101,107242.46222317101,107710.06368916364,467.6014659926295,0.0,467.6014659926295,0.0,16,32,127242.46222317101,interactive_short,False
exact_canvas_queue,48,107853.85304417626,107853.85304417626,108321.4611121982,467.60806802194566,0.0,467.60806802194566,0.0,16,32,127853.85304417626,interactive_short,False
exact_canvas_queue,49,109242.49323268616,109242.49323268616,109715.24907963196,472.75584694580175,0.0,472.75584694580175,0.0,16,32,129242.49323268616,interactive_short,False
exact_canvas_queue,50,109636.10971380131,109651.19060565796,110125.63374761105,489.52403380973556,15.080891856647213,474.44314195308834,0.0,16,32,129636.10971380131,interactive_short,False
exact_canvas_queue,51,114511.26686386978,114511.26686386978,114978.02702380558,466.7601599358022,0.0,466.7601599358022,0.0,16,32,134511.2668638698,interactive_short,False
exact_canvas_queue,52,118599.70247296519,118599.70247296519,119067.92492200407,468.2224490388762,0.0,468.2224490388762,0.0,16,32,138599.70247296517,interactive_short,False
exact_canvas_queue,53,119308.61383660849,119308.61383660849,119990.27149759386,681.6576609853655,0.0,681.6576609853655,0.0,16,128,169308.61383660848,interactive_medium,False
exact_canvas_queue,54,121346.08869064161,121346.08869064161,121815.30252860305,469.21383796143346,0.0,469.21383796143346,0.0,16,32,141346.08869064163,interactive_short,False
exact_canvas_queue,55,123224.03176327886,123224.03176327886,123702.76730226421,478.7355389853474,0.0,478.7355389853474,0.0,16,32,143224.03176327888,interactive_short,False
exact_canvas_queue,56,123555.76143677576,123573.99224028293,124055.12616819421,499.3647314184491,18.23080350716191,481.1339279112872,0.0,16,32,143555.76143677576,interactive_short,False
exact_canvas_queue,57,126431.02769785987,126431.02769785987,126929.49175487815,498.4640570182819,0.0,498.4640570182819,0.0,16,64,176431.02769785986,interactive_medium,False
exact_canvas_queue,58,127981.38722849762,127981.38722849762,128449.92320041274,468.53597191511653,0.0,468.53597191511653,0.0,16,32,147981.38722849762,interactive_short,False
exact_canvas_queue,59,130997.19495290522,130997.19495290522,131463.80032793136,466.6053750261344,0.0,466.6053750261199,1.4551915228366852e-11,16,32,150997.19495290524,interactive_short,False
exact_canvas_queue,60,132508.74567605736,132508.74567605736,133739.97943508386,1231.2337590265088,0.0,1231.2337590265088,0.0,16,256,232508.74567605736,interactive_long,False
exact_canvas_queue,61,132509.88979550317,133739.97943508386,134439.42904600938,1929.5392505062046,1230.0896395806922,699.4496109255124,0.0,16,32,152509.88979550317,interactive_short,False
exact_canvas_queue,62,133293.4759617975,133739.97943508386,134439.42904600938,1145.9530842118838,446.50347328637145,699.4496109255124,0.0,16,32,153293.4759617975,interactive_short,False
exact_canvas_queue,63,133332.81378873714,133739.97943508386,134439.42904600938,1106.6152572722349,407.1656463467225,699.4496109255124,0.0,16,32,153332.81378873714,interactive_short,False
exact_canvas_queue_wait,0,0.0,20.0,488.40778799378313,488.40778799378313,20.0,468.40778799378313,0.0,16,32,20000.0,interactive_short,False
exact_canvas_queue_wait,1,3701.1334692950136,3721.1334692950136,4188.211950310064,487.07848101505033,20.0,467.0784810150508,-4.547473508864641e-13,16,32,23701.133469295015,interactive_short,False
exact_canvas_queue_wait,2,6693.351133783693,6713.351133783693,7181.167153796526,487.8160200128332,20.0,467.8160200128332,0.0,16,32,26693.351133783694,interactive_short,False
exact_canvas_queue_wait,3,7213.609648805001,7233.609648805001,7700.607895769068,486.9982469640672,20.0,466.9982469640672,0.0,16,32,27213.609648805003,interactive_short,False
exact_canvas_queue_wait,4,7278.86315844528,7700.607895769068,8201.031601701985,922.1684432567054,421.7447373237883,500.4237059329171,0.0,16,64,57278.86315844528,interactive_medium,False
exact_canvas_queue_wait,5,8036.859245562617,8201.031601701985,8668.720603780244,631.8613582176276,164.17235613936828,467.68900207825936,0.0,16,32,28036.859245562617,interactive_short,False
exact_canvas_queue_wait,6,8660.100911749432,8680.100911749432,9180.478628740784,520.3777169913519,20.0,500.3777169913519,0.0,16,64,58660.10091174943,interactive_medium,False
exact_canvas_queue_wait,7,9134.03533948673,9180.478628740784,9648.657897823396,514.622558336665,46.443289254053525,468.1792690826114,0.0,16,32,29134.03533948673,interactive_short,False
exact_canvas_queue_wait,8,14860.277949993648,14880.277949993648,15347.227767106993,486.9498171133455,20.0,466.9498171133455,0.0,16,32,34860.277949993644,interactive_short,False
exact_canvas_queue_wait,9,19041.16364301744,19061.16364301744,19529.219567941997,488.05592492455617,20.0,468.05592492455617,0.0,16,32,39041.16364301744,interactive_short,False
exact_canvas_queue_wait,10,19796.89625150117,19816.89625150117,20283.434128545345,486.5378770441748,20.0,466.5378770441748,0.0,16,32,39796.896251501166,interactive_short,False
exact_canvas_queue_wait,11,21927.86258068714,21947.86258068714,22416.050586681446,488.1880059943069,20.0,468.1880059943069,0.0,16,32,41927.86258068714,interactive_short,False
exact_canvas_queue_wait,12,22935.00624338232,22955.00624338232,23421.36410435845,486.35786097613163,20.0,466.35786097613163,0.0,16,32,42935.00624338232,interactive_short,False
exact_canvas_queue_wait,13,27854.59756969058,27874.59756969058,28342.71504752853,488.11747783795,20.0,468.11747783795,0.0,16,32,47854.59756969058,interactive_short,False
exact_canvas_queue_wait,14,29082.721965037814,29102.721965037814,29569.094378016485,486.3724129786715,20.0,466.3724129786715,0.0,16,32,49082.72196503781,interactive_short,False
exact_canvas_queue_wait,15,29698.16547359885,29718.16547359885,30186.226756567696,488.0612829688471,20.0,468.0612829688471,0.0,16,32,49698.16547359885,interactive_short,False
exact_canvas_queue_wait,16,30264.556465194222,30284.556465194222,30751.003841170936,486.4473759767134,20.0,466.4473759767134,0.0,16,32,50264.556465194226,interactive_short,False
exact_canvas_queue_wait,17,31912.746049415626,31932.746049415626,32400.790410486123,488.04436107049696,20.0,468.04436107049696,0.0,16,32,51912.746049415626,interactive_short,False
exact_canvas_queue_wait,18,32522.379747854007,32542.379747854007,33041.21776083384,518.8380129798315,20.0,498.83801297983155,0.0,16,64,82522.37974785401,interactive_medium,False
exact_canvas_queue_wait,19,34279.33903209065,34299.33903209065,34767.24755813382,487.9085260431748,20.0,467.9085260431748,0.0,16,32,54279.33903209065,interactive_short,False
exact_canvas_queue_wait,20,38841.434104668224,38861.434104668224,39360.8349926558,519.4008879875764,20.0,499.4008879875764,0.0,16,64,88841.43410466822,interactive_medium,False
exact_canvas_queue_wait,21,39861.08803365395,39881.08803365395,40348.853269607214,487.7652359532658,20.0,467.7652359532658,0.0,16,32,59861.08803365395,interactive_short,False
exact_canvas_queue_wait,22,40356.26986695478,40376.26986695478,40843.52175502364,487.25188806885853,20.0,467.25188806885853,0.0,16,32,60356.26986695478,interactive_short,False
exact_canvas_queue_wait,23,52369.512732151736,52389.512732151736,52857.07872316528,487.5659910135437,20.0,467.5659910135437,0.0,16,32,72369.51273215174,interactive_short,False
exact_canvas_queue_wait,24,53794.27994670757,53814.27994670757,54498.06811780381,703.7881710962392,20.0,683.7881710962392,0.0,16,128,103794.27994670757,interactive_medium,False
exact_canvas_queue_wait,25,53984.901013098686,54498.06811780381,55194.40978178117,1209.5087686824845,513.1671047051204,696.3416639773641,0.0,16,32,73984.90101309869,interactive_short,False
exact_canvas_queue_wait,26,54081.426008310475,54498.06811780381,55194.40978178117,1112.9837734706962,416.6421094933321,696.3416639773641,0.0,16,32,74081.42600831047,interactive_short,False
exact_canvas_queue_wait,27,54313.70532508111,54498.06811780381,55194.40978178117,880.704456700063,184.36279272269894,696.3416639773641,0.0,16,32,74313.7053250811,interactive_short,False
exact_canvas_queue_wait,28,56288.45211941025,56308.45211941025,56809.050844399935,520.5987249896862,20.0,500.59872498968616,0.0,16,64,106288.45211941024,interactive_medium,False
exact_canvas_queue_wait,29,59429.64978247119,59449.64978247119,59917.26866044157,487.6188779703807,20.0,467.6188779703807,0.0,16,32,79429.64978247118,interactive_short,False
exact_canvas_queue_wait,30,60526.56619803849,60546.56619803849,61205.63086510505,679.0646670665592,20.0,659.0646670665592,0.0,16,64,110526.56619803849,interactive_medium,False
exact_canvas_queue_wait,31,60657.83688268148,60670.996917073935,61331.3584231479,673.5215404664268,13.160034392458329,660.3615060739685,0.0,16,64,110657.83688268147,interactive_medium,False
exact_canvas_queue_wait,32,61619.13882257829,61639.13882257829,62106.704449532015,487.5656269537285,20.0,467.5656269537285,0.0,16,32,81619.13882257829,interactive_short,False
exact_canvas_queue_wait,33,72723.69066381486,72743.69066381486,73427.81963183088,704.1289680160116,20.0,684.1289680160116,0.0,16,128,122723.69066381486,interactive_medium,False
exact_canvas_queue_wait,34,74229.97063451579,74249.97063451579,74718.74594553506,488.7753110192716,20.0,468.7753110192716,0.0,16,32,94229.97063451579,interactive_short,False
exact_canvas_queue_wait,35,81316.30220281759,81336.30220281759,81803.15114887765,486.848946060054,20.0,466.848946060054,0.0,16,32,101316.30220281759,interactive_short,False
exact_canvas_queue_wait,36,85259.69765168004,85279.69765168004,85780.10986564535,520.4122139653191,20.0,500.4122139653191,0.0,16,64,135259.69765168004,interactive_medium,False
exact_canvas_queue_wait,37,85282.79252710378,85780.10986564535,86248.03035263525,965.2378255314688,497.3173385415721,467.92048698989674,0.0,16,32,105282.79252710378,interactive_short,False
exact_canvas_queue_wait,38,87833.88638844987,87853.88638844987,88354.0858894742,520.1995010243263,20.0,500.1995010243263,0.0,16,64,137833.88638844987,interactive_medium,False
exact_canvas_queue_wait,39,90123.47343143824,90143.47343143824,90611.51016649025,488.03673505201004,20.0,468.03673505201004,0.0,16,32,110123.47343143824,interactive_short,False
exact_canvas_queue_wait,40,91663.40172295526,91683.40172295526,92182.64133288126,519.2396099260077,20.0,499.2396099260077,0.0,16,64,141663.40172295526,interactive_medium,False
exact_canvas_queue_wait,41,92284.14396253253,92304.14396253253,92772.05733349036,487.9133709578309,20.0,467.9133709578309,0.0,16,32,112284.14396253253,interactive_short,False
exact_canvas_queue_wait,42,94332.79693356025,94352.79693356025,94844.34560864358,511.54867508332245,20.0,491.54867508332245,0.0,16,32,114332.79693356025,interactive_short,False
exact_canvas_queue_wait,43,94569.35564175498,94585.90312663474,95079.61989567158,510.2642539165972,16.547484879760304,493.7167690368369,0.0,16,32,114569.35564175498,interactive_short,False
exact_canvas_queue_wait,44,95710.383938924,95730.383938924,96196.58925397723,486.20531505323015,20.0,466.20531505323015,0.0,16,32,115710.383938924,interactive_short,False
exact_canvas_queue_wait,45,96919.64473665268,96939.64473665268,97408.1141576245,488.46942097181454,20.0,468.46942097181454,0.0,16,32,116919.64473665268,interactive_short,False
exact_canvas_queue_wait,46,103069.88532039958,103089.88532039958,103556.26369238754,486.3783719879575,20.0,466.3783719879575,0.0,16,32,123069.88532039958,interactive_short,False
exact_canvas_queue_wait,47,107242.46222317101,107262.46222317101,107730.49988625686,488.0376630858518,20.0,468.0376630858518,0.0,16,32,127242.46222317101,interactive_short,False
exact_canvas_queue_wait,48,107853.85304417626,107873.85304417626,108340.4627251723,486.6096809960436,20.0,466.6096809960436,0.0,16,32,127853.85304417626,interactive_short,False
exact_canvas_queue_wait,49,109242.49323268616,109262.49323268616,109739.13352766153,496.6402949753683,20.0,476.6402949753683,0.0,16,32,129242.49323268616,interactive_short,False
exact_canvas_queue_wait,50,109636.10971380131,109642.17626365912,110119.94910564585,483.8393918445363,6.066549857801874,477.7728419867344,0.0,16,32,129636.10971380131,interactive_short,False
exact_canvas_queue_wait,51,114511.26686386978,114531.26686386978,114997.78757087635,486.5207070065662,20.0,466.5207070065662,0.0,16,32,134511.2668638698,interactive_short,False
exact_canvas_queue_wait,52,118599.70247296519,118619.70247296519,119087.96759395297,488.2651209877804,20.0,468.2651209877804,0.0,16,32,138599.70247296517,interactive_short,False
exact_canvas_queue_wait,53,119308.61383660849,119328.61383660849,120008.56923768799,699.9554010794964,20.0,679.9554010794964,0.0,16,128,169308.61383660848,interactive_medium,False
exact_canvas_queue_wait,54,121346.08869064161,121366.08869064161,121835.30527964262,489.2165890010074,20.0,469.2165890010074,0.0,16,32,141346.08869064163,interactive_short,False
exact_canvas_queue_wait,55,123224.03176327886,123244.03176327886,123725.77569426339,501.7439309845213,20.0,481.7439309845213,0.0,16,32,143224.03176327888,interactive_short,False
exact_canvas_queue_wait,56,123555.76143677576,123564.45920527748,124049.13753724376,493.3761004679982,8.69776850171911,484.6783319662791,0.0,16,32,143555.76143677576,interactive_short,False
exact_canvas_queue_wait,57,126431.02769785987,126451.02769785987,126949.22736884288,518.1996709830128,20.0,498.19967098301277,0.0,16,64,176431.02769785986,interactive_medium,False
exact_canvas_queue_wait,58,127981.38722849762,128001.38722849762,128469.81067446861,488.4234459709842,20.0,468.4234459709842,0.0,16,32,147981.38722849762,interactive_short,False
exact_canvas_queue_wait,59,130997.19495290522,131017.19495290522,131483.6800868819,486.4851339766901,20.0,466.48513397667557,1.4551915228366852e-11,16,32,150997.19495290524,interactive_short,False
exact_canvas_queue_wait,60,132508.74567605736,132528.74567605736,133758.4948330926,1249.7491570352577,20.0,1229.7491570352577,0.0,16,256,232508.74567605736,interactive_long,False
exact_canvas_queue_wait,61,132509.88979550317,133758.4948330926,134457.6612571121,1947.771461608936,1248.605037589441,699.166424019495,0.0,16,32,152509.88979550317,interactive_short,False
exact_canvas_queue_wait,62,133293.4759617975,133758.4948330926,134457.6612571121,1164.1852953146154,465.01887129512033,699.166424019495,0.0,16,32,153293.4759617975,interactive_short,False
exact_canvas_queue_wait,63,133332.81378873714,133758.4948330926,134457.6612571121,1124.8474683749664,425.6810443554714,699.166424019495,0.0,16,32,153332.81378873714,interactive_short,False
exact_canvas_queue_bounded,0,0.0,20.0,488.17329098121263,488.17329098121263,20.0,468.17329098121263,0.0,16,32,20000.0,interactive_short,False
exact_canvas_queue_bounded,1,3701.1334692950136,3721.1334692950136,4188.246328307572,487.1128590125586,20.0,467.11285901255906,-4.547473508864641e-13,16,32,23701.133469295015,interactive_short,False
exact_canvas_queue_bounded,2,6693.351133783693,6713.351133783693,7181.042935737753,487.6918019540608,20.0,467.6918019540608,0.0,16,32,26693.351133783694,interactive_short,False
exact_canvas_queue_bounded,3,7213.609648805001,7233.609648805001,7700.489745858946,486.88009705394506,20.0,466.88009705394506,0.0,16,32,27213.609648805003,interactive_short,False
exact_canvas_queue_bounded,4,7278.86315844528,7700.489745858946,8668.07471274457,1389.2115542992906,421.62658741366613,499.9210389505606,467.66392793506384,16,64,57278.86315844528,interactive_medium,False
exact_canvas_queue_bounded,5,8036.859245562617,8076.17723179807,8543.841159733134,506.9819141705175,39.317986235453645,467.66392793506384,0.0,16,32,28036.859245562617,interactive_short,False
exact_canvas_queue_bounded,6,8660.100911749432,8680.100911749432,9181.359749768999,521.2588380195666,20.0,501.2588380195666,0.0,16,64,58660.10091174943,interactive_medium,False
exact_canvas_queue_bounded,7,9134.03533948673,9181.359749768999,9648.74943976025,514.7141002735189,47.32441028226822,467.38968999125063,0.0,16,32,29134.03533948673,interactive_short,False
exact_canvas_queue_bounded,8,14860.277949993648,14880.277949993648,15347.546147994613,487.26819800096564,20.0,467.26819800096564,0.0,16,32,34860.277949993644,interactive_short,False
exact_canvas_queue_bounded,9,19041.16364301744,19061.16364301744,19528.437485036935,487.2738420194946,20.0,467.2738420194946,0.0,16,32,39041.16364301744,interactive_short,False
exact_canvas_queue_bounded,10,19796.89625150117,19816.89625150117,20284.061225520567,487.16497401939705,20.0,467.16497401939705,0.0,16,32,39796.896251501166,interactive_short,False
exact_canvas_queue_bounded,11,21927.86258068714,21947.86258068714,22415.313617682183,487.451036995044,20.0,467.451036995044,0.0,16,32,41927.86258068714,interactive_short,False
exact_canvas_queue_bounded,12,22935.00624338232,22955.00624338232,23421.871382347977,486.86513896565884,20.0,466.86513896565884,0.0,16,32,42935.00624338232,interactive_short,False
exact_canvas_queue_bounded,13,27854.59756969058,27874.59756969058,28342.11142468432,487.5138549937401,20.0,467.5138549937401,0.0,16,32,47854.59756969058,interactive_short,False
exact_canvas_queue_bounded,14,29082.721965037814,29102.721965037814,29569.347822001033,486.6258569632191,20.0,466.6258569632191,0.0,16,32,49082.72196503781,interactive_short,False
exact_canvas_queue_bounded,15,29698.16547359885,29718.16547359885,30186.006033670485,487.840560071636,20.0,467.840560071636,0.0,16,32,49698.16547359885,interactive_short,False
exact_canvas_queue_bounded,16,30264.556465194222,30284.556465194222,30751.268185267585,486.7117200733628,20.0,466.7117200733628,0.0,16,32,50264.556465194226,interactive_short,False
exact_canvas_queue_bounded,17,31912.746049415626,31932.746049415626,32400.350595466633,487.60454605100676,20.0,467.60454605100676,0.0,16,32,51912.746049415626,interactive_short,False
exact_canvas_queue_bounded,18,32522.379747854007,32542.379747854007,33040.99211991315,518.6123720591422,20.0,498.6123720591422,0.0,16,64,82522.37974785401,interactive_medium,False
exact_canvas_queue_bounded,19,34279.33903209065,34299.33903209065,34767.19571510228,487.8566830116324,20.0,467.8566830116324,0.0,16,32,54279.33903209065,interactive_short,False
exact_canvas_queue_bounded,20,38841.434104668224,38861.434104668224,39360.59753665679,519.1634319885634,20.0,499.1634319885634,0.0,16,64,88841.43410466822,interactive_medium,False
exact_canvas_queue_bounded,21,39861.08803365395,39881.08803365395,40348.622744685425,487.53471103147604,20.0,467.53471103147604,0.0,16,32,59861.08803365395,interactive_short,False
exact_canvas_queue_bounded,22,40356.26986695478,40376.26986695478,40843.26395992913,486.99409297434613,20.0,466.99409297434613,0.0,16,32,60356.26986695478,interactive_short,False
exact_canvas_queue_bounded,23,52369.512732151736,52389.512732151736,52856.7727371916,487.2600050398614,20.0,467.2600050398614,0.0,16,32,72369.51273215174,interactive_short,False
exact_canvas_queue_bounded,24,53794.27994670757,53814.27994670757,55367.62815464116,1573.3482079335954,20.0,675.6607499555685,877.6874579780269,16,128,103794.27994670757,interactive_medium,False
exact_canvas_queue_bounded,25,53984.901013098686,54025.83153272807,54604.13262370802,619.2316106093349,40.930519629386254,578.3010909799486,0.0,16,32,73984.90101309869,interactive_short,False
exact_canvas_queue_bounded,26,54081.426008310475,54086.07529773671,54668.980111722514,587.5541034120397,4.649289426233736,582.904813985806,0.0,16,32,74081.42600831047,interactive_short,False
exact_canvas_queue_bounded,27,54313.70532508111,54342.566444718424,54903.5189907061,589.8136656249917,28.861119637316733,560.952545987675,0.0,16,32,74313.7053250811,interactive_short,False
exact_canvas_queue_bounded,28,56288.45211941025,56308.45211941025,56809.54412347612,521.0920040658675,20.0,501.0920040658675,0.0,16,64,106288.45211941024,interactive_medium,False
exact_canvas_queue_bounded,29,59429.64978247119,59449.64978247119,59916.98526736402,487.3354848928284,20.0,467.3354848928284,0.0,16,32,79429.64978247118,interactive_short,False
exact_canvas_queue_bounded,30,60526.56619803849,60546.56619803849,61205.835865036206,679.2696669977158,20.0,659.2696669977158,0.0,16,64,110526.56619803849,interactive_medium,False
exact_canvas_queue_bounded,31,60657.83688268148,60670.62091406537,61331.197939009726,673.3610563282491,12.784031383889669,660.5770249443594,0.0,16,64,110657.83688268147,interactive_medium,False
exact_canvas_queue_bounded,32,61619.13882257829,61639.13882257829,62106.66950852091,487.53068594262004,20.0,467.53068594262004,0.0,16,32,81619.13882257829,interactive_short,False
exact_canvas_queue_bounded,33,72723.69066381486,72743.69066381486,73427.24315791283,703.5524940979667,20.0,683.5524940979667,0.0,16,128,122723.69066381486,interactive_medium,False
exact_canvas_queue_bounded,34,74229.97063451579,74249.97063451579,74718.4647695,488.494134984212,20.0,468.494134984212,0.0,16,32,94229.97063451579,interactive_short,False
exact_canvas_queue_bounded,35,81316.30220281759,81336.30220281759,81803.06479079866,486.76258798106574,20.0,466.76258798106574,0.0,16,32,101316.30220281759,interactive_short,False
exact_canvas_queue_bounded,36,85259.69765168004,85279.69765168004,86246.77122657507,987.0735748950392,20.0,498.54604492429644,468.52752997074276,16,64,135259.69765168004,interactive_medium,False
exact_canvas_queue_bounded,37,85282.79252710378,85310.67314566084,85779.20067563158,496.4081485278002,27.88061855705746,468.52752997074276,0.0,16,32,105282.79252710378,interactive_short,False
exact_canvas_queue_bounded,38,87833.88638844987,87853.88638844987,88354.3133243841,520.4269359342288,20.0,500.4269359342288,0.0,16,64,137833.88638844987,interactive_medium,False
exact_canvas_queue_bounded,39,90123.47343143824,90143.47343143824,90610.60882042444,487.13538898620754,20.0,467.13538898620754,0.0,16,32,110123.47343143824,interactive_short,False
exact_canvas_queue_bounded,40,91663.40172295526,91683.40172295526,92183.23421798364,519.8324950283859,20.0,499.8324950283859,0.0,16,64,141663.40172295526,interactive_medium,False
exact_canvas_queue_bounded,41,92284.14396253253,92304.14396253253,92771.61545954949,487.4714970169589,20.0,467.4714970169589,0.0,16,32,112284.14396253253,interactive_short,False
exact_canvas_queue_bounded,42,94332.79693356025,94352.79693356025,94844.00428351838,511.2073499581311,20.0,491.2073499581311,0.0,16,32,114332.79693356025,interactive_short,False
exact_canvas_queue_bounded,43,94569.35564175498,94585.9431625042,95078.87217353456,509.5165317795763,16.587520749220857,492.92901103035547,0.0,16,32,114569.35564175498,interactive_short,False
exact_canvas_queue_bounded,44,95710.383938924,95730.383938924,96196.52954199753,486.14560307352804,20.0,466.14560307352804,0.0,16,32,115710.383938924,interactive_short,False
exact_canvas_queue_bounded,45,96919.64473665268,96939.64473665268,97408.00230464824,488.35756799555384,20.0,468.35756799555384,0.0,16,32,116919.64473665268,interactive_short,False
exact_canvas_queue_bounded,46,103069.88532039958,103089.88532039958,103556.02741640333,486.14209600375034,20.0,466.14209600375034,0.0,16,32,123069.88532039958,interactive_short,False
exact_canvas_queue_bounded,47,107242.46222317101,107262.46222317101,107730.57893310439,488.1167099333834,20.0,468.1167099333834,0.0,16,32,127242.46222317101,interactive_short,False
exact_canvas_queue_bounded,48,107853.85304417626,107873.85304417626,108340.24543018245,486.3923860061914,20.0,466.3923860061914,0.0,16,32,127853.85304417626,interactive_short,False
exact_canvas_queue_bounded,49,109242.49323268616,109262.49323268616,109738.63527561384,496.1420429276768,20.0,476.1420429276768,0.0,16,32,129242.49323268616,interactive_short,False
exact_canvas_queue_bounded,50,109636.10971380131,109642.3576256338,110119.04696661708,482.93725281576917,6.247911832484533,476.68934098328464,0.0,16,32,129636.10971380131,interactive_short,False
exact_canvas_queue_bounded,51,114511.26686386978,114531.26686386978,114997.7318779028,486.46501403301954,20.0,466.46501403301954,0.0,16,32,134511.2668638698,interactive_short,False
exact_canvas_queue_bounded,52,118599.70247296519,118619.70247296519,119087.43127098093,487.72879801574163,20.0,467.72879801574163,0.0,16,32,138599.70247296517,interactive_short,False
exact_canvas_queue_bounded,53,119308.61383660849,119328.61383660849,120009.2199955535,700.606158945011,20.0,680.606158945011,0.0,16,128,169308.61383660848,interactive_medium,False
exact_canvas_queue_bounded,54,121346.08869064161,121366.08869064161,121834.6565465597,488.5678559180815,20.0,468.5678559180815,0.0,16,32,141346.08869064163,interactive_short,False
exact_canvas_queue_bounded,55,123224.03176327886,123244.03176327886,123725.72545325219,501.6936899733264,20.0,481.6936899733264,0.0,16,32,143224.03176327888,interactive_short,False
exact_canvas_queue_bounded,56,123555.76143677576,123564.43747725988,124048.65633424906,492.8948974732921,8.676040484118857,484.2188569891732,0.0,16,32,143555.76143677576,interactive_short,False
exact_canvas_queue_bounded,57,126431.02769785987,126451.02769785987,126949.49239987724,518.4647020173725,20.0,498.4647020173725,0.0,16,64,176431.02769785986,interactive_medium,False
exact_canvas_queue_bounded,58,127981.38722849762,128001.38722849762,128469.45668242508,488.06945392745547,20.0,468.06945392745547,0.0,16,32,147981.38722849762,interactive_short,False
exact_canvas_queue_bounded,59,130997.19495290522,131017.19495290522,131483.52738385653,486.33243095131184,20.0,466.3324309512973,1.4551915228366852e-11,16,32,150997.19495290524,interactive_short,False
exact_canvas_queue_bounded,60,132508.74567605736,132528.74567605736,134738.0342421978,2229.288566140458,20.0,1226.3637619907968,982.9248041496612,16,256,232508.74567605736,interactive_long,False
exact_canvas_queue_bounded,61,132509.88979550317,132605.22190907918,133072.98090613162,563.0911106284475,95.33211357600521,467.7589970524423,0.0,16,32,152509.88979550317,interactive_short,False
exact_canvas_queue_bounded,62,133293.4759617975,133379.13966812025,133894.30547521746,600.8295134199725,85.66370632275357,515.1658070972189,0.0,16,32,153293.4759617975,interactive_short,False
exact_canvas_queue_bounded,63,133332.81378873714,133379.13966812025,133894.30547521746,561.4916864803236,46.32587938310462,515.1658070972189,0.0,16,32,153332.81378873714,interactive_short,False
