ar_false_starts,ar_ready_fraction,ar_ready_step,ar_saving_tool100ms,ar_saving_tool300ms,ar_saving_tool500ms,ar_saving_tool50ms,ar_stable_fraction,ar_stable_step,dllm_beats_ar,dllm_false_starts,dllm_lead_fraction,dllm_ready_fraction,dllm_ready_step,dllm_saving_tool100ms,dllm_saving_tool300ms,dllm_saving_tool500ms,dllm_saving_tool50ms,dllm_stable_fraction,dllm_stable_step,final_detected_tool,final_ready,generation_ms,num_history_steps,prompt,request_index,target_args,target_tool
0,,,0.0,0.0,0.0,0.0,,,False,0,,,,0.0,0.0,0.0,0.0,,,crm_api,False,1977.8259869781323,27," Oh, I'm Sofia Li from San Antonio. I'm sorry but I don't remember which email I used for the order. Would my shipping address help? It's in San Antonio, zip code 78260.",0,"{""first_name"": ""Sofia"", ""last_name"": ""Li"", ""zip"": ""78260""}",find_user_id_by_name_zip
0,,,0.0,0.0,0.0,0.0,,,False,0,,,,0.0,0.0,0.0,0.0,,,crm_api,False,1557.1738029830158,31," Yes, that sounds perfect! And I'm glad you can process this quickly as I'd really like to get the new camera as soon as possible for my bird watching.",1,"{""item_ids"": ""5996159312"", ""new_item_ids"": ""9228757377"", ""order_id"": ""#W4689314"", ""payment_method_id"": ""paypal_8194385""}",exchange_delivered_order_items
0,,,0.0,0.0,0.0,0.0,,,False,0,,,,0.0,0.0,0.0,0.0,,,crm_api,False,1117.7559689967893,27,"My name is Aarav Anderson, and the zip code is 19031.",2,"{""first_name"": ""Aarav"", ""last_name"": ""Anderson"", ""zip"": ""19031""}",find_user_id_by_name_zip
0,,,0.0,0.0,0.0,0.0,,,False,0,,,,0.0,0.0,0.0,0.0,,,sql_query,False,1369.9266070034355,34,"Yes, please proceed with the exchange and apply any price difference to the gift card.",3,"{""item_ids"": ""9190635437"", ""new_item_ids"": ""5320792178"", ""order_id"": ""#W9300146"", ""payment_method_id"": ""gift_card_7245904""}",modify_pending_order_items
0,,,0.0,0.0,0.0,0.0,,,False,0,,,,0.0,0.0,0.0,0.0,,,crm_api,False,827.679204987362,19,"Of course. My name is James Sanchez, and my zip code is 60623.",4,"{""first_name"": ""James"", ""last_name"": ""Sanchez"", ""zip"": ""60623""}",find_user_id_by_name_zip
0,,,0.0,0.0,0.0,0.0,,,False,0,,,,0.0,0.0,0.0,0.0,,,crm_api,False,1008.0228829756379,24,"Yes, that sounds correct. Please go ahead and proceed with the modification.",5,"{""item_ids"": ""1810466394"", ""new_item_ids"": ""6700049080"", ""order_id"": ""#W7464385"", ""payment_method_id"": ""paypal_1261484""}",modify_pending_order_items
0,,,0.0,0.0,0.0,0.0,,,False,0,,,,0.0,0.0,0.0,0.0,,,crm_api,False,1200.8310990058817,29," Oh, I don't remember which email I used, but my name is Ava Nguyen and my zip code is 94128, if that helps?",6,"{""first_name"": ""Ava"", ""last_name"": ""Nguyen"", ""zip"": ""94128""}",find_user_id_by_name_zip
0,,,0.0,0.0,0.0,0.0,,,False,0,,,,0.0,0.0,0.0,0.0,,,sql_query,False,1875.1778120058589,48," Oh, I must be mixing up my orders! I thought I had ordered a skateboard too. Yes, please proceed with removing the fleece jacket. By the way, could you tell me the total amount I paid for the grills in my previous orders?",7,"{""item_ids"": ""2444431651 1689914594"", ""new_item_ids"": ""2444431651 1689914594"", ""order_id"": ""#W8367380"", ""payment_method_id"": ""credit_card_5683823""}",modify_pending_order_items
0,,,0.0,0.0,0.0,0.0,,,False,0,,,,0.0,0.0,0.0,0.0,,,sql_query,False,1448.17279902054,36," Yeah, that's the one. And I also need to change something in another order. I want to switch that 17-inch laptop to a 13-inch one.",8,"{""item_ids"": ""6704763132"", ""order_id"": ""#W8528674"", ""payment_method_id"": ""paypal_7664977""}",return_delivered_order_items
0,,,0.0,0.0,0.0,0.0,,,False,0,,,,0.0,0.0,0.0,0.0,,,,False,679.3168159783818,15," Yeah whatever, just do it. Take the money from PayPal. Are we done here?",9,"{""item_ids"": ""1684786391"", ""new_item_ids"": ""5052031638"", ""order_id"": ""#W9672333"", ""payment_method_id"": ""paypal_7664977""}",modify_pending_order_items
0,,,0.0,0.0,0.0,0.0,,,False,0,,,,0.0,0.0,0.0,0.0,,,web_search,False,1081.9554830086417,26,"Yes, I confirm that I'd like to proceed with the exchange and charge the difference to my PayPal account.",10,"{""item_ids"": ""8555936349"", ""new_item_ids"": ""4063058357"", ""order_id"": ""#W6908222"", ""payment_method_id"": ""paypal_4518393""}",exchange_delivered_order_items
0,,,0.0,0.0,0.0,0.0,,,False,0,,,,0.0,0.0,0.0,0.0,,,web_search,False,495.33394002355635,10, My name is Ivan Hernandez.,11,"{""first_name"": ""Ivan"", ""last_name"": ""Hernandez"", ""zip"": ""92133""}",find_user_id_by_name_zip
0,,,0.0,0.0,0.0,0.0,,,False,0,,,,0.0,0.0,0.0,0.0,,,weather,False,1007.8555369982496,24," Sure! I'm Noah Ito, and my zip code is 98178.",12,"{""first_name"": ""Noah"", ""last_name"": ""Ito"", ""zip"": ""98178""}",find_user_id_by_name_zip
0,,,0.0,0.0,0.0,0.0,,,False,0,,,,0.0,0.0,0.0,0.0,,,web_search,False,661.3438249914907,14," Oh wait, I'm sorry about the zip code - I always get confused between my old and new one. My zip code is actually 98187, not 98178. Could you try looking it up again with Noah Ito and 98187?",13,"{""first_name"": ""Noah"", ""last_name"": ""Ito"", ""zip"": ""98187""}",find_user_id_by_name_zip
0,,,0.0,0.0,0.0,0.0,,,False,0,,,,0.0,0.0,0.0,0.0,,,crm_api,False,1009.3752800021321,24," That's fine, I understand. Yes, please proceed with the return to my credit card.",14,"{""item_ids"": ""4579334072 6117189161 4947717507"", ""order_id"": ""#W5490111"", ""payment_method_id"": ""credit_card_3124723""}",return_delivered_order_items
0,,,0.0,0.0,0.0,0.0,,,False,0,,,,0.0,0.0,0.0,0.0,,,crm_api,False,1202.5775299989618,29," I'm sorry, I actually don't remember which email I used... But my name is Yusuf Li and my zip code is 91148, if that helps?",15,"{""first_name"": ""Yusuf"", ""last_name"": ""Li"", ""zip"": ""91148""}",find_user_id_by_name_zip
0,,,0.0,0.0,0.0,0.0,,,False,0,,,,0.0,0.0,0.0,0.0,,,web_search,False,1082.5010939734057,26," Yes, that's exactly what I want. Thank you for being so thorough about it...",16,"{""item_ids"": ""3254583681"", ""new_item_ids"": ""9440686670"", ""order_id"": ""#W6750959"", ""payment_method_id"": ""paypal_8080730""}",modify_pending_order_items
0,,,0.0,0.0,0.0,0.0,,,False,0,,,,0.0,0.0,0.0,0.0,,,weather,False,1011.7712080245838,24,"Sure! My name is Yara Ito, and my zip code is 75284.",17,"{""first_name"": ""Yara"", ""last_name"": ""Ito"", ""zip"": ""75284""}",find_user_id_by_name_zip
0,,,0.0,0.0,0.0,0.0,,,False,0,,,,0.0,0.0,0.0,0.0,,,crm_api,False,1161.0469940351322,28,"Yes, that’s perfect. I’d like to proceed with the exchange for a new pair with the same specifications. Thanks for helping out!",18,"{""item_ids"": ""1615379700"", ""new_item_ids"": ""1615379700"", ""order_id"": ""#W1304208"", ""payment_method_id"": ""paypal_1679017""}",exchange_delivered_order_items
0,,,0.0,0.0,0.0,0.0,,,False,0,,,,0.0,0.0,0.0,0.0,,,web_search,False,1123.6723309848458,27,"Yes, that's exactly what I want. Let's go ahead and make that exchange. Thanks so much for the help!",19,"{""item_ids"": ""6245746168"", ""new_item_ids"": ""3112842858"", ""order_id"": ""#W8353027"", ""payment_method_id"": ""paypal_1679017""}",exchange_delivered_order_items
0,,,0.0,0.0,0.0,0.0,,,False,0,,,,0.0,0.0,0.0,0.0,,,crm_api,False,1121.931913017761,27,Sure! My name is Isabella Johansson and my zip code is 32286.,20,"{""first_name"": ""Isabella"", ""last_name"": ""Johansson"", ""zip"": ""32286""}",find_user_id_by_name_zip
0,,,0.0,0.0,0.0,0.0,,,False,0,,,,0.0,0.0,0.0,0.0,,,flight_search,False,1298.2678249827586,32,"Yes, those details are correct. Please proceed with the return.",21,"{""item_ids"": ""7602931732 9570044148"", ""order_id"": ""#W5565470"", ""payment_method_id"": ""paypal_3024827""}",return_delivered_order_items
0,,,0.0,0.0,0.0,0.0,,,False,0,,,,0.0,0.0,0.0,0.0,,,crm_api,False,1234.0524310129695,30," Oh yes, of course! My name is Sofia Li and my zip code is 78260.",22,"{""first_name"": ""Sofia"", ""last_name"": ""Li"", ""zip"": ""78260""}",find_user_id_by_name_zip
0,,,0.0,0.0,0.0,0.0,,,False,0,,,,0.0,0.0,0.0,0.0,,,web_search,False,1154.9112970242277,28," Yes, please go ahead with those exchanges for the bicycle and puzzle!",23,"{""item_ids"": ""7758198585 4068787148"", ""new_item_ids"": ""5606522780 5546244844"", ""order_id"": ""#W3916020"", ""payment_method_id"": ""credit_card_3951670""}",exchange_delivered_order_items
0,,,0.0,0.0,0.0,0.0,,,False,0,,,,0.0,0.0,0.0,0.0,,,web_search,False,1232.730663032271,30," Yes, please go ahead with that camera exchange. I'll use the same Visa card for any price differences.",24,"{""item_ids"": ""5996159312"", ""new_item_ids"": ""8363011723"", ""order_id"": ""#W4689314"", ""payment_method_id"": ""credit_card_3951670""}",exchange_delivered_order_items
0,,,0.0,0.0,0.0,0.0,,,False,0,,,,0.0,0.0,0.0,0.0,,,weather,False,978.3414420089684,23, I'm Yara Silva and my zip code is 77159... I hope that helps...,25,"{""first_name"": ""Yara"", ""last_name"": ""Silva"", ""zip"": ""77159""}",find_user_id_by_name_zip
0,,,0.0,0.0,0.0,0.0,,,False,0,,,,0.0,0.0,0.0,0.0,,,web_search,False,1464.2990499851294,36," Umm... for the laptop I want an i5 processor, 256GB SSD, and space grey color... and yes, send it to my NYC address... and yes please change the watch to black dial but keep the leather strap... can we do all of this together?",26,"{""item_ids"": ""2913673670"", ""new_item_ids"": ""2216662955"", ""order_id"": ""#W3730488"", ""payment_method_id"": ""gift_card_7252880""}",modify_pending_order_items
0,,,0.0,0.0,0.0,0.0,,,False,0,,,,0.0,0.0,0.0,0.0,,,web_search,False,1465.7570659765042,36," Umm... for the laptop I want an i5 processor, 256GB SSD, and space grey color... and yes, send it to my NYC address... and yes please change the watch to black dial but keep the leather strap... can we do all of this together?",27,"{""item_ids"": ""1355937109"", ""new_item_ids"": ""9949163720"", ""order_id"": ""#W9810810"", ""payment_method_id"": ""gift_card_7252880""}",modify_pending_order_items
0,,,0.0,0.0,0.0,0.0,,,False,0,,,,0.0,0.0,0.0,0.0,,,crm_api,False,1157.5189749710262,28," I'm Daiki Sanchez, zip is 46236",28,"{""first_name"": ""Daiki"", ""last_name"": ""Sanchez"", ""zip"": ""46236""}",find_user_id_by_name_zip
0,,,0.0,0.0,0.0,0.0,,,False,0,,,,0.0,0.0,0.0,0.0,,,web_search,False,900.5672709899954,21," Yes please do it quick, thanks!",29,"{""order_id"": ""#W9348897"", ""reason"": ""no longer needed""}",cancel_pending_order
0,,,0.0,0.0,0.0,0.0,,,False,0,,,,0.0,0.0,0.0,0.0,,,web_search,False,1210.5517229647376,29," Oh right! It's Yara Ito. And while we're at it, I also wanted to ask about exchanging a jigsaw puzzle I got - but let's deal with the boots first! 😊",30,"{""first_name"": ""Yara"", ""last_name"": ""Ito"", ""zip"": ""75284""}",find_user_id_by_name_zip
0,,,0.0,0.0,0.0,0.0,,,False,0,,,,0.0,0.0,0.0,0.0,,,weather,False,1231.4273889642209,30," Yes, that all sounds perfect! Thank you! 😊",31,"{""item_ids"": ""1615379700"", ""new_item_ids"": ""1615379700"", ""order_id"": ""#W1304208"", ""payment_method_id"": ""paypal_1679017""}",exchange_delivered_order_items
0,,,0.0,0.0,0.0,0.0,,,False,0,,,,0.0,0.0,0.0,0.0,,,web_search,False,800.2633270225488,18," Yes, absolutely! The price difference is totally fine - I'm excited to try the fantasy theme! 🧩✨",32,"{""item_ids"": ""6245746168"", ""new_item_ids"": ""3112842858"", ""order_id"": ""#W8353027"", ""payment_method_id"": ""paypal_1679017""}",exchange_delivered_order_items
0,,,0.0,0.0,0.0,0.0,,,False,0,,,,0.0,0.0,0.0,0.0,,,crm_api,False,1165.2096720063128,28," My name is Ivan Hernandez and I'm in San Diego, zip code 92133.",33,"{""first_name"": ""Ivan"", ""last_name"": ""Hernandez"", ""zip"": ""92133""}",find_user_id_by_name_zip
0,,,0.0,0.0,0.0,0.0,,,False,0,,,,0.0,0.0,0.0,0.0,,,web_search,False,1011.8604669696651,24," Yes, please proceed with the exchange.",34,"{""item_ids"": ""7441167885 3478699712"", ""new_item_ids"": ""3815173328 6017636844"", ""order_id"": ""#W5838674"", ""payment_method_id"": ""gift_card_9368765""}",exchange_delivered_order_items
0,,,0.0,0.0,0.0,0.0,,,False,0,,,,0.0,0.0,0.0,0.0,,,crm_api,False,1094.6154710254632,26," I'm Yara Muller from zip code 85041, that's all I can share right now.",35,"{""first_name"": ""Yara"", ""last_name"": ""Muller"", ""zip"": ""85041""}",find_user_id_by_name_zip
0,,,0.0,0.0,0.0,0.0,,,False,0,,,,0.0,0.0,0.0,0.0,,,web_search,False,684.0358650078997,15, I ordered them by mistake.,36,"{""order_id"": ""#W5056519"", ""reason"": ""ordered by mistake""}",cancel_pending_order
0,,,0.0,0.0,0.0,0.0,,,False,0,,,,0.0,0.0,0.0,0.0,,,web_search,False,684.5041110063903,15, I ordered them by mistake.,37,"{""order_id"": ""#W5995614"", ""reason"": ""ordered by mistake""}",cancel_pending_order
0,,,0.0,0.0,0.0,0.0,,,False,0,,,,0.0,0.0,0.0,0.0,,,web_search,False,1017.7110549993813,24,"Yes, please! I’d like the exact same specs but new, not worn.",38,"{""item_ids"": ""1615379700"", ""new_item_ids"": ""1615379700"", ""order_id"": ""#W1304208"", ""payment_method_id"": ""paypal_1679017""}",exchange_delivered_order_items
0,,,0.0,0.0,0.0,0.0,,,False,0,,,,0.0,0.0,0.0,0.0,,,web_search,False,615.9218130051158,13,"Yes, that sounds perfect! Let’s go with the fantasy theme one. Thanks a bunch!",39,"{""item_ids"": ""6245746168"", ""new_item_ids"": ""3112842858"", ""order_id"": ""#W8353027"", ""payment_method_id"": ""paypal_1679017""}",exchange_delivered_order_items
0,,,0.0,0.0,0.0,0.0,,,False,0,,,,0.0,0.0,0.0,0.0,,,crm_api,False,1201.885893009603,29," Hi, my name is Sofia Li and my zip code is 78260.",40,"{""first_name"": ""Sofia"", ""last_name"": ""Li"", ""zip"": ""78260""}",find_user_id_by_name_zip
0,,,0.0,0.0,0.0,0.0,,,False,0,,,,0.0,0.0,0.0,0.0,,,web_search,False,1213.8711570296437,29," Yes, those options sound perfect for both the bicycle and the puzzle! Please go ahead with those exchanges. Now, can we also look at exchanging my camera for one with slightly lower resolution?",41,"{""item_ids"": ""7758198585 4068787148"", ""new_item_ids"": ""5606522780 5546244844"", ""order_id"": ""#W3916020"", ""payment_method_id"": ""credit_card_3951670""}",exchange_delivered_order_items
0,,,0.0,0.0,0.0,0.0,,,False,0,,,,0.0,0.0,0.0,0.0,,,web_search,False,1207.6905249850824,29," Yes, that camera sounds exactly like what I'm looking for! Please go ahead with all three exchanges using my Visa card.",42,"{""item_ids"": ""5996159312"", ""new_item_ids"": ""8363011723"", ""order_id"": ""#W4689314"", ""payment_method_id"": ""credit_card_3951670""}",exchange_delivered_order_items
0,,,0.0,0.0,0.0,0.0,,,False,0,,,,0.0,0.0,0.0,0.0,,,crm_api,False,1171.1956459912471,28,"Sure thing! My name is Sofia Hernandez, and I live in Seattle, WA, 98193.",43,"{""first_name"": ""Sofia"", ""last_name"": ""Hernandez"", ""zip"": ""98193""}",find_user_id_by_name_zip
0,,,0.0,0.0,0.0,0.0,,,False,0,,,,0.0,0.0,0.0,0.0,,,sql_query,False,1352.6885850005783,33," Yes, please cancel both orders. The reason is ""no longer needed."" I appreciate your help.",44,"{""order_id"": ""#W3289292"", ""reason"": ""no longer needed""}",cancel_pending_order
0,,,0.0,0.0,0.0,0.0,,,False,0,,,,0.0,0.0,0.0,0.0,,,sql_query,False,1353.664871014189,33," Yes, please cancel both orders. The reason is ""no longer needed."" I appreciate your help.",45,"{""order_id"": ""#W9722559"", ""reason"": ""no longer needed""}",cancel_pending_order
0,,,0.0,0.0,0.0,0.0,,,False,0,,,,0.0,0.0,0.0,0.0,,,web_search,False,1131.5858489833772,27,"Yes, that's correct. Please go ahead with the return request. Thank you!",46,"{""item_ids"": ""4579334072 6117189161 4947717507"", ""order_id"": ""#W5490111"", ""payment_method_id"": ""paypal_9497703""}",return_delivered_order_items
0,,,0.0,0.0,0.0,0.0,,,False,0,,,,0.0,0.0,0.0,0.0,,,web_search,False,1170.362611010205,28,"If it's not possible to use PayPal, then please proceed with a refund to the original credit card.",47,"{""item_ids"": ""4579334072 6117189161 4947717507"", ""order_id"": ""#W5490111"", ""payment_method_id"": ""credit_card_3124723""}",return_delivered_order_items
0,,,0.0,0.0,0.0,0.0,,,False,0,,,,0.0,0.0,0.0,0.0,,,crm_api,False,803.2315169693902,18," Oh, my name is Mei Kovacs and my zip code is 28236.",48,"{""first_name"": ""Mei"", ""last_name"": ""Kovacs"", ""zip"": ""28236""}",find_user_id_by_name_zip
0,,,0.0,0.0,0.0,0.0,,,False,0,,,,0.0,0.0,0.0,0.0,,,,False,1093.082693987526,26," Yes, that sounds good. I'll proceed with that exchange.",49,"{""item_ids"": ""8384507844"", ""new_item_ids"": ""7453605304"", ""order_id"": ""#W6390527"", ""payment_method_id"": ""paypal_7644869""}",exchange_delivered_order_items
0,,,0.0,0.0,0.0,0.0,,,False,0,,,,0.0,0.0,0.0,0.0,,,web_search,False,1258.9104050421156,30," Yes, I want to exchange it for the black one in XL. *sigh* I guess I'll have to pay the extra amount... I can use the same PayPal account. Just hope this one fits better.",50,"{""item_ids"": ""9354168549"", ""new_item_ids"": ""2060066974"", ""order_id"": ""#W3388163"", ""payment_method_id"": ""paypal_5334408""}",exchange_delivered_order_items
0,,,0.0,0.0,0.0,0.0,,,False,0,,,,0.0,0.0,0.0,0.0,,,web_search,False,1254.2051919735968,30," Yeah whatever, just get rid of that useless speaker. Also, I need to change something else in another order - my laptop. Stop wasting my time with all these details!",51,"{""item_ids"": ""6704763132"", ""order_id"": ""#W8528674"", ""payment_method_id"": ""paypal_7664977""}",return_delivered_order_items
0,,,0.0,0.0,0.0,0.0,,,False,0,,,,0.0,0.0,0.0,0.0,,,web_search,False,1027.160776022356,24, Just give me the silver one with 1TB. At least that color isn't terrible like that space grey garbage.,52,"{""item_ids"": ""1684786391"", ""new_item_ids"": ""5052031638"", ""order_id"": ""#W9672333"", ""payment_method_id"": ""paypal_7664977""}",modify_pending_order_items
0,,,0.0,0.0,0.0,0.0,,,False,0,,,,0.0,0.0,0.0,0.0,,,crm_api,False,1171.3980690110475,28,Sure! My name is Lei Wilson and my zip code is 32255.,53,"{""first_name"": ""Lei"", ""last_name"": ""Wilson"", ""zip"": ""32255""}",find_user_id_by_name_zip
0,,,0.0,0.0,0.0,0.0,,,False,0,,,,0.0,0.0,0.0,0.0,,,crm_api,False,877.1041340078227,20,"Sure, my name is Olivia Lopez, and my zip code is 76171.",54,"{""first_name"": ""Olivia"", ""last_name"": ""Lopez"", ""zip"": ""76171""}",find_user_id_by_name_zip
0,,,0.0,0.0,0.0,0.0,,,False,0,,,,0.0,0.0,0.0,0.0,,,calendar_api,False,909.4980909721926,21,"Yes, please go ahead and cancel it.",55,"{""order_id"": ""#W9373487"", ""reason"": ""no longer needed""}",cancel_pending_order
0,,,0.0,0.0,0.0,0.0,,,False,0,,,,0.0,0.0,0.0,0.0,,,crm_api,False,1131.5606320276856,27,"Yes, please proceed with the return request for the sneakers. ",56,"{""item_ids"": ""6477915553"", ""order_id"": ""#W7449508"", ""payment_method_id"": ""gift_card_7711863""}",return_delivered_order_items
0,,,0.0,0.0,0.0,0.0,,,False,0,,,,0.0,0.0,0.0,0.0,,,crm_api,False,1136.7066579987295,27,"Sure, my name is Sofia Li, and I live in San Antonio, 78260.",57,"{""first_name"": ""Sofia"", ""last_name"": ""Li"", ""zip"": ""78260""}",find_user_id_by_name_zip
0,,,0.0,0.0,0.0,0.0,,,False,0,,,,0.0,0.0,0.0,0.0,,,sql_query,False,1860.6887870118953,47,"Yes, I confirm that I want to return the bicycle with Order ID #W3916020, and I would like the refund to be processed back to my original Mastercard ending in 8484.",58,"{""item_ids"": ""7758198585"", ""order_id"": ""#W3916020"", ""payment_method_id"": ""credit_card_8105988""}",return_delivered_order_items
0,,,0.0,0.0,0.0,0.0,,,False,0,,,,0.0,0.0,0.0,0.0,,,weather,False,1133.2250679843128,27," Yes, please! That would be so helpful right now. Thank you!",59,"{""order_id"": ""#W4923227"", ""payment_method_id"": ""gift_card_8245350""}",modify_pending_order_payment
0,,,0.0,0.0,0.0,0.0,,,False,0,,,,0.0,0.0,0.0,0.0,,,weather,False,987.6049009617418,23," Yes, that's fine. Thanks for helping me with this!",60,"{""order_id"": ""#W4923227"", ""payment_method_id"": ""credit_card_8897086""}",modify_pending_order_payment
0,,,0.0,0.0,0.0,0.0,,,False,0,,,,0.0,0.0,0.0,0.0,,,flight_search,False,1133.1250790390186,27,"Yes, that sounds perfect. Please go ahead and initiate the returns.",61,"{""item_ids"": ""1421289881"", ""order_id"": ""#W5490111"", ""payment_method_id"": ""credit_card_3124723""}",return_delivered_order_items
0,,,0.0,0.0,0.0,0.0,,,False,0,,,,0.0,0.0,0.0,0.0,,,flight_search,False,1134.9433250143193,27,"Yes, that sounds perfect. Please go ahead and initiate the returns.",62,"{""item_ids"": ""5796612084"", ""order_id"": ""#W7387996"", ""payment_method_id"": ""paypal_9497703""}",return_delivered_order_items
0,,,0.0,0.0,0.0,0.0,,,False,0,,,,0.0,0.0,0.0,0.0,,,crm_api,False,1178.4777489956468,28,"Sure, my name is Daiki Johnson, and I'm in Denver, USA, 80273.",63,"{""first_name"": ""Daiki"", ""last_name"": ""Johnson"", ""zip"": ""80273""}",find_user_id_by_name_zip
0,,,0.0,0.0,0.0,0.0,,,False,0,,,,0.0,0.0,0.0,0.0,,,sql_query,False,1216.0586509853601,29,"Yes, please proceed with the return. Also, could you let me know the total amount I paid for the remaining items in the same order?",64,"{""item_ids"": ""9534205511 6259501109"", ""order_id"": ""#W9502127"", ""payment_method_id"": ""paypal_2433177""}",return_delivered_order_items
0,,,0.0,0.0,0.0,0.0,,,False,0,,,,0.0,0.0,0.0,0.0,,,crm_api,False,1286.1734749749303,31," I'm Noah Ito, zip code 98187. Can we get to it quickly?",65,"{""first_name"": ""Noah"", ""last_name"": ""Ito"", ""zip"": ""98187""}",find_user_id_by_name_zip
0,,,0.0,0.0,0.0,0.0,,,False,0,,,,0.0,0.0,0.0,0.0,,,web_search,False,986.1647289944813,23, Yeah do it. Get it done fast.,66,"{""item_ids"": ""8886009523"", ""new_item_ids"": ""2407258246"", ""order_id"": ""#W4219264"", ""payment_method_id"": ""credit_card_1620755""}",modify_pending_order_items
0,,,0.0,0.0,0.0,0.0,,,False,0,,,,0.0,0.0,0.0,0.0,,,web_search,False,986.7701230105013,23, Yeah do it. Get it done fast.,67,"{""item_ids"": ""3076708684"", ""new_item_ids"": ""8302289002"", ""order_id"": ""#W6729841"", ""payment_method_id"": ""credit_card_1620755""}",modify_pending_order_items
0,,,0.0,0.0,0.0,0.0,,,False,0,,,,0.0,0.0,0.0,0.0,,,web_search,False,1078.06538103614,25," Yes, that's fine. I've already calculated the price difference and expected it... *sighs* At least something is going according to plan. I have one last request after this, by the way.",68,"{""item_ids"": ""7902309762"", ""new_item_ids"": ""1573035764"", ""order_id"": ""#W5056519"", ""payment_method_id"": ""credit_card_3095586""}",modify_pending_order_items
0,,,0.0,0.0,0.0,0.0,,,False,0,,,,0.0,0.0,0.0,0.0,,,web_search,False,1033.8623020215891,24," Yes, please cancel it. At least the money will come back eventually... even if it takes forever. *worried about the long refund time*",69,"{""order_id"": ""#W5995614"", ""reason"": ""ordered by mistake""}",cancel_pending_order
0,,,0.0,0.0,0.0,0.0,,,False,0,,,,0.0,0.0,0.0,0.0,,,crm_api,False,1256.9304929929785,30," Oh gosh, I totally forgot which email I used! But I'm Chen Silva and my zip code is 46281 if that helps?",70,"{""first_name"": ""Chen"", ""last_name"": ""Silva"", ""zip"": ""46281""}",find_user_id_by_name_zip
0,,,0.0,0.0,0.0,0.0,,,False,0,,,,0.0,0.0,0.0,0.0,,,web_search,False,924.8889819718897,21," Yeah, that's right! The gold one is too fancy for me anyway. And yes please, put it back on that Mastercard! How long will the refund take?",71,"{""item_ids"": ""6065192424"", ""order_id"": ""#W9571698"", ""payment_method_id"": ""credit_card_1565124""}",return_delivered_order_items
0,,,0.0,0.0,0.0,0.0,,,False,0,,,,0.0,0.0,0.0,0.0,,,web_search,False,1233.4839070099406,29," What?! That's not cool at all! I really need it back on my credit card - I've got bills to pay! *sigh* Fine, whatever, just put it on the gift card then. But I'm not happy about this at all!",72,"{""item_ids"": ""6065192424"", ""order_id"": ""#W9571698"", ""payment_method_id"": ""gift_card_7250692""}",return_delivered_order_items
0,,,0.0,0.0,0.0,0.0,,,False,0,,,,0.0,0.0,0.0,0.0,,,crm_api,False,1178.8275209837593,28,"Sure thing! My name is Lucas Santos and I live in Denver, CO 80239.",73,"{""first_name"": ""Lucas"", ""last_name"": ""Santos"", ""zip"": ""80239""}",find_user_id_by_name_zip
0,,,0.0,0.0,0.0,0.0,,,False,0,,,,0.0,0.0,0.0,0.0,,,weather,False,996.5216749696992,23, *sigh* Alright... I'm Aarav Anderson and my zip code is 19031.,74,"{""first_name"": ""Aarav"", ""last_name"": ""Anderson"", ""zip"": ""19031""}",find_user_id_by_name_zip
0,,,0.0,0.0,0.0,0.0,,,False,0,,,,0.0,0.0,0.0,0.0,,,web_search,False,1218.777891015634,29," Yes, that's exactly what I want. And the $17.99 will go to my gift card, correct?",75,"{""item_ids"": ""9190635437"", ""new_item_ids"": ""5320792178"", ""order_id"": ""#W9300146"", ""payment_method_id"": ""gift_card_7245904""}",modify_pending_order_items
0,,,0.0,0.0,0.0,0.0,,,False,0,,,,0.0,0.0,0.0,0.0,,,crm_api,False,1178.4891919814982,28," Sure, I'm Isabella Johansson, and my zip code is 32286.",76,"{""first_name"": ""Isabella"", ""last_name"": ""Johansson"", ""zip"": ""32286""}",find_user_id_by_name_zip
0,,,0.0,0.0,0.0,0.0,,,False,0,,,,0.0,0.0,0.0,0.0,,,crm_api,False,1175.3100519999862,28," I'm Ethan Garcia from Denver, 80280.",77,"{""first_name"": ""Ethan"", ""last_name"": ""Garcia"", ""zip"": ""80280""}",find_user_id_by_name_zip
0,,,0.0,0.0,0.0,0.0,,,False,0,,,,0.0,0.0,0.0,0.0,,,web_search,False,1139.8026890237816,27," Yes, I want to proceed. Let's use the gift card for the price difference.",78,"{""item_ids"": ""2366567022 1340995114 9791469541 1763705424"", ""new_item_ids"": ""4579334072 1151293680 4107812777 2882812427"", ""order_id"": ""#W9911714"", ""payment_method_id"": ""gift_card_4332117""}",modify_pending_order_items
0,,,0.0,0.0,0.0,0.0,,,False,0,,,,0.0,0.0,0.0,0.0,,,crm_api,False,924.3286660057493,21," I'm Daiki Sanchez, zip code 46236. Please hurry, I need to fix this payment issue.",79,"{""first_name"": ""Daiki"", ""last_name"": ""Sanchez"", ""zip"": ""46236""}",find_user_id_by_name_zip
0,,,0.0,0.0,0.0,0.0,,,False,0,,,,0.0,0.0,0.0,0.0,,,web_search,False,1021.9477859791368,24, Yes,80,"{""order_id"": ""#W9348897"", ""reason"": ""ordered by mistake""}",cancel_pending_order
0,,,0.0,0.0,0.0,0.0,,,False,0,,,,0.0,0.0,0.0,0.0,,,web_search,False,1226.6263130004518,29, I'm Lei Wilson and my zip code is 32255. Can you help me get this sorted quickly? I'm eager to get a laptop that better suits my needs.,81,"{""first_name"": ""Lei"", ""last_name"": ""Wilson"", ""zip"": ""32255""}",find_user_id_by_name_zip
0,,,0.0,0.0,0.0,0.0,,,False,0,,,,0.0,0.0,0.0,0.0,,,web_search,False,1176.4907489996403,28," Yes, that's exactly what I want. Please process the exchange.",82,"{""item_ids"": ""3478699712"", ""new_item_ids"": ""9844888101"", ""order_id"": ""#W2905754"", ""payment_method_id"": ""credit_card_3677959""}",exchange_delivered_order_items
0,,,0.0,0.0,0.0,0.0,,,False,0,,,,0.0,0.0,0.0,0.0,,,web_search,False,1228.7201569997706,29," Um... I'm not sure which email I used. Can you try looking it up with my name? It's Yusuf Li, and my zip code is 91148.",83,"{""first_name"": ""Yusuf"", ""last_name"": ""Li"", ""zip"": ""91148""}",find_user_id_by_name_zip
0,,,0.0,0.0,0.0,0.0,,,False,0,,,,0.0,0.0,0.0,0.0,,,sql_query,False,1257.5340939802118,30," Yes, that's the right address, and I'm fine with the green speaker not being water resistant. Please go ahead with both changes.",84,"{""item_ids"": ""3254583681"", ""new_item_ids"": ""9440686670"", ""order_id"": ""#W6750959"", ""payment_method_id"": ""paypal_8080730""}",modify_pending_order_items
0,,,0.0,0.0,0.0,0.0,,,False,0,,,,0.0,0.0,0.0,0.0,,,crm_api,False,954.3793390039355,22,"Sofia Hernandez, zip code 98193.",85,"{""first_name"": ""Sofia"", ""last_name"": ""Hernandez"", ""zip"": ""98193""}",find_user_id_by_name_zip
0,,,0.0,0.0,0.0,0.0,,,False,0,,,,0.0,0.0,0.0,0.0,,,web_search,False,1026.7646730062552,24," Yes, that all sounds good to me.",86,"{""item_ids"": ""8384507844"", ""new_item_ids"": ""9083642334"", ""order_id"": ""#W6390527"", ""payment_method_id"": ""paypal_7644869""}",exchange_delivered_order_items
0,,,0.0,0.0,0.0,0.0,,,False,0,,,,0.0,0.0,0.0,0.0,,,weather,False,1009.0388559619896,23," Sure thing! I'm Fatima Taylor and my new zip code is 85033. Although I gotta say, coming from Florida to Phoenix feels like going from a sauna to an oven! 🔥 😂",87,"{""first_name"": ""Fatima"", ""last_name"": ""Taylor"", ""zip"": ""85033""}",find_user_id_by_name_zip
0,,,0.0,0.0,0.0,0.0,,,False,0,,,,0.0,0.0,0.0,0.0,,,weather,False,1049.2376649635844,24," Oh right, silly me! *facepalm* Of course you'd need my old zip code from Florida - it's 32169. I've been so focused on dodging these Phoenix heat waves, my brain is getting fried! 🍳",88,"{""first_name"": ""Fatima"", ""last_name"": ""Taylor"", ""zip"": ""32169""}",find_user_id_by_name_zip
0,,,0.0,0.0,0.0,0.0,,,False,0,,,,0.0,0.0,0.0,0.0,,,crm_api,False,1221.6571489698254,29," I'm Isabella Johansson, and my zip code is 32286. Is that enough or do you need my email?",89,"{""first_name"": ""Isabella"", ""last_name"": ""Johansson"", ""zip"": ""32286""}",find_user_id_by_name_zip
0,,,0.0,0.0,0.0,0.0,,,False,0,,,,0.0,0.0,0.0,0.0,,,sql_query,False,1409.5983160077594,34," Yes, please cancel the hose order - I no longer need it. And I want to return a skateboard, garden hose, backpack, keyboard, and a bed.",90,"{""order_id"": ""#W2575533"", ""reason"": ""no longer needed""}",cancel_pending_order
0,,,0.0,0.0,0.0,0.0,,,False,0,,,,0.0,0.0,0.0,0.0,,,sql_query,False,1617.0673029846512,40," Yes, I want to return all those items and get the refund on PayPal. How much will I get back in total?",91,"{""item_ids"": ""4293355847"", ""order_id"": ""#W3792453"", ""payment_method_id"": ""paypal_3024827""}",return_delivered_order_items
0,,,0.0,0.0,0.0,0.0,,,False,0,,,,0.0,0.0,0.0,0.0,,,sql_query,False,1616.4773890050128,40," Yes, I want to return all those items and get the refund on PayPal. How much will I get back in total?",92,"{""item_ids"": ""5753502325 9851293632"", ""order_id"": ""#W7181492"", ""payment_method_id"": ""paypal_3024827""}",return_delivered_order_items
0,,,0.0,0.0,0.0,0.0,,,False,0,,,,0.0,0.0,0.0,0.0,,,sql_query,False,1616.7662140214816,40," Yes, I want to return all those items and get the refund on PayPal. How much will I get back in total?",93,"{""item_ids"": ""9570044148 6857426243"", ""order_id"": ""#W5565470"", ""payment_method_id"": ""paypal_3024827""}",return_delivered_order_items
0,,,0.0,0.0,0.0,0.0,,,False,0,,,,0.0,0.0,0.0,0.0,,,web_search,False,1214.4221040070988,29," Yes, that all looks perfect! Please go ahead with the exchange.",94,"{""item_ids"": ""6501071631"", ""new_item_ids"": ""2106335193"", ""order_id"": ""#W1603792"", ""payment_method_id"": ""credit_card_5694100""}",modify_pending_order_items
0,,,0.0,0.0,0.0,0.0,,,False,0,,,,0.0,0.0,0.0,0.0,,,crm_api,False,1183.5662609664723,28," Oh yeah, no problem! I'm Isabella Johansson and I'm in 32286.",95,"{""first_name"": ""Isabella"", ""last_name"": ""Johansson"", ""zip"": ""32286""}",find_user_id_by_name_zip
0,,,0.0,0.0,0.0,0.0,,,False,0,,,,0.0,0.0,0.0,0.0,,,web_search,False,1222.4037279956974,29," Yeah, let's do the skateboard exchange first! PayPal works fine for me. And yeah, after that we can sort out the garden hose situation.",96,"{""item_ids"": ""4293355847"", ""new_item_ids"": ""8176740019"", ""order_id"": ""#W3792453"", ""payment_method_id"": ""paypal_3024827""}",exchange_delivered_order_items
0,,,0.0,0.0,0.0,0.0,,,False,0,,,,0.0,0.0,0.0,0.0,,,calendar_api,False,992.1307049808092,23," Yes, please go ahead and cancel it.",97,"{""order_id"": ""#W9284598"", ""reason"": ""ordered by mistake""}",cancel_pending_order
0,,,0.0,0.0,0.0,0.0,,,False,0,,,,0.0,0.0,0.0,0.0,,,web_search,False,961.207813990768,22,Damn it! Why can't it work? Fine... fine. Just do it the usual way.,98,"{""item_ids"": ""4579334072 1421289881 6117189161 4947717507"", ""order_id"": ""#W5490111"", ""payment_method_id"": ""credit_card_3124723""}",return_delivered_order_items
0,,,0.0,0.0,0.0,0.0,,,False,0,,,,0.0,0.0,0.0,0.0,,,web_search,False,959.1921779792756,22,Damn it! Why can't it work? Fine... fine. Just do it the usual way.,99,"{""item_ids"": ""5796612084"", ""order_id"": ""#W7387996"", ""payment_method_id"": ""paypal_9497703""}",return_delivered_order_items
