ar_parallel_ms,ar_serial_ms,dllm_parallel_ms,dllm_serial_ms,dllm_vs_ar_parallel_speedup,dllm_vs_ar_serial_speedup,dllm_vs_no_spec_parallel_speedup,dllm_vs_no_spec_serial_speedup,generation_ms,no_spec_parallel_ms,no_spec_serial_ms,num_calls,request_index,tool_latency_ms
1612.9704379942268,1612.9704379942268,1512.9704379942268,1512.9704379942268,1.0660951446827818,1.0660951446827818,1.0660951446827818,1.198285434048345,1512.9704379942268,1612.9704379942268,1812.9704379942268,3,0,100.0
1812.9704379942268,1812.9704379942268,1596.8318039950516,1680.6931699958764,1.1353546650676836,1.0787039956845157,1.1353546650676836,1.4356995560350538,1512.9704379942268,1812.9704379942268,2412.970437994227,3,0,300.0
2012.9704379942268,2012.9704379942268,1796.8318039950516,2148.415901997526,1.1202887401695671,0.936955659340742,1.1202887401695671,1.402414884004939,1512.9704379942268,2012.9704379942268,3012.970437994227,3,0,500.0
2512.970437994227,3432.2772679983505,2296.831803995052,3648.415901997526,1.0941029437258876,0.9407582249927048,1.0941029437258876,1.2369671000291806,1512.9704379942268,2512.970437994227,4512.970437994227,3,0,1000.0
3512.970437994227,6432.27726799835,3296.831803995052,6648.415901997526,1.0655594967681583,0.967490205609093,1.0655594967681583,1.1300391775636276,1512.9704379942268,3512.970437994227,7512.970437994227,3,0,2000.0
969.4117769482546,969.4117769482546,869.4117769482546,869.4117769482546,1.1150202960799687,1.1150202960799687,1.1150202960799687,1.3450608882399062,869.4117769482546,969.4117769482546,1169.4117769482546,3,1,100.0
1169.4117769482546,1189.803925649418,879.6078512988363,1189.803925649418,1.3294694621262093,1.0,1.3294694621262093,1.487145687456423,869.4117769482546,1169.4117769482546,1769.4117769482546,3,1,300.0
1369.4117769482546,1789.803925649418,1079.6078512988363,1789.803925649418,1.2684344369122231,1.0,1.2684344369122231,1.3238387417708506,869.4117769482546,1369.4117769482546,2369.4117769482546,3,1,500.0
1869.4117769482546,3289.803925649418,1579.6078512988363,3289.803925649418,1.1834657414567333,1.0,1.1834657414567333,1.1761830991749516,869.4117769482546,1869.4117769482546,3869.4117769482546,3,1,1000.0
2869.4117769482546,6289.803925649418,2579.607851298836,6289.803925649418,1.1123441787880672,1.0,1.1123441787880672,1.0921503846781668,869.4117769482546,2869.4117769482546,6869.411776948255,3,1,2000.0
750.869193021208,750.869193021208,657.8878797324641,664.9065664437201,1.1413330692861459,1.129285272421451,1.1413330692861459,1.4300794141753943,650.869193021208,750.869193021208,950.869193021208,3,2,100.0
950.869193021208,1085.962626577488,857.8878797324641,1085.962626577488,1.1083839922272134,1.0,1.1083839922272134,1.4281054937488191,650.869193021208,950.869193021208,1550.869193021208,3,2,300.0
1150.869193021208,1685.962626577488,1057.8878797324642,1685.962626577488,1.0878933534168653,1.0,1.0878933534168653,1.2757514070092304,650.869193021208,1150.869193021208,2150.869193021208,3,2,500.0
1650.869193021208,3185.9626265774878,1557.8878797324642,3185.9626265774878,1.059684213798949,1.0,1.059684213798949,1.1459234212496539,650.869193021208,1650.869193021208,3650.869193021208,3,2,1000.0
2650.869193021208,6185.962626577488,2557.887879732464,6185.962626577488,1.0363508166348827,1.0,1.0363508166348827,1.0751550881420278,650.869193021208,2650.869193021208,6650.869193021208,3,2,2000.0
690.3232609853148,690.3232609853148,591.9360508210957,593.5488406568766,1.1662125664212253,1.163043735746057,1.1662125664212253,1.5,590.3232609853148,690.3232609853148,890.3232609853148,3,3,100.0
890.3232609853148,1096.7744203284383,791.9360508210957,1096.7744203284383,1.124236306785389,1.0,1.124236306785389,1.35882386875783,590.3232609853148,890.3232609853148,1490.3232609853148,3,3,300.0
1090.3232609853148,1696.7744203284383,991.9360508210957,1696.7744203284383,1.099187049490516,1.0,1.099187049490516,1.2319393998058379,590.3232609853148,1090.3232609853148,2090.323260985315,3,3,500.0
1590.3232609853148,3196.7744203284383,1491.9360508210957,3196.7744203284383,1.065945996887783,1.0,1.065945996887783,1.123108104892945,590.3232609853148,1590.3232609853148,3590.323260985315,3,3,1000.0
2590.323260985315,6196.774420328438,2491.9360508210957,6196.774420328438,1.0394822371672823,1.0,1.0394822371672823,1.0635086601451627,590.3232609853148,2590.323260985315,6590.323260985315,3,3,2000.0
795.0140980188735,795.0140980188735,695.0140980188735,721.2605735141551,1.143881973452119,1.1022564205130103,1.143881973452119,1.379548715897398,695.0140980188735,795.0140980188735,995.0140980188735,3,4,100.0
995.0140980188735,1160.6302867570776,821.2605735141551,1160.6302867570776,1.2115692998158076,1.0,1.2115692998158076,1.374265445437849,695.0140980188735,995.0140980188735,1595.0140980188735,3,4,300.0
1195.0140980188735,1760.6302867570776,1021.2605735141551,1760.6302867570776,1.1701363285834416,1.0,1.1701363285834416,1.2467206287027424,695.0140980188735,1195.0140980188735,2195.0140980188735,3,4,500.0
1695.0140980188735,3260.6302867570776,1521.260573514155,3260.6302867570776,1.1142168064629079,1.0,1.1142168064629079,1.133220811027251,695.0140980188735,1695.0140980188735,3695.0140980188735,3,4,1000.0
2695.0140980188735,6260.630286757078,2521.260573514155,6260.630286757078,1.0689153379583212,1.0,1.0689153379583212,1.069383399332913,695.0140980188735,2695.0140980188735,6695.0140980188735,3,4,2000.0
696.892992965877,696.892992965877,597.4108274715643,597.9286619772513,1.1665222003346565,1.1655119369280058,1.1665222003346565,1.5000000000000002,596.892992965877,696.892992965877,896.892992965877,3,5,100.0
896.892992965877,1098.9643309886255,797.4108274715643,1098.9643309886255,1.1247564769213776,1.0,1.1247564769213776,1.3620942470619368,596.892992965877,896.892992965877,1496.892992965877,3,5,300.0
1096.892992965877,1698.9643309886255,997.4108274715643,1698.9643309886255,1.0997404106254791,1.0,1.0997404106254791,1.2342183733461298,596.892992965877,1096.892992965877,2096.892992965877,3,5,500.0
1596.892992965877,3198.964330988626,1497.4108274715643,3198.964330988626,1.0664361200474903,1.0,1.0664361200474903,1.1243929662242507,596.892992965877,1596.892992965877,3596.892992965877,3,5,1000.0
2596.892992965877,6198.964330988625,2497.410827471564,6198.964330988625,1.0398341211626085,1.0,1.0398341211626085,1.0641927652314447,596.892992965877,2596.892992965877,6596.892992965877,3,5,2000.0
741.8446719762869,741.8446719762869,641.8446719762869,658.4604799830621,1.155800934970906,1.126635074583929,1.155800934970906,1.4303738806017856,641.8446719762869,741.8446719762869,941.8446719762869,3,6,100.0
941.8446719762869,1083.3841919932247,758.4604799830621,1083.3841919932247,1.241784769059187,1.0,1.241784769059187,1.4231744226760228,641.8446719762869,941.8446719762869,1541.844671976287,3,6,300.0
1141.844671976287,1683.3841919932247,958.4604799830621,1683.3841919932247,1.1913320327995847,1.0,1.1913320327995847,1.2723445320228524,641.8446719762869,1141.844671976287,2141.844671976287,3,6,500.0
1641.844671976287,3183.3841919932247,1458.4604799830622,3183.3841919932247,1.1257381975789666,1.0,1.1257381975789666,1.1440166980586797,641.8446719762869,1641.844671976287,3641.844671976287,3,6,1000.0
2641.844671976287,6183.384191993225,2458.460479983062,6183.384191993225,1.0745931014496064,1.0,1.0745931014496064,1.0741439421759877,641.8446719762869,2641.844671976287,6641.844671976287,3,6,2000.0
753.0565550201572,753.0565550201572,659.762761445849,666.4689678715408,1.1414050610705246,1.1299199082369065,1.1414050610705246,1.4300088990847883,653.0565550201572,753.0565550201572,953.0565550201572,3,7,100.0
953.0565550201572,1086.5875871486164,859.762761445849,1179.8813807229244,1.1085110890560292,0.9209295145270061,1.1085110890560292,1.3162819418919764,653.0565550201572,953.0565550201572,1553.0565550201572,3,7,300.0
1153.0565550201572,1686.5875871486164,1059.762761445849,1779.8813807229244,1.088032715404178,0.9475842634319736,1.088032715404178,1.2096629462721062,653.0565550201572,1153.0565550201572,2153.0565550201572,3,7,500.0
1653.0565550201572,3186.5875871486164,1559.762761445849,3279.8813807229244,1.0598128099223423,0.9715557415818054,1.0598128099223423,1.113777033672779,653.0565550201572,1653.0565550201572,3653.0565550201572,3,7,1000.0
2653.0565550201572,6186.587587148617,2559.762761445849,6279.881380722924,1.0364462656381535,0.9851440197802641,1.0364462656381535,1.059423920878944,653.0565550201572,2653.0565550201572,6653.056555020157,3,7,2000.0
741.3802540046163,741.3802540046163,649.7545034325282,649.7545034325282,1.1410159530838908,1.1410159530838908,1.1410159530838908,1.4488245160772035,641.3802540046163,741.3802540046163,941.3802540046163,3,8,100.0
941.3802540046163,1083.251501144176,849.7545034325282,1083.251501144176,1.107826142964788,1.0,1.107826142964788,1.4229200258449173,641.3802540046163,941.3802540046163,1541.3802540046163,3,8,300.0
1141.3802540046163,1683.251501144176,1049.754503432528,1683.251501144176,1.0872830269100888,1.0,1.0872830269100888,1.2721689257660136,641.3802540046163,1141.3802540046163,2141.3802540046163,3,8,500.0
1641.3802540046163,3183.251501144176,1549.754503432528,3183.251501144176,1.0591227516159158,1.0,1.0591227516159158,1.143918491107527,641.3802540046163,1641.3802540046163,3641.3802540046163,3,8,1000.0
2641.3802540046163,6183.251501144176,2549.754503432528,6183.251501144176,1.0359351264793297,1.0,1.0359351264793297,1.074091883982993,641.3802540046163,2641.3802540046163,6641.380254004616,3,8,2000.0
732.9692029976286,732.9692029976286,632.9692029976286,632.9692029976286,1.1579855694817662,1.1579855694817662,1.1579855694817662,1.4739567084452985,632.9692029976286,732.9692029976286,932.9692029976286,3,9,100.0
932.9692029976286,1080.8483437136083,661.6966874272164,1171.2725155704122,1.4099650500369945,0.92279834909917,1.4099650500369945,1.3088066036033206,632.9692029976286,932.9692029976286,1532.9692029976286,3,9,300.0
1132.9692029976286,1680.8483437136083,861.6966874272164,1771.2725155704122,1.3148120673184385,0.9489495991938405,1.3148120673184385,1.2042016032246383,632.9692029976286,1132.9692029976286,2132.9692029976286,3,9,500.0
1632.9692029976286,3180.8483437136083,1361.6966874272164,3271.272515570412,1.1992165495261307,0.9723581048578472,1.1992165495261307,1.1105675805686117,632.9692029976286,1632.9692029976286,3632.9692029976286,3,9,1000.0
2632.9692029976286,6180.848343713608,2361.696687427216,6271.272515570412,1.1148634018138592,0.9855812083381328,1.1148634018138592,1.057675166647469,632.9692029976286,2632.9692029976286,6632.969202997629,3,9,2000.0
