ar_optimistic_parallel_ms,ar_optimistic_serial_ms,ar_probe_ms,ar_verified_parallel_ms,ar_verified_serial_ms,dllm_incremental_parallel_ms,dllm_incremental_serial_ms,dllm_saved_vs_ar_verified_parallel_ms,dllm_saved_vs_ar_verified_serial_ms,dllm_vs_ar_optimistic_parallel_speedup,dllm_vs_ar_optimistic_serial_speedup,dllm_vs_ar_verified_parallel_speedup,dllm_vs_ar_verified_serial_speedup,dllm_vs_no_spec_parallel_speedup,dllm_vs_no_spec_serial_speedup,generation_ms,no_spec_parallel_ms,no_spec_serial_ms,num_calls,request_index,tool_latency_ms
1612.9704379942268,1612.9704379942268,350.0,1962.9704379942268,1962.9704379942268,1512.9704379942268,1512.9704379942268,450.0,450.0,1.0660951446827818,1.0660951446827818,1.2974281510725176,1.2974281510725176,1.0660951446827818,1.198285434048345,1512.9704379942268,1612.9704379942268,1812.9704379942268,3,0,100.0
1812.9704379942268,1812.9704379942268,350.0,2162.970437994227,2162.970437994227,1596.8318039950516,1680.6931699958764,566.1386339991752,482.27726799835045,1.1353546650676836,1.0787039956845157,1.3545386762605647,1.2869514058889961,1.1353546650676836,1.4356995560350538,1512.9704379942268,1812.9704379942268,2412.970437994227,3,0,300.0
2012.9704379942268,2012.9704379942268,350.0,2362.970437994227,2362.970437994227,1796.8318039950516,2148.415901997526,566.1386339991752,214.5545359967009,1.1202887401695671,0.936955659340742,1.3150760314573853,1.099866387973211,1.1202887401695671,1.402414884004939,1512.9704379942268,2012.9704379942268,3012.970437994227,3,0,500.0
2512.970437994227,3432.2772679983505,350.0,2862.970437994227,3782.2772679983505,2296.831803995052,3648.415901997526,566.138633999175,133.86136600082455,1.0941029437258876,0.9407582249927048,1.2464867619015234,1.0366902704068182,1.0941029437258876,1.2369671000291806,1512.9704379942268,2512.970437994227,4512.970437994227,3,0,1000.0
3512.970437994227,6432.27726799835,350.0,3862.970437994227,6782.27726799835,3296.831803995052,6648.415901997526,566.138633999175,133.8613660008241,1.0655594967681583,0.967490205609093,1.171722025161592,1.0201343249240176,1.0655594967681583,1.1300391775636276,1512.9704379942268,3512.970437994227,7512.970437994227,3,0,2000.0
969.4117769482546,969.4117769482546,350.0,1319.4117769482546,1319.4117769482546,869.4117769482546,869.4117769482546,450.0,450.0,1.1150202960799687,1.1150202960799687,1.5175913323598593,1.5175913323598593,1.1150202960799687,1.3450608882399062,869.4117769482546,969.4117769482546,1169.4117769482546,3,1,100.0
1169.4117769482546,1189.803925649418,350.0,1519.4117769482546,1539.803925649418,879.6078512988363,1189.803925649418,639.8039256494183,350.0,1.3294694621262093,1.0,1.7273740504983879,1.294166116327918,1.3294694621262093,1.487145687456423,869.4117769482546,1169.4117769482546,1769.4117769482546,3,1,300.0
1369.4117769482546,1789.803925649418,350.0,1719.4117769482546,2139.803925649418,1079.6078512988363,1789.803925649418,639.8039256494183,350.0,1.2684344369122231,1.0,1.5926262252351109,1.1955521467934007,1.2684344369122231,1.3238387417708506,869.4117769482546,1369.4117769482546,2369.4117769482546,3,1,500.0
1869.4117769482546,3289.803925649418,350.0,2219.4117769482546,3639.803925649418,1579.6078512988363,3289.803925649418,639.8039256494183,350.0,1.1834657414567333,1.0,1.4050397224370201,1.1063893192147944,1.1834657414567333,1.1761830991749516,869.4117769482546,1869.4117769482546,3869.4117769482546,3,1,1000.0
2869.4117769482546,6289.803925649418,350.0,3219.4117769482546,6639.803925649418,2579.607851298836,6289.803925649418,639.8039256494185,350.0,1.1123441787880672,1.0,1.2480237162122438,1.0556456137802201,1.1123441787880672,1.0921503846781668,869.4117769482546,2869.4117769482546,6869.411776948255,3,1,2000.0
750.869193021208,750.869193021208,350.0,1100.869193021208,1100.869193021208,657.8878797324641,664.9065664437201,442.981313288744,435.962626577488,1.1413330692861459,1.129285272421451,1.6733386142770805,1.6556750204908517,1.1413330692861459,1.4300794141753943,650.869193021208,750.869193021208,950.869193021208,3,2,100.0
950.869193021208,1085.962626577488,350.0,1300.869193021208,1435.962626577488,857.8878797324641,1085.962626577488,442.981313288744,350.0,1.1083839922272134,1.0,1.516362713303386,1.322294700972406,1.1083839922272134,1.4281054937488191,650.869193021208,950.869193021208,1550.869193021208,3,2,300.0
1150.869193021208,1685.962626577488,350.0,1500.869193021208,2035.962626577488,1057.8878797324642,1685.962626577488,442.9813132887439,350.0,1.0878933534168653,1.0,1.4187412690660302,1.2075965353458051,1.0878933534168653,1.2757514070092304,650.869193021208,1150.869193021208,2150.869193021208,3,2,500.0
1650.869193021208,3185.9626265774878,350.0,2000.869193021208,3535.9626265774878,1557.8878797324642,3185.9626265774878,442.9813132887439,350.0,1.059684213798949,1.0,1.2843473648211559,1.1098569070083495,1.059684213798949,1.1459234212496539,650.869193021208,1650.869193021208,3650.869193021208,3,2,1000.0
2650.869193021208,6185.962626577488,350.0,3000.869193021208,6535.962626577488,2557.887879732464,6185.962626577488,442.9813132887439,350.0,1.0363508166348827,1.0,1.1731824591682558,1.0565797146100193,1.0363508166348827,1.0751550881420278,650.869193021208,2650.869193021208,6650.869193021208,3,2,2000.0
690.3232609853148,690.3232609853148,350.0,1040.3232609853148,1040.3232609853148,591.9360508210957,593.5488406568766,448.38721016421914,446.7744203284383,1.1662125664212253,1.163043735746057,1.7574926540497833,1.7527171981904572,1.1662125664212253,1.5,590.3232609853148,690.3232609853148,890.3232609853148,3,3,100.0
890.3232609853148,1096.7744203284383,350.0,1240.3232609853148,1446.7744203284383,791.9360508210957,1096.7744203284383,448.38721016421914,350.0,1.124236306785389,1.0,1.5661911838706193,1.3191175810748663,1.124236306785389,1.35882386875783,590.3232609853148,890.3232609853148,1490.3232609853148,3,3,300.0
1090.3232609853148,1696.7744203284383,350.0,1440.3232609853148,2046.7744203284383,991.9360508210957,1696.7744203284383,448.38721016421914,350.0,1.099187049490516,1.0,1.4520323762737097,1.2062737366893188,1.099187049490516,1.2319393998058379,590.3232609853148,1090.3232609853148,2090.323260985315,3,3,500.0
1590.3232609853148,3196.7744203284383,350.0,1940.3232609853148,3546.7744203284383,1491.9360508210957,3196.7744203284383,448.38721016421914,350.0,1.065945996887783,1.0,1.3005405023341627,1.1094853605479116,1.065945996887783,1.123108104892945,590.3232609853148,1590.3232609853148,3590.323260985315,3,3,1000.0
2590.323260985315,6196.774420328438,350.0,2940.323260985315,6546.774420328438,2491.9360508210957,6196.774420328438,448.38721016421914,350.0,1.0394822371672823,1.0,1.1799352796459104,1.0564809974124327,1.0394822371672823,1.0635086601451627,590.3232609853148,2590.323260985315,6590.323260985315,3,3,2000.0
795.0140980188735,795.0140980188735,350.0,1145.0140980188735,1145.0140980188735,695.0140980188735,721.2605735141551,450.0,423.75352450471837,1.143881973452119,1.1022564205130103,1.6474688805345357,1.5875179374356887,1.143881973452119,1.379548715897398,695.0140980188735,795.0140980188735,995.0140980188735,3,4,100.0
995.0140980188735,1160.6302867570776,350.0,1345.0140980188735,1510.6302867570776,821.2605735141551,1160.6302867570776,523.7535245047184,350.0,1.2115692998158076,1.0,1.6377434171271477,1.3015602849533907,1.2115692998158076,1.374265445437849,695.0140980188735,995.0140980188735,1595.0140980188735,3,4,300.0
1195.0140980188735,1760.6302867570776,350.0,1545.0140980188735,2110.6302867570776,1021.2605735141551,1760.6302867570776,523.7535245047184,350.0,1.1701363285834416,1.0,1.5128500385582142,1.1987924453149494,1.1701363285834416,1.2467206287027424,695.0140980188735,1195.0140980188735,2195.0140980188735,3,4,500.0
1695.0140980188735,3260.6302867570776,350.0,2045.0140980188735,3610.6302867570776,1521.260573514155,3260.6302867570776,523.7535245047184,350.0,1.1142168064629079,1.0,1.3442891596768547,1.107341209894759,1.1142168064629079,1.133220811027251,695.0140980188735,1695.0140980188735,3695.0140980188735,3,4,1000.0
2695.0140980188735,6260.630286757078,350.0,3045.0140980188735,6610.630286757078,2521.260573514155,6260.630286757078,523.7535245047184,350.0,1.0689153379583212,1.0,1.2077347855302025,1.0559049143566814,1.0689153379583212,1.069383399332913,695.0140980188735,2695.0140980188735,6695.0140980188735,3,4,2000.0
696.892992965877,696.892992965877,350.0,1046.892992965877,1046.892992965877,597.4108274715643,597.9286619772513,449.48216549431277,448.96433098862576,1.1665222003346565,1.1655119369280058,1.7523836944781643,1.7508660473039959,1.1665222003346565,1.5000000000000002,596.892992965877,696.892992965877,896.892992965877,3,5,100.0
896.892992965877,1098.9643309886255,350.0,1246.892992965877,1448.9643309886255,797.4108274715643,1098.9643309886255,449.48216549431277,350.0,1.1247564769213776,1.0,1.5636770282133412,1.3184816741824013,1.1247564769213776,1.3620942470619368,596.892992965877,896.892992965877,1496.892992965877,3,5,300.0
1096.892992965877,1698.9643309886255,350.0,1446.892992965877,2048.9643309886255,997.4108274715643,1698.9643309886255,449.48216549431277,350.0,1.0997404106254791,1.0,1.4506489734363017,1.2060078564429515,1.0997404106254791,1.2342183733461298,596.892992965877,1096.892992965877,2096.892992965877,3,5,500.0
1596.892992965877,3198.964330988626,350.0,1946.892992965877,3548.9643309886255,1497.4108274715643,3198.964330988626,449.48216549431277,349.99999999999955,1.0664361200474903,1.0,1.3001729099643822,1.1094104103035851,1.0664361200474903,1.1243929662242507,596.892992965877,1596.892992965877,3596.892992965877,3,5,1000.0
2596.892992965877,6198.964330988625,350.0,2946.892992965877,6548.964330988625,2497.410827471564,6198.964330988625,449.482165494313,350.0,1.0398341211626085,1.0,1.1799792651453263,1.0564610443474163,1.0398341211626085,1.0641927652314447,596.892992965877,2596.892992965877,6596.892992965877,3,5,2000.0
741.8446719762869,741.8446719762869,350.0,1091.844671976287,1091.844671976287,641.8446719762869,658.4604799830621,450.0,433.3841919932248,1.155800934970906,1.126635074583929,1.7011042073690772,1.658177985115178,1.155800934970906,1.4303738806017856,641.8446719762869,741.8446719762869,941.8446719762869,3,6,100.0
941.8446719762869,1083.3841919932247,350.0,1291.844671976287,1433.3841919932247,758.4604799830621,1083.3841919932247,533.3841919932248,350.0,1.241784769059187,1.0,1.7032458593032247,1.3230617564726188,1.241784769059187,1.4231744226760228,641.8446719762869,941.8446719762869,1541.844671976287,3,6,300.0
1141.844671976287,1683.3841919932247,350.0,1491.844671976287,2033.3841919932247,958.4604799830621,1683.3841919932247,533.3841919932248,350.0,1.1913320327995847,1.0,1.5565009754003116,1.207914510344534,1.1913320327995847,1.2723445320228524,641.8446719762869,1141.844671976287,2141.844671976287,3,6,500.0
1641.844671976287,3183.3841919932247,350.0,1991.844671976287,3533.3841919932247,1458.4604799830622,3183.3841919932247,533.3841919932247,350.0,1.1257381975789666,1.0,1.3657172746973707,1.1099458874239283,1.1257381975789666,1.1440166980586797,641.8446719762869,1641.844671976287,3641.844671976287,3,6,1000.0
2641.844671976287,6183.384191993225,350.0,2991.844671976287,6533.384191993225,2458.460479983062,6183.384191993225,533.3841919932247,350.0,1.0745931014496064,1.0,1.2169586195654036,1.0566033080158936,1.0745931014496064,1.0741439421759877,641.8446719762869,2641.844671976287,6641.844671976287,3,6,2000.0
753.0565550201572,753.0565550201572,350.0,1103.0565550201572,1103.0565550201572,659.762761445849,666.4689678715408,443.2937935743082,436.5875871486164,1.1414050610705246,1.1299199082369065,1.67189877858951,1.6550756422206996,1.1414050610705246,1.4300088990847883,653.0565550201572,753.0565550201572,953.0565550201572,3,7,100.0
953.0565550201572,1086.5875871486164,350.0,1303.0565550201572,1436.5875871486164,859.762761445849,1179.8813807229244,443.2937935743082,256.706206425692,1.1085110890560292,0.9209295145270061,1.515600132330491,1.217569503697402,1.1085110890560292,1.3162819418919764,653.0565550201572,953.0565550201572,1553.0565550201572,3,7,300.0
1153.0565550201572,1686.5875871486164,350.0,1503.0565550201572,2036.5875871486164,1059.762761445849,1779.8813807229244,443.2937935743082,256.706206425692,1.088032715404178,0.9475842634319736,1.4182953107066305,1.1442265811676884,1.088032715404178,1.2096629462721062,653.0565550201572,1153.0565550201572,2153.0565550201572,3,7,500.0
1653.0565550201572,3186.5875871486164,350.0,2003.0565550201572,3536.5875871486164,1559.762761445849,3279.8813807229244,443.2937935743082,256.706206425692,1.0598128099223423,0.9715557415818054,1.2842059090854236,1.0782669178021038,1.0598128099223423,1.113777033672779,653.0565550201572,1653.0565550201572,3653.0565550201572,3,7,1000.0
2653.0565550201572,6186.587587148617,350.0,3003.0565550201572,6536.587587148617,2559.762761445849,6279.881380722924,443.29379357430844,256.70620642569247,1.0364462656381535,0.9851440197802641,1.1731776867180925,1.0408775565751436,1.0364462656381535,1.059423920878944,653.0565550201572,2653.0565550201572,6653.056555020157,3,7,2000.0
741.3802540046163,741.3802540046163,350.0,1091.3802540046163,1091.3802540046163,649.7545034325282,649.7545034325282,441.6257505720881,441.6257505720881,1.1410159530838908,1.1410159530838908,1.679680938322188,1.679680938322188,1.1410159530838908,1.4488245160772035,641.3802540046163,741.3802540046163,941.3802540046163,3,8,100.0
941.3802540046163,1083.251501144176,350.0,1291.3802540046163,1433.251501144176,849.7545034325282,1083.251501144176,441.6257505720881,350.0,1.107826142964788,1.0,1.5197098088779402,1.323101329313013,1.107826142964788,1.4229200258449173,641.3802540046163,941.3802540046163,1541.3802540046163,3,8,300.0
1141.3802540046163,1683.251501144176,350.0,1491.3802540046163,2033.251501144176,1049.754503432528,1683.251501144176,441.62575057208824,350.0,1.0872830269100888,1.0,1.4206943138877168,1.2079309002618388,1.0872830269100888,1.2721689257660136,641.3802540046163,1141.3802540046163,2141.3802540046163,3,8,500.0
1641.3802540046163,3183.251501144176,350.0,1991.3802540046163,3533.251501144176,1549.754503432528,3183.251501144176,441.62575057208824,350.0,1.0591227516159158,1.0,1.284964973222493,1.109950470414982,1.0591227516159158,1.143918491107527,641.3802540046163,1641.3802540046163,3641.3802540046163,3,8,1000.0
2641.3802540046163,6183.251501144176,350.0,2991.3802540046163,6533.251501144176,2549.754503432528,6183.251501144176,441.62575057208824,350.0,1.0359351264793297,1.0,1.1732032436760336,1.0566045227070635,1.0359351264793297,1.074091883982993,641.3802540046163,2641.3802540046163,6641.380254004616,3,8,2000.0
732.9692029976286,732.9692029976286,350.0,1082.9692029976286,1082.9692029976286,632.9692029976286,632.9692029976286,450.0,450.0,1.1579855694817662,1.1579855694817662,1.7109350626679478,1.7109350626679478,1.1579855694817662,1.4739567084452985,632.9692029976286,732.9692029976286,932.9692029976286,3,9,100.0
932.9692029976286,1080.8483437136083,350.0,1282.9692029976286,1430.8483437136083,661.6966874272164,1171.2725155704122,621.2725155704122,259.5758281431961,1.4099650500369945,0.92279834909917,1.938908305535003,1.2216186452704239,1.4099650500369945,1.3088066036033206,632.9692029976286,932.9692029976286,1532.9692029976286,3,9,300.0
1132.9692029976286,1680.8483437136083,350.0,1482.9692029976286,2030.8483437136083,861.6966874272164,1771.2725155704122,621.2725155704122,259.5758281431961,1.3148120673184385,0.9489495991938405,1.7209874711545625,1.1465476519628621,1.3148120673184385,1.2042016032246383,632.9692029976286,1132.9692029976286,2132.9692029976286,3,9,500.0
1632.9692029976286,3180.8483437136083,350.0,1982.9692029976286,3530.8483437136083,1361.6966874272164,3271.272515570412,621.2725155704122,259.5758281431963,1.1992165495261307,0.9723581048578472,1.4562488264139364,1.0793501082247603,1.1992165495261307,1.1105675805686117,632.9692029976286,1632.9692029976286,3632.9692029976286,3,9,1000.0
2632.9692029976286,6180.848343713608,350.0,2982.9692029976286,6530.848343713608,2361.696687427216,6271.272515570412,621.2725155704125,259.5758281431963,1.1148634018138592,0.9855812083381328,1.2630619413906254,1.0413912531306393,1.1148634018138592,1.057675166647469,632.9692029976286,2632.9692029976286,6632.969202997629,3,9,2000.0
