ar_parallel_ms,ar_serial_ms,bias_strength,dllm_parallel_ms,dllm_serial_ms,dllm_vs_ar_parallel_speedup,dllm_vs_ar_serial_speedup,dllm_vs_no_spec_parallel_speedup,dllm_vs_no_spec_serial_speedup,generation_ms,no_spec_parallel_ms,no_spec_serial_ms,num_calls,prompt_format,request_index,tool_latency_ms
1776.0006850236095,1776.0006850236095,0.0,1676.0006850236095,1676.0006850236095,1.059665846734777,1.059665846734777,1.059665846734777,1.1789975402043311,1676.0006850236095,1776.0006850236095,1976.0006850236095,3,json_array,0,100.0
1976.0006850236095,1976.0006850236095,0.0,1823.6369863850996,1823.6369863850996,1.0835493575618538,1.0835493575618538,1.0835493575618538,1.4125622063247802,1676.0006850236095,1976.0006850236095,2576.0006850236095,3,json_array,0,300.0
2176.0006850236095,2176.0006850236095,0.0,2023.6369863850996,2261.81849319255,1.0752920111974644,0.9620580482354228,1.0752920111974644,1.404180173865629,1676.0006850236095,2176.0006850236095,3176.0006850236095,3,json_array,0,500.0
2676.0006850236095,3457.09109591553,0.0,2523.6369863850996,3761.81849319255,1.0603746495476587,0.9189946570180194,1.0603746495476587,1.2430160289459418,1676.0006850236095,2676.0006850236095,4676.00068502361,3,json_array,0,1000.0
3676.0006850236095,6457.09109591553,0.0,3523.6369863850996,6761.81849319255,1.0432404641077457,0.9549341057314976,1.0432404641077457,1.1351976828055073,1676.0006850236095,3676.0006850236095,7676.00068502361,3,json_array,0,2000.0
,,0.2,,,,,,,1052.4805210297927,1152.4805210297927,1352.4805210297927,3,json_array,0,100.0
,,0.2,,,,,,,1052.4805210297927,1352.4805210297927,1952.4805210297927,3,json_array,0,300.0
,,0.2,,,,,,,1052.4805210297927,1552.4805210297927,2552.4805210297927,3,json_array,0,500.0
,,0.2,,,,,,,1052.4805210297927,2052.4805210297927,4052.4805210297927,3,json_array,0,1000.0
,,0.2,,,,,,,1052.4805210297927,3052.4805210297927,7052.480521029793,3,json_array,0,2000.0
,,0.4,,,,,,,957.4260920053348,1057.4260920053348,1257.4260920053348,3,json_array,0,100.0
,,0.4,,,,,,,957.4260920053348,1257.4260920053348,1857.4260920053348,3,json_array,0,300.0
,,0.4,,,,,,,957.4260920053348,1457.4260920053348,2457.426092005335,3,json_array,0,500.0
,,0.4,,,,,,,957.4260920053348,1957.4260920053348,3957.426092005335,3,json_array,0,1000.0
,,0.4,,,,,,,957.4260920053348,2957.426092005335,6957.426092005335,3,json_array,0,2000.0
1077.75019001512,1077.75019001512,0.0,1077.75019001512,1077.75019001512,1.0,1.0,1.0907214119815098,1.276293172351317,1075.5252090166323,1175.5252090166323,1375.5252090166323,3,json_array,1,100.0
1277.75019001512,1382.2001520120962,0.0,1277.75019001512,1584.4251330105842,1.0,0.8723669697070268,1.0765212322139082,1.2468403636484322,1075.5252090166323,1375.5252090166323,1975.5252090166323,3,json_array,1,300.0
1477.75019001512,1891.100076006048,0.0,1477.75019001512,2184.4251330105844,1.0,0.8657197939302802,1.0661647818840827,1.179040274759626,1075.5252090166323,1575.5252090166323,2575.5252090166323,3,json_array,1,500.0
1977.75019001512,3391.100076006048,0.0,1977.75019001512,3684.4251330105844,1.0,0.920387836252529,1.049437496957472,1.1061495516632944,1075.5252090166323,2075.5252090166323,4075.5252090166323,3,json_array,1,1000.0
2977.75019001512,6391.100076006049,0.0,2977.75019001512,6684.425133010584,1.0,0.9561181326489888,1.0328351986440527,1.058509156468015,1075.5252090166323,3075.5252090166323,7075.525209016632,3,json_array,1,2000.0
726.969202014152,726.969202014152,0.2,626.969202014152,626.969202014152,1.1594974676248018,1.1594974676248018,1.1594974676248018,1.4784924028744053,626.969202014152,726.969202014152,926.969202014152,3,json_array,1,100.0
926.969202014152,1135.113450755307,0.2,770.226901510614,1213.484601007076,1.2035014619667606,0.9354164443564191,1.2035014619667606,1.2583342225743235,626.969202014152,926.969202014152,1526.969202014152,3,json_array,1,300.0
1126.969202014152,1735.113450755307,0.2,970.226901510614,1813.484601007076,1.1615522103741867,0.9567842207161575,1.1615522103741867,1.17286311713537,626.969202014152,1126.969202014152,2126.969202014152,3,json_array,1,500.0
1626.969202014152,3235.113450755307,0.2,1470.226901510614,3313.484601007076,1.1066109593985052,0.9763478151587156,1.1066109593985052,1.0946087393651378,626.969202014152,1626.969202014152,3626.969202014152,3,json_array,1,1000.0
2626.969202014152,6235.113450755307,0.2,2470.226901510614,6313.484601007076,1.0634525923135585,0.987586704458063,1.0634525923135585,1.049653182167748,626.969202014152,2626.969202014152,6626.969202014152,3,json_array,1,2000.0
773.9477799856104,773.9477799856104,0.4,699.0646933205426,699.0646933205426,1.1071189653555162,1.1071189653555162,1.1071189653555162,1.3932155196672555,673.9477799856104,773.9477799856104,973.9477799856104,3,json_array,1,100.0
973.9477799856104,1124.6492599952035,0.4,899.0646933205426,1199.5323466602713,1.083289987051432,0.937573099321951,1.083289987051432,1.3121345033902452,673.9477799856104,973.9477799856104,1573.9477799856104,3,json_array,1,300.0
1173.9477799856104,1724.6492599952035,0.4,1099.0646933205426,1799.5323466602713,1.0681334657733639,0.9583874739434152,1.0681334657733639,1.2080626302829243,673.9477799856104,1173.9477799856104,2173.9477799856104,3,json_array,1,500.0
1673.9477799856104,3224.6492599952035,0.4,1599.0646933205426,3299.5323466602713,1.046829304016193,0.9773049393678885,1.046829304016193,1.1134753031605573,673.9477799856104,1673.9477799856104,3673.9477799856104,3,json_array,1,1000.0
2673.9477799856104,6224.6492599952035,0.4,2599.0646933205426,6299.532346660271,1.028811551654529,0.9881129133808214,1.028811551654529,1.0594354330958928,673.9477799856104,2673.9477799856104,6673.94777998561,3,json_array,1,2000.0
983.5743209929205,983.5743209929205,0.0,909.9431275768438,909.9431275768438,1.0809184565327228,1.0809184565327228,1.0809184565327228,1.3007124128128202,883.5743209929205,983.5743209929205,1183.5743209929205,3,json_array,2,100.0
1183.5743209929205,1194.5247736643068,0.0,1109.9431275768438,1341.7871604964603,1.0663378073945315,0.8902490714118426,1.0663378073945315,1.329252785764472,883.5743209929205,1183.5743209929205,1783.5743209929205,3,json_array,2,300.0
1383.5743209929205,1794.5247736643068,0.0,1309.9431275768438,1941.7871604964603,1.056209458155852,0.9241614169523592,1.056209458155852,1.2275157491429225,883.5743209929205,1383.5743209929205,2383.5743209929205,3,json_array,2,500.0
1883.5743209929205,3294.524773664307,0.0,1809.9431275768438,3441.7871604964603,1.0406814956195085,0.9572133952609343,1.0406814956195085,1.128359814217197,883.5743209929205,1883.5743209929205,3883.5743209929205,3,json_array,2,1000.0
2883.5743209929205,6294.524773664307,0.0,2809.943127576844,6441.78716049646,1.0262038020248376,0.9771395137462436,1.0262038020248376,1.068581458761269,883.5743209929205,2883.5743209929205,6883.574320992921,3,json_array,2,2000.0
934.5257820328698,934.5257820328698,0.2,858.6598018480634,858.6598018480634,1.088353944159867,1.088353944159867,1.088353944159867,1.3212750609625252,834.5257820328698,934.5257820328698,1134.5257820328698,3,json_array,2,100.0
1134.5257820328698,1134.5257820328698,0.2,1058.6598018480634,1355.195881108838,1.0716622847607606,0.8371673776816579,1.0716622847607606,1.279907802415736,834.5257820328698,1134.5257820328698,1734.5257820328698,3,json_array,2,300.0
1334.5257820328698,1727.597940554419,0.2,1258.6598018480634,1955.195881108838,1.0602752070681958,0.8835932794491451,1.0602752070681958,1.1940112009180917,834.5257820328698,1334.5257820328698,2334.5257820328698,3,json_array,2,500.0
1834.5257820328698,3227.597940554419,0.2,1758.6598018480634,3455.195881108838,1.0431385195164429,0.93412878795127,1.0431385195164429,1.10978535341455,834.5257820328698,1834.5257820328698,3834.5257820328698,3,json_array,2,1000.0
2834.5257820328698,6227.5979405544185,0.2,2758.6598018480636,6455.195881108838,1.0275010279027457,0.9647419002077867,1.0275010279027457,1.0587634996536888,834.5257820328698,2834.5257820328698,6834.52578203287,3,json_array,2,2000.0
,,0.4,,,,,,,961.3629120285623,1061.3629120285623,1261.3629120285623,3,json_array,2,100.0
,,0.4,,,,,,,961.3629120285623,1261.3629120285623,1861.3629120285623,3,json_array,2,300.0
,,0.4,,,,,,,961.3629120285623,1461.3629120285623,2461.3629120285623,3,json_array,2,500.0
,,0.4,,,,,,,961.3629120285623,1961.3629120285623,3961.3629120285623,3,json_array,2,1000.0
,,0.4,,,,,,,961.3629120285623,2961.3629120285623,6961.362912028562,3,json_array,2,2000.0
966.7511889943853,966.7511889943853,0.0,866.7511889943853,866.7511889943853,1.115373363509338,1.115373363509338,1.115373363509338,1.3461200905280135,866.7511889943853,966.7511889943853,1166.7511889943853,3,json_array,3,100.0
1166.7511889943853,1188.9170629981284,0.0,1022.2926574953211,1333.3755944971927,1.1413083919168474,0.8916595353212996,1.1413083919168474,1.325021394036101,866.7511889943853,1166.7511889943853,1766.7511889943853,3,json_array,3,300.0
1366.7511889943853,1788.9170629981284,0.0,1222.2926574953212,1933.3755944971927,1.1181865329986382,0.9252817031981656,1.1181865329986382,1.224154890405503,866.7511889943853,1366.7511889943853,2366.7511889943853,3,json_array,3,500.0
1866.7511889943853,3288.917062998128,0.0,1722.2926574953212,3433.3755944971927,1.083875716981309,0.9579252174651111,1.083875716981309,1.1262243476046667,866.7511889943853,1866.7511889943853,3866.7511889943853,3,json_array,3,1000.0
2866.7511889943853,6288.917062998129,0.0,2722.2926574953212,6433.375594497193,1.0530650263120405,0.977545453490602,1.0530650263120405,1.0673636395281945,866.7511889943853,2866.7511889943853,6866.751188994385,3,json_array,3,2000.0
966.1070120288059,966.1070120288059,0.2,866.1070120288059,866.1070120288059,1.1154591737639392,1.1154591737639392,1.1154591737639392,1.3463775212918174,866.1070120288059,966.1070120288059,1166.107012028806,3,json_array,3,100.0
1166.107012028806,1188.7023373429352,0.2,1021.7558433573383,1333.053506014403,1.1412775562869806,0.8917138974390814,1.1412775562869806,1.3248583076827556,866.1070120288059,1166.107012028806,1766.107012028806,3,json_array,3,300.0
1366.107012028806,1788.7023373429352,0.2,1221.7558433573383,1933.053506014403,1.1181505858607528,0.9253247940513074,1.1181505858607528,1.2240256178460776,866.1070120288059,1366.107012028806,2366.107012028806,3,json_array,3,500.0
1866.107012028806,3288.702337342935,0.2,1721.7558433573383,3433.053506014403,1.0838395114083017,0.9579525432916856,1.0838395114083017,1.1261423701249433,866.1070120288059,1866.107012028806,3866.107012028806,3,json_array,3,1000.0
2866.107012028806,6288.702337342935,0.2,2721.7558433573386,6433.053506014403,1.0530360462066308,0.9775610184904399,1.0530360462066308,1.06731694452868,866.1070120288059,2866.107012028806,6866.107012028806,3,json_array,3,2000.0
1313.770066970028,1313.770066970028,0.4,1246.338396582804,1246.338396582804,1.0541038217005168,1.0541038217005168,1.0541038217005168,1.2145738838829525,1213.770066970028,1313.770066970028,1513.770066970028,3,json_array,3,100.0
1513.770066970028,1513.770066970028,0.4,1446.338396582804,1574.3167038722377,1.046622333021471,0.9615410058514355,1.046622333021471,1.3426587304644195,1213.770066970028,1513.770066970028,2113.770066970028,3,json_array,3,300.0
1713.770066970028,1904.5900223233425,0.4,1646.338396582804,2174.3167038722377,1.0409585723853536,0.8759487607906707,1.0409585723853536,1.2481024784186585,1213.770066970028,1713.770066970028,2713.770066970028,3,json_array,3,500.0
2213.770066970028,3404.5900223233425,0.4,2146.3383965828043,3674.3167038722377,1.0314170731393437,0.9265913356721157,1.0314170731393437,1.1468173286557686,1213.770066970028,2213.770066970028,4213.770066970028,3,json_array,3,1000.0
3213.770066970028,6404.590022323342,0.4,3146.3383965828043,6674.316703872238,1.0214317920985423,0.9595873714844235,1.0214317920985423,1.0808252570311527,1213.770066970028,3213.770066970028,7213.770066970028,3,json_array,3,2000.0
858.9995499680905,858.9995499680905,0.0,858.9995499680905,858.9995499680905,1.0,1.0,1.0803259548745647,1.3131549476341413,827.9995090560988,927.9995090560988,1127.9995090560988,3,json_array,4,100.0
1058.9995499680904,1175.9998363520328,0.0,1058.9995499680904,1382.9997136160578,1.0,0.850325437361955,1.065155796421337,1.2494576043967414,827.9995090560988,1127.9995090560988,1727.9995090560988,3,json_array,4,300.0
1258.9995499680904,1775.9998363520328,0.0,1258.9995499680904,1982.9997136160578,1.0,0.895612754836684,1.0548053882066575,1.1739787419388599,827.9995090560988,1327.9995090560988,2327.9995090560988,3,json_array,4,500.0
1758.9995499680904,3275.9998363520326,0.0,1758.9995499680904,3482.9997136160578,1.0,0.9405685058041198,1.0392268202054173,1.0990524903264667,827.9995090560988,1827.9995090560988,3827.9995090560988,3,json_array,4,1000.0
2758.9995499680904,6275.9998363520335,0.0,2758.9995499680904,6482.999713616058,1.0,0.9680703553280638,1.0250090505048493,1.0532160744532268,827.9995090560988,2827.9995090560988,6827.999509056099,3,json_array,4,2000.0
801.2391918000172,801.2391918000172,0.2,801.2391918000172,801.2391918000172,1.0,1.0,1.0875193324261454,1.3371326839032387,771.363110980019,871.363110980019,1071.363110980019,3,json_array,4,100.0
1001.2391918000172,1180.495676720007,0.2,1001.2391918000172,1320.7435150800102,1.0,0.8938114503242462,1.0700371297431273,1.2654713741893848,771.363110980019,1071.363110980019,1671.363110980019,3,json_array,4,300.0
1201.2391918000171,1780.495676720007,0.2,1201.2391918000171,1920.7435150800102,1.0,0.9269825266835998,1.0583763164394624,1.1825436832910008,771.363110980019,1271.363110980019,2271.363110980019,3,json_array,4,500.0
1701.2391918000171,3280.495676720007,0.2,1701.2391918000171,3420.74351508001,1.0,0.9590007734453827,1.0412193179642226,1.1024980663865434,771.363110980019,1771.363110980019,3771.363110980019,3,json_array,4,1000.0
2701.239191800017,6280.495676720007,0.2,2701.239191800017,6420.74351508001,1.0,0.9781570719916454,1.0259599073613594,1.054607320020887,771.363110980019,2771.363110980019,6771.363110980019,3,json_array,4,2000.0
858.6649674026726,858.6649674026726,0.4,821.8870480195619,821.8870480195619,1.0447481432779986,1.0447481432779986,1.1216712202010755,1.3650136606032264,821.8870480195619,921.8870480195619,1121.887048019562,3,json_array,4,100.0
1058.6649674026726,1216.110403084447,0.4,821.8870480195619,1152.8883224675574,1.2880905836801495,1.05483799201086,1.3650136606032264,1.4935419280977376,821.8870480195619,1121.887048019562,1721.887048019562,3,json_array,4,300.0
1258.6649674026726,1816.110403084447,0.4,942.5545643182256,1752.8883224675574,1.3353762371445284,1.0360673750897553,1.4024514845734342,1.324606375807798,821.8870480195619,1321.887048019562,2321.887048019562,3,json_array,4,500.0
1758.6649674026726,3316.110403084447,0.4,1442.5545643182256,3252.8883224675574,1.219132371768444,1.0194356751137805,1.2629588461221326,1.1749210760240232,821.8870480195619,1821.887048019562,3821.887048019562,3,json_array,4,1000.0
2758.6649674026726,6316.110403084447,0.4,2442.554564318226,6252.888322467557,1.1294179494297931,1.0101108603506836,1.1553015393157517,1.090997743156152,821.8870480195619,2821.887048019562,6821.887048019562,3,json_array,4,2000.0
969.5993790170178,969.5993790170178,0.0,869.5993790170178,869.5993790170178,1.114995482302481,1.114995482302481,1.114995482302481,1.3449864469074433,869.5993790170178,969.5993790170178,1169.5993790170178,3,json_array,5,100.0
1169.5993790170178,1189.8664596723393,0.0,1024.6661491808482,1262.333074590424,1.141444342581273,0.9425931108225163,1.141444342581273,1.4018482242423864,869.5993790170178,1169.5993790170178,1769.5993790170178,3,json_array,5,300.0
1369.5993790170178,1789.8664596723393,0.0,1224.6661491808482,1862.333074590424,1.1183450934224908,0.9610882629392048,1.1183450934224908,1.2723821594255662,869.5993790170178,1369.5993790170178,2369.599379017018,3,json_array,5,500.0
1869.5993790170178,3289.8664596723393,0.0,1724.6661491808482,3362.333074590424,1.0840355276324103,0.978447520423921,1.0840355276324103,1.1508673570325525,869.5993790170178,1869.5993790170178,3869.599379017018,3,json_array,5,1000.0
2869.599379017018,6289.866459672339,0.0,2724.666149180848,6362.333074590424,1.0531930232552502,0.9886100563946426,1.0531930232552502,1.0797296052375016,869.5993790170178,2869.599379017018,6869.599379017018,3,json_array,5,2000.0
968.6093440046534,968.6093440046534,0.2,868.6093440046534,868.6093440046534,1.1151265533697323,1.1151265533697323,1.1151265533697323,1.3453796601091972,868.6093440046534,968.6093440046534,1168.6093440046534,3,json_array,5,100.0
1168.6093440046534,1189.536448001551,0.2,1023.8411200038779,1261.920560001939,1.1413971574029251,0.9426397236920548,1.1413971574029251,1.4015219341556142,868.6093440046534,1168.6093440046534,1768.6093440046534,3,json_array,5,300.0
1368.6093440046534,1789.536448001551,0.2,1223.841120003878,1861.920560001939,1.1182900473227413,0.961123952570612,1.1182900473227413,1.272132332005715,868.6093440046534,1368.6093440046534,2368.6093440046534,3,json_array,5,500.0
1868.6093440046534,3289.536448001551,0.2,1723.841120003878,3361.920560001939,1.0839800271155209,0.9784694163028211,1.0839800271155209,1.1507140858802511,868.6093440046534,1868.6093440046534,3868.6093440046534,3,json_array,5,1000.0
2868.6093440046534,6289.5364480015505,0.2,2723.841120003878,6361.9205600019395,1.0531485566238052,0.9886222860977744,1.0531485566238052,1.0796439973155778,868.6093440046534,2868.6093440046534,6868.609344004653,3,json_array,5,2000.0
1005.8232450042851,1005.8232450042851,0.4,905.8232450042851,905.8232450042851,1.110396813673651,1.110396813673651,1.110396813673651,1.331190441020953,905.8232450042851,1005.8232450042851,1205.8232450042851,3,json_array,5,100.0
1205.8232450042851,1205.8232450042851,0.4,996.7871115417578,1248.393555770879,1.2097099080055373,0.9658999274949743,1.2097099080055373,1.4465175958788055,905.8232450042851,1205.8232450042851,1805.8232450042851,3,json_array,5,300.0
1405.8232450042851,1778.7148446167032,0.4,1196.787111541758,1848.393555770879,1.1746644256498024,0.9623030977701521,1.1746644256498024,1.3015752178387834,905.8232450042851,1405.8232450042851,2405.823245004285,3,json_array,5,500.0
1905.8232450042851,3278.714844616703,0.4,1696.787111541758,3348.393555770879,1.1231952624113168,0.9791904057890428,1.1231952624113168,1.1664767536876568,905.8232450042851,1905.8232450042851,3905.823245004285,3,json_array,5,1000.0
2905.823245004285,6278.714844616703,0.4,2696.787111541758,6348.393555770879,1.0775130274717981,0.989024197926287,1.0775130274717981,1.0878064165897035,905.8232450042851,2905.823245004285,6905.823245004285,3,json_array,5,2000.0
746.6601979103871,746.6601979103871,0.0,746.6601979103871,746.6601979103871,1.0,1.0,1.0962300298077192,1.3640894932687724,718.5113310115412,818.5113310115412,1018.5113310115412,3,json_array,6,100.0
946.6601979103871,1115.5533993034624,0.0,946.6601979103871,1259.2556655057706,1.0,0.8858831688125928,1.075899602898437,1.2852920779685182,718.5113310115412,1018.5113310115412,1618.5113310115412,3,json_array,6,300.0
1146.660197910387,1715.5533993034624,0.0,1146.660197910387,1859.2556655057706,1.0,0.9227097871108452,1.0626612253848977,1.193225532222887,718.5113310115412,1218.5113310115412,2218.511331011541,3,json_array,6,500.0
1646.660197910387,3215.5533993034624,0.0,1646.660197910387,3359.2556655057706,1.0,0.9572219918603092,1.0436344627703598,1.106945020349227,718.5113310115412,1718.5113310115412,3718.511331011541,3,json_array,6,1000.0
2646.660197910387,6215.553399303462,0.0,2646.660197910387,6359.255665505771,1.0,0.9774026594052845,1.0271478496400417,1.056493351486789,718.5113310115412,2718.511331011541,6718.511331011541,3,json_array,6,2000.0
746.4877651364077,746.4877651364077,0.2,746.4877651364077,746.4877651364077,1.0,1.0,1.0962265923955488,1.3641479292756697,718.319739040453,818.319739040453,1018.319739040453,3,json_array,6,100.0
946.4877651364077,1115.495921712136,0.2,946.4877651364077,1259.1598695202265,1.0,0.8859049186003439,1.0758931880051221,1.2852377034991402,718.319739040453,1018.319739040453,1618.319739040453,3,json_array,6,300.0
1146.4877651364077,1715.495921712136,0.2,1146.4877651364077,1859.1598695202265,1.0,0.922726415214005,1.062653938479229,1.1931839619649875,718.319739040453,1218.319739040453,2218.319739040453,3,json_array,6,500.0
1646.4877651364077,3215.495921712136,0.2,1646.4877651364077,3359.1598695202265,1.0,0.9572321790601144,1.043627396100386,1.106919552349714,718.319739040453,1718.319739040453,3718.319739040453,3,json_array,6,1000.0
2646.4877651364077,6215.495921712136,0.2,2646.4877651364077,6359.1598695202265,1.0,0.9774083446939777,1.0271423789863403,1.0564791382650558,718.319739040453,2718.319739040453,6718.319739040453,3,json_array,6,2000.0
687.1815644722018,687.1815644722018,0.4,687.1815644722018,687.1815644722018,1.0,1.0,1.1068097564802968,1.3978536527955485,660.579260031227,760.579260031227,960.579260031227,3,json_array,6,100.0
887.1815644722018,1120.1930866770756,0.4,887.1815644722018,1193.590782236101,1.0,0.9385068177038697,1.0827313128431504,1.307465911480651,660.579260031227,960.579260031227,1560.579260031227,3,json_array,6,300.0
1087.181564472202,1720.1930866770756,0.4,1087.181564472202,1793.590782236101,1.0,0.9590777917204062,1.0675119022963362,1.2046110413979687,660.579260031227,1160.579260031227,2160.579260031227,3,json_array,6,500.0
1587.181564472202,3220.1930866770754,0.4,1587.181564472202,3293.590782236101,1.0,0.9777149924165157,1.0462440449170871,1.111425037917421,660.579260031227,1660.579260031227,3660.579260031227,3,json_array,6,1000.0
2587.181564472202,6220.193086677076,0.4,2587.181564472202,6293.5907822361005,1.0,0.9883377076618658,1.0283697505296652,1.058311461690672,660.579260031227,2660.579260031227,6660.579260031227,3,json_array,6,2000.0
,,0.0,,,,,,,873.2613419997506,973.2613419997506,1173.2613419997506,3,json_array,7,100.0
,,0.0,,,,,,,873.2613419997506,1173.2613419997506,1773.2613419997506,3,json_array,7,300.0
,,0.0,,,,,,,873.2613419997506,1373.2613419997506,2373.2613419997506,3,json_array,7,500.0
,,0.0,,,,,,,873.2613419997506,1873.2613419997506,3873.2613419997506,3,json_array,7,1000.0
,,0.0,,,,,,,873.2613419997506,2873.2613419997506,6873.261341999751,3,json_array,7,2000.0
,,0.2,,,,,,,822.6209759595804,922.6209759595804,1122.6209759595804,3,json_array,7,100.0
,,0.2,,,,,,,822.6209759595804,1122.6209759595804,1722.6209759595804,3,json_array,7,300.0
,,0.2,,,,,,,822.6209759595804,1322.6209759595804,2322.6209759595804,3,json_array,7,500.0
,,0.2,,,,,,,822.6209759595804,1822.6209759595804,3822.6209759595804,3,json_array,7,1000.0
,,0.2,,,,,,,822.6209759595804,2822.6209759595804,6822.62097595958,3,json_array,7,2000.0
,,0.4,,,,,,,931.5984069835395,1031.5984069835395,1231.5984069835395,3,json_array,7,100.0
,,0.4,,,,,,,931.5984069835395,1231.5984069835395,1831.5984069835395,3,json_array,7,300.0
,,0.4,,,,,,,931.5984069835395,1431.5984069835395,2431.5984069835395,3,json_array,7,500.0
,,0.4,,,,,,,931.5984069835395,1931.5984069835395,3931.5984069835395,3,json_array,7,1000.0
,,0.4,,,,,,,931.5984069835395,2931.5984069835395,6931.5984069835395,3,json_array,7,2000.0
1048.8796329824254,1048.8796329824254,0.0,948.8796329824254,948.8796329824254,1.1053874448603032,1.1053874448603032,1.1053874448603032,1.3161623345809093,948.8796329824254,1048.8796329824254,1248.8796329824254,3,json_array,8,100.0
1248.8796329824254,1248.8796329824254,0.0,1045.54828305762,1306.6626998496108,1.1944734195633506,0.9557781309026148,1.1944734195633506,1.414963198379521,948.8796329824254,1248.8796329824254,1848.8796329824254,3,json_array,8,300.0
1448.8796329824254,1771.1084665664073,0.0,1245.54828305762,1906.6626998496108,1.163246461570851,0.9289049744908234,1.163246461570851,1.2843801020367065,948.8796329824254,1448.8796329824254,2448.8796329824254,3,json_array,8,500.0
1948.8796329824254,3271.1084665664075,0.0,1745.54828305762,3406.662699849611,1.1164856635008895,0.9602090828395815,1.1164856635008895,1.1591636686416742,948.8796329824254,1948.8796329824254,3948.8796329824254,3,json_array,8,1000.0
2948.8796329824254,6271.1084665664075,0.0,2745.54828305762,6406.66269984961,1.0740585591517489,0.9788416778541525,1.0740585591517489,1.0846332885833905,948.8796329824254,2948.8796329824254,6948.879632982425,3,json_array,8,2000.0
953.0704689910635,953.0704689910635,0.2,853.0704689910635,853.0704689910635,1.1172236100474457,1.1172236100474457,1.1172236100474457,1.351670830142337,853.0704689910635,953.0704689910635,1153.0704689910635,3,json_array,8,100.0
1153.0704689910635,1184.356822997021,0.2,1010.892057492553,1255.4460287462766,1.1406464819311906,0.9433753390257268,1.1406464819311906,1.3963726268199108,853.0704689910635,1153.0704689910635,1753.0704689910635,3,json_array,8,300.0
1353.0704689910635,1784.356822997021,0.2,1210.892057492553,1855.4460287462766,1.1174162557420069,0.9616861904642462,1.1174162557420069,1.2681966667502753,853.0704689910635,1353.0704689910635,2353.0704689910635,3,json_array,8,500.0
1853.0704689910635,3284.356822997021,0.2,1710.892057492553,3355.4460287462766,1.083101918017484,0.978813783580415,1.083101918017484,1.1483035149370941,853.0704689910635,1853.0704689910635,3853.0704689910635,3,json_array,8,1000.0
2853.0704689910635,6284.356822997021,0.2,2710.8920574925532,6355.446028746277,1.0524470943450321,0.9888144426956482,1.0524470943450321,1.0782989011304611,853.0704689910635,2853.0704689910635,6853.0704689910635,3,json_array,8,2000.0
,,0.4,,,,,,,853.875158005394,953.875158005394,1153.875158005394,3,json_array,8,100.0
,,0.4,,,,,,,853.875158005394,1153.875158005394,1753.875158005394,3,json_array,8,300.0
,,0.4,,,,,,,853.875158005394,1353.875158005394,2353.875158005394,3,json_array,8,500.0
,,0.4,,,,,,,853.875158005394,1853.875158005394,3853.875158005394,3,json_array,8,1000.0
,,0.4,,,,,,,853.875158005394,2853.875158005394,6853.875158005394,3,json_array,8,2000.0
825.0705509002066,825.0705509002066,0.0,825.0705509002066,825.0705509002066,1.0,1.0,1.08787982435067,1.3302833373372707,797.5776059902273,897.5776059902273,1097.5776059902273,3,json_array,9,100.0
1025.0705509002066,1190.0282203600827,0.0,1025.0705509002066,1335.0423305401239,1.0,0.8913786425623133,1.070733721719296,1.2715533935942174,797.5776059902273,1097.5776059902273,1697.5776059902273,3,json_array,9,300.0
1225.0705509002066,1790.0282203600827,0.0,1225.0705509002066,1935.0423305401239,1.0,0.9250589468295695,1.0591860240512199,1.1873526329260764,797.5776059902273,1297.5776059902273,2297.5776059902273,3,json_array,9,500.0
1725.0705509002066,3290.0282203600827,0.0,1725.0705509002066,3435.0423305401237,1.0,0.9577838942796263,1.0420313563710097,1.1055402643009349,797.5776059902273,1797.5776059902273,3797.5776059902273,3,json_array,9,1000.0
2725.0705509002064,6290.028220360083,0.0,2725.0705509002064,6435.042330540124,1.0,0.9774649329823648,1.0266074047389595,1.056337667544088,797.5776059902273,2797.5776059902273,6797.577605990227,3,json_array,9,2000.0
842.6200449699536,842.6200449699536,0.2,742.6200449699536,742.6200449699536,1.1346583635566234,1.1346583635566234,1.1346583635566234,1.40397509066987,742.6200449699536,842.6200449699536,1042.6200449699536,3,json_array,9,100.0
1042.6200449699536,1197.0480179879814,0.2,894.0960359759629,1271.3100224849768,1.1661163935615342,0.9415862353135245,1.1661163935615342,1.2920688234323776,742.6200449699536,1042.6200449699536,1642.6200449699536,3,json_array,9,300.0
1242.6200449699536,1797.0480179879814,0.2,1094.0960359759629,1871.3100224849768,1.1357504315071423,0.9603154989794902,1.1357504315071423,1.1984225051025492,742.6200449699536,1242.6200449699536,2242.6200449699536,3,json_array,9,500.0
1742.6200449699536,3297.0480179879814,0.2,1594.0960359759629,3371.310022484977,1.0931713056441164,0.9779723597053654,1.0931713056441164,1.1101382014731727,742.6200449699536,1742.6200449699536,3742.6200449699536,3,json_array,9,1000.0
2742.6200449699536,6297.048017987981,0.2,2594.096035975963,6371.310022484977,1.0572546301039747,0.9883443115725153,1.0572546301039747,1.0582784421374234,742.6200449699536,2742.6200449699536,6742.620044969954,3,json_array,9,2000.0
840.716329019051,840.716329019051,0.4,740.716329019051,740.716329019051,1.1350044491829043,1.1350044491829043,1.1350044491829043,1.4050133475487132,740.716329019051,840.716329019051,1040.716329019051,3,json_array,9,100.0
1040.716329019051,1196.2865316076204,0.4,892.5730632152408,1270.3581645095255,1.1659732652811257,0.941692323494844,1.1659732652811257,1.2915383825257798,740.716329019051,1040.716329019051,1640.716329019051,3,json_array,9,300.0
1240.716329019051,1796.2865316076204,0.4,1092.5730632152408,1870.3581645095255,1.1355911753561376,0.9603970863402361,1.1355911753561376,1.1980145682988192,740.716329019051,1240.716329019051,2240.716329019051,3,json_array,9,500.0
1740.716329019051,3296.2865316076204,0.4,1592.5730632152408,3370.3581645095255,1.093021330842256,0.9780226227343157,1.093021330842256,1.1098868863284215,740.716329019051,1740.716329019051,3740.716329019051,3,json_array,9,1000.0
2740.716329019051,6296.28653160762,0.4,2592.573063215241,6370.3581645095255,1.0571414043853742,0.9883724539517147,1.0571414043853742,1.0581377302414268,740.716329019051,2740.716329019051,6740.716329019051,3,json_array,9,2000.0
