ar_call_ready_spread_ms,ar_first_call_ms,ar_last_call_ms,dllm_call_ready_spread_ms,dllm_first_call_ms,dllm_last_call_ms,generation_ms,num_calls,request_index
1080.6931699958764,432.2772679983505,1512.9704379942268,648.4159019975258,648.4159019975258,1296.8318039950516,1512.9704379942268,3,0
579.6078512988364,289.80392564941815,869.4117769482546,289.80392564941815,289.80392564941815,579.6078512988363,869.4117769482546,3,1
464.90656644372007,185.962626577488,650.869193021208,371.9252531549761,185.962626577488,557.8878797324641,650.869193021208,3,2
393.54884065687656,196.77442032843828,590.3232609853148,295.1616304926574,196.77442032843828,491.9360508210957,590.3232609853148,3,3
434.3838112617959,260.63028675707756,695.0140980188735,260.63028675707756,260.63028675707756,521.2605735141551,695.0140980188735,3,4
397.9286619772514,198.96433098862568,596.892992965877,298.4464964829385,198.96433098862568,497.41082747156423,596.892992965877,3,5
458.4604799830621,183.38419199322482,641.8446719762869,275.0762879898373,183.38419199322482,458.4604799830621,641.8446719762869,3,6
466.46896787154094,186.58758714861634,653.0565550201572,279.8813807229245,279.8813807229245,559.762761445849,653.0565550201572,3,7
458.1287528604402,183.25150114417607,641.3802540046163,366.5030022883521,183.25150114417607,549.7545034325282,641.3802540046163,3,8
452.1208592840204,180.84834371360816,632.9692029976286,90.4241718568041,271.2725155704122,361.6966874272163,632.9692029976286,3,9
